review_id,order_id,customer_id,rating,review_comment,review_date
RV000001,O020021,C05534,5,Fast delivery,2025-08-22
RV000002,O006481,C02017,5,Highly recommended,2025-10-18
RV000003,O010872,C04459,3,Delivery was okay,2026-02-01
RV000004,O006844,C05759,4,Good service,2025-12-21
RV000005,O000411,C03733,4,Value for money,2025-05-29
RV000006,O033413,C02500,3,Average experience,2026-04-16
RV000007,O027861,C00971,5,Highly recommended,2025-03-04
RV000008,O013594,C08948,4,Value for money,2025-10-11
RV000009,O015098,C01206,5,Excellent quality,2025-03-30
RV000010,O005767,C01923,5,Fresh products,2025-11-11
RV000011,O037815,C04564,5,Highly recommended,2024-11-21
RV000012,O009848,C08247,5,Highly recommended,2026-04-12
RV000013,O017015,C02765,5,Highly recommended,2025-02-02
RV000014,O013463,C05497,5,Fresh products,2025-06-10
RV000015,O033551,C07307,4,Satisfied,2025-09-27
RV000016,O002191,C01609,2,Late delivery,2025-05-23
RV000017,O026243,C07717,5,Very satisfied,2026-03-08
RV000018,O036416,C03389,5,Highly recommended,2026-03-18
RV000019,O039055,C02112,2,Late delivery,2026-02-12
RV000020,O036118,C00845,4,Satisfied,2024-10-08
RV000021,O033628,C07537,4,Good service,2026-04-16
RV000022,O003762,C07182,4,Good service,2025-05-15
RV000023,O008622,C00644,2,Packaging issue,2025-07-21
RV000024,O002745,C09421,5,Very satisfied,2025-08-12
RV000025,O027658,C02172,5,Highly recommended,2025-10-03
RV000026,O002043,C00038,5,Excellent quality,2025-07-23
RV000027,O023354,C09484,3,Delivery was okay,2024-10-04
RV000028,O030738,C01962,4,Value for money,2025-04-21
RV000029,O015184,C09874,5,Very satisfied,2026-03-25
RV000030,O038814,C09911,5,Excellent quality,2024-12-25
RV000031,O006115,C00721,4,Satisfied,2026-01-25
RV000032,O018249,C09744,5,Very satisfied,2026-06-18
RV000033,O006120,C09792,4,Satisfied,2026-01-11
RV000034,O008843,C03561,2,Product quality below expectations,2025-03-02
RV000035,O030374,C03363,4,Nice packaging,2026-05-08
RV000036,O006003,C03297,5,Fast delivery,2025-08-23
RV000037,O038680,C04745,5,Very satisfied,2024-08-26
RV000038,O007487,C07776,5,Excellent quality,2025-01-18
RV000039,O016254,C04013,5,Highly recommended,2025-09-01
RV000040,O036948,C09209,5,Highly recommended,2026-02-05
RV000041,O006679,C00829,5,Fast delivery,2025-07-14
RV000042,O038828,C02519,4,Good service,2026-01-20
RV000043,O025992,C05487,4,Satisfied,2026-05-26
RV000044,O008509,C06397,4,Satisfied,2025-10-14
RV000045,O026958,C08984,5,Fast delivery,2026-06-14
RV000046,O039552,C02146,5,Excellent quality,2024-08-23
RV000047,O001031,C09531,5,Fresh products,2026-06-13
RV000048,O027981,C02175,5,Excellent quality,2025-05-11
RV000049,O036671,C04750,4,Value for money,2024-09-19
RV000050,O002594,C01328,5,Fast delivery,2026-05-28
RV000051,O035116,C05032,4,Satisfied,2026-04-23
RV000052,O019451,C07923,5,Fast delivery,2025-03-30
RV000053,O027625,C05563,5,Excellent quality,2024-10-04
RV000054,O027170,C00758,4,Good service,2026-04-08
RV000055,O012940,C08534,5,Fast delivery,2026-01-18
RV000056,O039017,C07472,4,Satisfied,2025-02-05
RV000057,O024400,C04987,5,Excellent quality,2024-09-29
RV000058,O016845,C01558,5,Highly recommended,2026-05-30
RV000059,O016010,C02347,5,Fresh products,2026-06-13
RV000060,O001869,C07088,5,Highly recommended,2024-11-06
RV000061,O002482,C09334,2,Late delivery,2025-04-26
RV000062,O008794,C02538,4,Value for money,2024-12-20
RV000063,O010971,C07887,5,Highly recommended,2025-05-29
RV000064,O018120,C05162,5,Fresh products,2025-05-25
RV000065,O029757,C02588,5,Highly recommended,2025-10-07
RV000066,O013329,C08384,5,Very satisfied,2026-02-05
RV000067,O010668,C07749,5,Fast delivery,2026-01-13
RV000068,O026600,C07307,5,Very satisfied,2024-09-20
RV000069,O028896,C04210,4,Satisfied,2024-11-29
RV000070,O007348,C02317,5,Highly recommended,2026-05-02
RV000071,O007979,C00887,1,Damaged product,2025-10-08
RV000072,O031459,C09290,5,Very satisfied,2024-11-11
RV000073,O014447,C06692,5,Fresh products,2024-09-02
RV000074,O012781,C00395,4,Value for money,2025-07-21
RV000075,O014259,C09847,5,Fast delivery,2025-04-05
RV000076,O025200,C02619,3,Average experience,2025-03-10
RV000077,O005474,C00583,4,Good service,2025-02-12
RV000078,O027212,C03568,5,Highly recommended,2025-08-15
RV000079,O013226,C05149,4,Nice packaging,2026-01-28
RV000080,O031543,C04418,2,Packaging issue,2024-12-17
RV000081,O017928,C07049,3,Delivery was okay,2024-08-28
RV000082,O038858,C02061,5,Excellent quality,2025-02-03
RV000083,O037272,C03657,4,Nice packaging,2026-07-14
RV000084,O026612,C07388,5,Highly recommended,2025-08-03
RV000085,O009946,C06139,1,Wrong item received,2025-11-27
RV000086,O000607,C02800,1,Wrong item received,2024-09-05
RV000087,O025786,C09665,4,Satisfied,2026-01-17
RV000088,O001301,C09852,5,Highly recommended,2024-08-04
RV000089,O000977,C02046,5,Very satisfied,2024-09-30
RV000090,O003546,C08105,4,Nice packaging,2026-06-16
RV000091,O036981,C02043,5,Fresh products,2025-12-05
RV000092,O021538,C06497,2,Packaging issue,2025-09-01
RV000093,O019289,C09674,4,Satisfied,2025-06-16
RV000094,O028964,C04260,5,Highly recommended,2025-08-01
RV000095,O037902,C06061,5,Fast delivery,2025-02-22
RV000096,O011959,C04497,5,Excellent quality,2026-05-24
RV000097,O029896,C01583,5,Fresh products,2025-11-10
RV000098,O011284,C00867,4,Nice packaging,2025-11-05
RV000099,O008089,C04500,5,Fresh products,2025-05-26
RV000100,O009338,C01672,5,Highly recommended,2025-05-31
RV000101,O005520,C09669,5,Excellent quality,2025-10-28
RV000102,O022159,C08987,5,Fresh products,2024-09-13
RV000103,O016026,C06480,5,Highly recommended,2026-07-27
RV000104,O000302,C09306,3,Could be better,2024-08-30
RV000105,O029609,C08077,4,Nice packaging,2026-05-12
RV000106,O035241,C06250,5,Very satisfied,2026-01-16
RV000107,O015650,C00193,4,Satisfied,2025-02-03
RV000108,O005823,C05805,5,Fast delivery,2025-01-29
RV000109,O005995,C01146,5,Excellent quality,2025-07-20
RV000110,O025561,C05876,3,Average experience,2025-10-31
RV000111,O022608,C06646,4,Satisfied,2025-12-17
RV000112,O016153,C02773,5,Highly recommended,2026-04-10
RV000113,O005762,C09852,4,Good service,2025-07-30
RV000114,O030955,C04004,5,Fresh products,2025-01-19
RV000115,O018088,C03335,4,Value for money,2025-01-22
RV000116,O023910,C08517,5,Fast delivery,2025-09-10
RV000117,O019816,C06725,5,Fresh products,2025-12-14
RV000118,O022223,C06319,5,Very satisfied,2025-09-15
RV000119,O030487,C08324,5,Very satisfied,2024-12-03
RV000120,O002218,C04356,2,Product quality below expectations,2026-03-10
RV000121,O014649,C00739,2,Late delivery,2025-09-14
RV000122,O005439,C02447,2,Late delivery,2025-10-26
RV000123,O034594,C03743,4,Value for money,2025-06-27
RV000124,O010970,C04156,2,Packaging issue,2025-06-23
RV000125,O026784,C00467,5,Excellent quality,2025-01-11
RV000126,O035710,C01719,2,Packaging issue,2026-07-20
RV000127,O021390,C00658,1,Wrong item received,2026-02-21
RV000128,O035689,C00168,4,Satisfied,2026-08-04
RV000129,O027359,C07462,4,Nice packaging,2025-05-19
RV000130,O022124,C03717,5,Fresh products,2024-09-18
RV000131,O020863,C05096,4,Good service,2025-12-15
RV000132,O015195,C01051,5,Fresh products,2026-06-20
RV000133,O013509,C05366,5,Very satisfied,2026-03-03
RV000134,O014603,C07518,5,Excellent quality,2025-08-17
RV000135,O026595,C09971,4,Value for money,2025-07-26
RV000136,O026204,C07646,2,Packaging issue,2025-08-11
RV000137,O030000,C09279,5,Very satisfied,2025-04-23
RV000138,O038256,C08383,3,Average experience,2025-12-27
RV000139,O035121,C03184,5,Fresh products,2025-07-13
RV000140,O014845,C07882,5,Fresh products,2025-12-09
RV000141,O025471,C04505,5,Very satisfied,2025-07-07
RV000142,O009449,C09610,5,Fresh products,2025-03-08
RV000143,O015942,C02003,5,Very satisfied,2025-10-03
RV000144,O035448,C03040,5,Highly recommended,2026-08-03
RV000145,O001565,C09317,2,Packaging issue,2026-01-12
RV000146,O005546,C04454,2,Late delivery,2026-02-11
RV000147,O009967,C09050,5,Very satisfied,2024-08-14
RV000148,O018087,C07597,5,Highly recommended,2025-08-07
RV000149,O006031,C01211,2,Packaging issue,2025-12-06
RV000150,O009826,C03067,3,Delivery was okay,2025-02-25
RV000151,O036065,C07304,4,Good service,2026-03-14
RV000152,O028419,C09622,2,Late delivery,2024-12-14
RV000153,O029083,C03479,5,Fresh products,2024-10-02
RV000154,O039404,C06428,1,Wrong item received,2025-05-12
RV000155,O013375,C07117,2,Late delivery,2026-07-03
RV000156,O002352,C00392,5,Fast delivery,2025-05-16
RV000157,O035384,C02819,5,Fresh products,2024-12-10
RV000158,O022292,C00459,4,Satisfied,2025-06-10
RV000159,O019615,C07043,4,Value for money,2026-01-28
RV000160,O038930,C03176,4,Nice packaging,2025-06-06
RV000161,O027473,C07871,5,Very satisfied,2026-06-08
RV000162,O001656,C04994,5,Very satisfied,2025-12-09
RV000163,O030582,C03630,5,Fast delivery,2025-07-13
RV000164,O037400,C07711,5,Highly recommended,2026-05-26
RV000165,O021849,C09313,5,Excellent quality,2025-10-19
RV000166,O015135,C01065,5,Excellent quality,2025-09-30
RV000167,O031135,C05707,4,Satisfied,2025-11-26
RV000168,O002099,C07320,3,Could be better,2026-02-02
RV000169,O009694,C09116,5,Highly recommended,2025-10-13
RV000170,O020688,C09935,4,Value for money,2024-12-09
RV000171,O036326,C06259,5,Highly recommended,2026-02-15
RV000172,O036096,C01400,5,Fast delivery,2025-05-12
RV000173,O038034,C02839,5,Very satisfied,2026-06-13
RV000174,O020103,C03976,3,Delivery was okay,2025-12-30
RV000175,O023754,C09256,5,Fresh products,2024-12-26
RV000176,O014294,C08192,4,Nice packaging,2026-06-09
RV000177,O007258,C09973,5,Fast delivery,2026-01-02
RV000178,O029997,C08309,5,Highly recommended,2025-08-05
RV000179,O037212,C05663,5,Fresh products,2025-03-06
RV000180,O016230,C00659,3,Could be better,2024-09-17
RV000181,O004586,C00692,5,Fast delivery,2026-06-23
RV000182,O010089,C04168,5,Fresh products,2026-06-30
RV000183,O014494,C06073,3,Could be better,2026-01-22
RV000184,O026198,C00651,3,Delivery was okay,2024-10-26
RV000185,O024665,C07232,4,Nice packaging,2025-12-04
RV000186,O001514,C07893,1,Very disappointed,2026-02-17
RV000187,O022166,C06756,5,Highly recommended,2025-12-06
RV000188,O003462,C08561,1,Very disappointed,2026-03-26
RV000189,O019528,C02909,5,Excellent quality,2024-09-28
RV000190,O009430,C06047,5,Very satisfied,2026-01-27
RV000191,O019743,C04519,4,Nice packaging,2024-12-17
RV000192,O021174,C03106,4,Nice packaging,2026-02-19
RV000193,O038773,C07892,3,Could be better,2025-11-14
RV000194,O032673,C01840,5,Fresh products,2025-01-21
RV000195,O004498,C04284,5,Excellent quality,2026-07-14
RV000196,O035417,C09825,5,Highly recommended,2025-08-12
RV000197,O025513,C02771,5,Highly recommended,2025-04-09
RV000198,O011638,C01281,5,Fresh products,2026-03-06
RV000199,O029272,C03475,4,Nice packaging,2025-07-09
RV000200,O008998,C04137,4,Good service,2026-03-25
RV000201,O034707,C00247,5,Excellent quality,2026-01-29
RV000202,O028623,C00453,5,Fast delivery,2025-03-15
RV000203,O003932,C08554,4,Nice packaging,2025-09-24
RV000204,O009954,C05831,5,Excellent quality,2026-01-24
RV000205,O031250,C09355,5,Excellent quality,2025-06-15
RV000206,O021579,C02426,5,Very satisfied,2025-08-24
RV000207,O011768,C04829,5,Fast delivery,2025-02-06
RV000208,O036929,C03449,4,Satisfied,2025-09-29
RV000209,O022538,C07717,5,Fast delivery,2026-06-07
RV000210,O007651,C05309,5,Very satisfied,2024-09-04
RV000211,O033880,C01355,4,Value for money,2025-06-27
RV000212,O025516,C08549,5,Fast delivery,2026-05-12
RV000213,O025529,C01844,3,Could be better,2026-04-30
RV000214,O012028,C07144,4,Value for money,2024-11-19
RV000215,O017878,C05328,5,Fresh products,2026-05-26
RV000216,O004108,C04273,4,Nice packaging,2025-04-18
RV000217,O015883,C00168,5,Fresh products,2026-03-17
RV000218,O020292,C01562,1,Very disappointed,2026-04-06
RV000219,O009781,C06519,5,Fast delivery,2025-09-06
RV000220,O036597,C04749,1,Damaged product,2026-01-03
RV000221,O034451,C04428,3,Average experience,2026-06-17
RV000222,O019508,C01699,1,Damaged product,2026-02-27
RV000223,O010663,C01728,5,Highly recommended,2025-03-09
RV000224,O027268,C01999,4,Good service,2025-10-05
RV000225,O026457,C03101,5,Fast delivery,2024-12-22
RV000226,O013457,C05242,5,Highly recommended,2025-09-04
RV000227,O013299,C03674,5,Fast delivery,2026-03-18
RV000228,O017815,C09874,5,Fast delivery,2026-01-26
RV000229,O001567,C02112,5,Highly recommended,2026-03-07
RV000230,O004452,C02836,5,Fast delivery,2025-02-03
RV000231,O006657,C07243,5,Highly recommended,2026-07-02
RV000232,O021821,C09465,4,Good service,2026-03-12
RV000233,O017466,C09092,3,Could be better,2024-12-31
RV000234,O027178,C05468,5,Very satisfied,2024-12-21
RV000235,O001960,C06200,4,Value for money,2024-08-18
RV000236,O011144,C08249,5,Excellent quality,2024-10-09
RV000237,O027003,C01162,5,Fast delivery,2025-11-15
RV000238,O028877,C06324,4,Value for money,2024-12-27
RV000239,O029141,C02224,5,Excellent quality,2025-02-07
RV000240,O037528,C00577,4,Satisfied,2024-11-04
RV000241,O004266,C01789,5,Very satisfied,2026-03-01
RV000242,O037142,C07836,5,Excellent quality,2026-04-21
RV000243,O017065,C04957,5,Excellent quality,2025-04-01
RV000244,O022860,C01632,3,Could be better,2026-07-11
RV000245,O037230,C01399,5,Highly recommended,2025-03-31
RV000246,O002242,C02434,5,Excellent quality,2025-07-24
RV000247,O022877,C09014,4,Satisfied,2024-12-26
RV000248,O024846,C06237,5,Fresh products,2026-06-18
RV000249,O023335,C01650,4,Value for money,2025-05-19
RV000250,O006541,C01573,4,Good service,2025-08-10
RV000251,O012364,C08803,5,Very satisfied,2024-08-15
RV000252,O034586,C04382,5,Excellent quality,2024-12-19
RV000253,O023397,C07567,5,Highly recommended,2024-11-22
RV000254,O019869,C03636,3,Delivery was okay,2025-02-23
RV000255,O013731,C07701,5,Very satisfied,2025-10-22
RV000256,O003468,C00462,5,Very satisfied,2025-04-29
RV000257,O035284,C00261,5,Excellent quality,2026-02-12
RV000258,O005466,C06615,5,Fresh products,2025-01-26
RV000259,O021801,C09784,1,Wrong item received,2024-10-12
RV000260,O011577,C03927,4,Value for money,2026-05-14
RV000261,O009197,C08627,4,Nice packaging,2026-04-15
RV000262,O038233,C08867,5,Fast delivery,2026-02-19
RV000263,O027503,C07380,5,Highly recommended,2025-07-17
RV000264,O039028,C02737,5,Highly recommended,2026-04-09
RV000265,O027825,C05106,5,Very satisfied,2025-01-12
RV000266,O005182,C06235,5,Fast delivery,2025-02-05
RV000267,O025345,C07814,5,Very satisfied,2025-08-29
RV000268,O008831,C08817,3,Could be better,2025-10-02
RV000269,O004794,C06396,5,Highly recommended,2025-08-12
RV000270,O033785,C02854,5,Highly recommended,2026-05-22
RV000271,O038244,C08875,4,Satisfied,2026-01-26
RV000272,O026223,C09971,5,Highly recommended,2025-07-18
RV000273,O000724,C08920,5,Fresh products,2025-08-25
RV000274,O019197,C09138,5,Excellent quality,2025-05-23
RV000275,O031876,C08930,5,Very satisfied,2026-03-02
RV000276,O007267,C01331,5,Fresh products,2025-10-16
RV000277,O003784,C07066,4,Satisfied,2026-05-17
RV000278,O003031,C04282,5,Fresh products,2026-02-12
RV000279,O012902,C04487,5,Highly recommended,2026-05-27
RV000280,O008350,C00607,5,Fast delivery,2025-05-27
RV000281,O025857,C06039,5,Highly recommended,2025-08-17
RV000282,O033384,C01859,5,Highly recommended,2024-12-07
RV000283,O039539,C01675,5,Highly recommended,2025-08-06
RV000284,O010326,C07005,4,Good service,2024-07-31
RV000285,O020306,C07099,4,Value for money,2025-03-18
RV000286,O002504,C02408,5,Excellent quality,2024-09-03
RV000287,O037575,C02111,5,Fast delivery,2024-09-07
RV000288,O006629,C01033,5,Highly recommended,2025-06-22
RV000289,O015501,C04587,1,Wrong item received,2025-11-21
RV000290,O026262,C07841,5,Fresh products,2025-05-18
RV000291,O031878,C03383,2,Product quality below expectations,2026-05-18
RV000292,O030772,C02766,1,Wrong item received,2025-09-08
RV000293,O004580,C05531,5,Excellent quality,2025-02-05
RV000294,O035878,C07870,4,Value for money,2026-05-25
RV000295,O021450,C04276,5,Very satisfied,2024-11-28
RV000296,O004022,C06858,4,Value for money,2026-06-29
RV000297,O004033,C00894,2,Late delivery,2024-09-18
RV000298,O012943,C08202,5,Highly recommended,2025-10-29
RV000299,O023765,C02670,4,Good service,2025-11-08
RV000300,O014578,C02851,5,Fast delivery,2026-01-03
RV000301,O034912,C00402,5,Highly recommended,2025-05-31
RV000302,O016293,C08880,5,Very satisfied,2026-04-09
RV000303,O020771,C01399,5,Excellent quality,2025-07-12
RV000304,O030922,C01109,5,Fresh products,2026-03-26
RV000305,O021769,C03873,5,Excellent quality,2026-05-12
RV000306,O021081,C01303,5,Fresh products,2025-12-09
RV000307,O030459,C08454,5,Fast delivery,2026-01-30
RV000308,O016543,C06578,5,Very satisfied,2025-02-07
RV000309,O005652,C02305,5,Fast delivery,2026-01-24
RV000310,O005598,C09584,5,Very satisfied,2025-01-23
RV000311,O006079,C05972,5,Fresh products,2025-08-06
RV000312,O036102,C06901,5,Excellent quality,2026-01-21
RV000313,O017324,C06942,4,Nice packaging,2026-06-26
RV000314,O027243,C03769,4,Nice packaging,2026-06-21
RV000315,O017115,C00537,5,Very satisfied,2025-07-28
RV000316,O023199,C09256,5,Highly recommended,2024-12-27
RV000317,O024926,C03894,5,Fresh products,2025-04-09
RV000318,O027109,C08345,5,Fast delivery,2025-09-02
RV000319,O015097,C04486,5,Excellent quality,2026-05-02
RV000320,O009169,C05233,3,Average experience,2025-05-07
RV000321,O033577,C09024,5,Excellent quality,2024-11-24
RV000322,O018728,C06765,5,Fresh products,2026-04-15
RV000323,O014518,C03569,5,Very satisfied,2026-02-06
RV000324,O024864,C09390,4,Value for money,2025-12-21
RV000325,O004680,C08369,4,Satisfied,2025-12-18
RV000326,O028437,C01609,5,Very satisfied,2025-07-27
RV000327,O008750,C09944,5,Highly recommended,2025-03-01
RV000328,O015071,C08374,2,Late delivery,2026-05-07
RV000329,O001440,C03720,5,Very satisfied,2024-09-11
RV000330,O008159,C06255,5,Highly recommended,2025-03-28
RV000331,O025824,C08669,5,Highly recommended,2026-07-21
RV000332,O019085,C01495,5,Very satisfied,2025-08-07
RV000333,O027543,C09473,4,Nice packaging,2026-03-16
RV000334,O036627,C09847,5,Fresh products,2026-01-30
RV000335,O005733,C06468,5,Excellent quality,2026-07-07
RV000336,O003093,C02321,3,Average experience,2026-07-22
RV000337,O011681,C02744,5,Highly recommended,2025-10-26
RV000338,O039939,C06484,5,Highly recommended,2024-12-06
RV000339,O038961,C08569,5,Fresh products,2024-12-09
RV000340,O014869,C08449,5,Fresh products,2026-04-22
RV000341,O035156,C02582,5,Excellent quality,2024-09-07
RV000342,O011426,C02447,5,Fresh products,2025-03-05
RV000343,O011354,C03099,4,Good service,2025-09-03
RV000344,O018174,C02092,4,Good service,2025-12-12
RV000345,O027008,C01016,4,Satisfied,2026-03-14
RV000346,O029948,C02484,5,Excellent quality,2026-05-09
RV000347,O007628,C06422,4,Satisfied,2026-07-01
RV000348,O010854,C01828,5,Very satisfied,2026-01-28
RV000349,O017635,C06859,4,Satisfied,2024-08-04
RV000350,O001488,C01207,5,Very satisfied,2025-08-26
RV000351,O027939,C01498,2,Packaging issue,2024-12-31
RV000352,O033366,C05112,5,Highly recommended,2025-07-25
RV000353,O005500,C01664,5,Fresh products,2025-07-26
RV000354,O031291,C07432,5,Highly recommended,2025-03-28
RV000355,O004574,C09339,3,Delivery was okay,2026-01-06
RV000356,O033063,C09234,1,Very disappointed,2024-11-06
RV000357,O003466,C00092,5,Highly recommended,2025-02-08
RV000358,O019577,C09843,5,Fresh products,2024-12-14
RV000359,O035114,C01269,5,Fresh products,2025-02-25
RV000360,O016979,C03905,4,Value for money,2025-05-15
RV000361,O026735,C09860,4,Nice packaging,2024-10-01
RV000362,O014725,C04119,4,Nice packaging,2024-08-21
RV000363,O035652,C02240,5,Highly recommended,2024-11-10
RV000364,O001974,C07805,5,Very satisfied,2024-09-18
RV000365,O020959,C00296,5,Highly recommended,2024-11-04
RV000366,O033888,C04371,5,Excellent quality,2024-12-19
RV000367,O022761,C01576,5,Excellent quality,2025-09-20
RV000368,O009213,C04750,2,Product quality below expectations,2025-12-10
RV000369,O038469,C00005,5,Very satisfied,2025-12-27
RV000370,O020829,C00101,5,Highly recommended,2025-01-24
RV000371,O018768,C09433,3,Could be better,2026-06-13
RV000372,O038419,C05762,4,Satisfied,2024-10-20
RV000373,O009160,C02875,4,Nice packaging,2026-01-15
RV000374,O037026,C03705,5,Fast delivery,2025-09-30
RV000375,O033622,C09912,1,Wrong item received,2025-08-27
RV000376,O014242,C02195,5,Highly recommended,2026-03-25
RV000377,O003266,C06738,5,Excellent quality,2025-08-05
RV000378,O030367,C05352,1,Damaged product,2026-07-25
RV000379,O024897,C09893,3,Could be better,2025-10-05
RV000380,O035694,C09830,5,Excellent quality,2026-02-08
RV000381,O005679,C04734,5,Very satisfied,2025-07-02
RV000382,O010635,C06535,4,Good service,2026-01-04
RV000383,O004542,C01907,4,Satisfied,2024-08-29
RV000384,O013735,C00336,1,Wrong item received,2026-06-08
RV000385,O031092,C01675,5,Fresh products,2025-06-11
RV000386,O020324,C09338,4,Good service,2024-08-28
RV000387,O039487,C08568,4,Value for money,2026-07-22
RV000388,O026276,C01361,2,Late delivery,2025-11-21
RV000389,O038726,C07677,4,Good service,2025-06-26
RV000390,O017903,C06262,5,Fresh products,2025-02-07
RV000391,O006731,C02134,4,Value for money,2026-01-07
RV000392,O039197,C06508,3,Could be better,2025-02-23
RV000393,O013483,C00809,4,Value for money,2025-12-02
RV000394,O023227,C00245,4,Nice packaging,2025-12-17
RV000395,O012225,C06644,5,Very satisfied,2024-09-29
RV000396,O026637,C05235,5,Fresh products,2025-11-18
RV000397,O026723,C05355,5,Fast delivery,2025-11-04
RV000398,O028147,C00505,1,Wrong item received,2025-12-11
RV000399,O031514,C09210,5,Excellent quality,2026-01-30
RV000400,O031000,C07068,3,Could be better,2025-10-08
RV000401,O017120,C01017,5,Very satisfied,2024-08-24
RV000402,O019814,C03337,5,Excellent quality,2024-12-04
RV000403,O035983,C09760,4,Nice packaging,2025-11-14
RV000404,O027820,C04490,5,Very satisfied,2025-01-15
RV000405,O025902,C04207,5,Fast delivery,2025-11-23
RV000406,O013075,C03925,4,Value for money,2024-12-07
RV000407,O031981,C05264,5,Fast delivery,2025-02-22
RV000408,O039936,C06559,5,Excellent quality,2025-04-18
RV000409,O011318,C01906,5,Fast delivery,2025-09-21
RV000410,O034664,C05791,4,Good service,2025-02-28
RV000411,O007435,C05089,3,Average experience,2025-08-29
RV000412,O004240,C05409,5,Very satisfied,2026-06-27
RV000413,O004113,C02888,5,Highly recommended,2024-11-26
RV000414,O009336,C03723,2,Product quality below expectations,2025-08-22
RV000415,O018722,C08856,5,Fast delivery,2026-05-14
RV000416,O025793,C05177,4,Nice packaging,2026-06-02
RV000417,O011401,C04025,4,Satisfied,2026-02-19
RV000418,O010063,C06919,3,Could be better,2025-05-05
RV000419,O014457,C09176,5,Fresh products,2026-01-02
RV000420,O000901,C07919,3,Could be better,2026-04-05
RV000421,O031885,C09231,5,Very satisfied,2026-07-20
RV000422,O007969,C03380,5,Highly recommended,2024-08-26
RV000423,O028730,C05816,5,Fresh products,2025-07-16
RV000424,O008851,C08975,5,Highly recommended,2025-01-01
RV000425,O034901,C04557,1,Wrong item received,2025-10-30
RV000426,O006846,C04648,4,Nice packaging,2024-10-09
RV000427,O008359,C05339,4,Good service,2024-11-27
RV000428,O004768,C05858,5,Fresh products,2024-10-19
RV000429,O031754,C02284,5,Fresh products,2025-09-02
RV000430,O025533,C06130,2,Packaging issue,2025-05-24
RV000431,O020778,C01975,4,Satisfied,2026-07-16
RV000432,O001109,C07117,5,Highly recommended,2025-01-19
RV000433,O002344,C08234,5,Fresh products,2026-03-25
RV000434,O008129,C07041,5,Very satisfied,2026-06-22
RV000435,O027229,C07644,5,Excellent quality,2025-02-07
RV000436,O015130,C05403,2,Packaging issue,2026-01-19
RV000437,O001631,C09361,3,Average experience,2025-11-15
RV000438,O019852,C01775,5,Fresh products,2025-03-24
RV000439,O019443,C01183,5,Highly recommended,2026-01-14
RV000440,O001256,C03184,5,Fresh products,2025-01-09
RV000441,O001999,C06839,5,Fresh products,2025-07-24
RV000442,O003943,C06647,5,Fresh products,2026-03-20
RV000443,O033375,C00570,5,Excellent quality,2024-10-18
RV000444,O023521,C01102,5,Very satisfied,2025-08-06
RV000445,O012137,C07433,4,Satisfied,2025-06-27
RV000446,O032429,C02767,4,Value for money,2026-05-25
RV000447,O006982,C03161,5,Fast delivery,2025-05-04
RV000448,O039228,C09576,3,Delivery was okay,2026-05-28
RV000449,O014976,C08344,5,Highly recommended,2026-02-25
RV000450,O026836,C08313,4,Nice packaging,2025-05-07
RV000451,O024921,C04756,5,Fresh products,2024-09-02
RV000452,O020556,C07855,5,Fast delivery,2025-11-30
RV000453,O007615,C00784,5,Very satisfied,2024-10-02
RV000454,O014808,C09396,5,Highly recommended,2026-03-11
RV000455,O028226,C07822,4,Value for money,2025-07-04
RV000456,O038277,C01895,4,Good service,2025-06-09
RV000457,O011345,C07299,2,Late delivery,2026-03-30
RV000458,O000525,C00044,4,Nice packaging,2026-04-14
RV000459,O030438,C07397,3,Delivery was okay,2024-12-30
RV000460,O020844,C05684,5,Very satisfied,2026-02-11
RV000461,O012278,C00912,2,Packaging issue,2024-08-22
RV000462,O037133,C06487,5,Excellent quality,2024-11-28
RV000463,O031423,C07227,5,Very satisfied,2025-08-28
RV000464,O031923,C08226,5,Very satisfied,2025-10-21
RV000465,O007987,C04892,4,Satisfied,2025-11-16
RV000466,O033407,C07106,5,Excellent quality,2026-05-04
RV000467,O016786,C01533,5,Fresh products,2025-11-15
RV000468,O001290,C07758,5,Very satisfied,2026-05-16
RV000469,O031960,C05299,5,Excellent quality,2024-09-03
RV000470,O010476,C02570,5,Very satisfied,2025-06-13
RV000471,O023049,C00802,4,Good service,2025-12-10
RV000472,O027417,C05094,4,Value for money,2025-05-07
RV000473,O039538,C09802,5,Highly recommended,2026-05-06
RV000474,O024384,C01017,4,Satisfied,2025-09-21
RV000475,O000291,C06904,5,Fast delivery,2026-05-02
RV000476,O019381,C04724,5,Highly recommended,2024-08-23
RV000477,O017453,C05144,4,Satisfied,2026-01-05
RV000478,O001667,C09653,5,Excellent quality,2024-11-02
RV000479,O016356,C06571,5,Very satisfied,2025-03-12
RV000480,O034170,C01676,5,Very satisfied,2025-08-05
RV000481,O019218,C03707,5,Excellent quality,2026-01-03
RV000482,O015436,C03943,5,Excellent quality,2025-03-11
RV000483,O038889,C08994,5,Highly recommended,2026-03-10
RV000484,O037297,C09906,5,Highly recommended,2025-06-26
RV000485,O035545,C08676,4,Value for money,2024-09-02
RV000486,O034884,C03160,2,Packaging issue,2025-10-27
RV000487,O033530,C03058,2,Packaging issue,2024-09-08
RV000488,O017341,C00817,5,Fresh products,2025-05-05
RV000489,O039264,C04510,5,Fast delivery,2025-03-25
RV000490,O030752,C04758,5,Excellent quality,2025-07-13
RV000491,O037066,C09768,5,Excellent quality,2025-08-26
RV000492,O021560,C00443,5,Excellent quality,2025-10-19
RV000493,O014026,C01697,5,Excellent quality,2026-07-18
RV000494,O008553,C02993,4,Satisfied,2026-03-12
RV000495,O021570,C03198,5,Fresh products,2025-03-17
RV000496,O022448,C01687,3,Could be better,2025-09-29
RV000497,O024664,C03984,4,Value for money,2025-12-12
RV000498,O002716,C04514,5,Fast delivery,2025-05-23
RV000499,O020993,C09655,5,Fresh products,2026-01-23
RV000500,O023870,C07078,5,Highly recommended,2026-03-31
RV000501,O010908,C06471,3,Average experience,2025-03-19
RV000502,O002794,C06957,5,Fast delivery,2025-11-22
RV000503,O013905,C05409,5,Fast delivery,2024-12-30
RV000504,O017122,C07063,5,Fast delivery,2024-11-23
RV000505,O011736,C01192,4,Good service,2025-08-05
RV000506,O003783,C09613,5,Excellent quality,2025-05-09
RV000507,O018597,C09642,5,Highly recommended,2024-12-17
RV000508,O025286,C02154,5,Fresh products,2024-11-09
RV000509,O018566,C06441,5,Excellent quality,2025-03-28
RV000510,O002986,C06050,5,Fast delivery,2024-08-12
RV000511,O035186,C07094,4,Satisfied,2025-06-05
RV000512,O009049,C04598,5,Excellent quality,2024-11-04
RV000513,O024722,C03338,5,Very satisfied,2025-06-13
RV000514,O010968,C03349,4,Satisfied,2025-02-21
RV000515,O005154,C05162,5,Excellent quality,2025-07-05
RV000516,O028708,C06763,4,Satisfied,2024-12-04
RV000517,O038229,C09413,5,Highly recommended,2024-12-04
RV000518,O005900,C05633,2,Product quality below expectations,2026-05-06
RV000519,O035288,C09484,4,Good service,2026-04-13
RV000520,O034652,C08913,4,Good service,2026-06-16
RV000521,O015464,C09532,4,Value for money,2025-02-28
RV000522,O027805,C03984,5,Excellent quality,2026-02-08
RV000523,O010402,C05018,5,Highly recommended,2024-09-14
RV000524,O028780,C03729,5,Fast delivery,2025-03-18
RV000525,O026588,C08571,5,Very satisfied,2024-09-28
RV000526,O010175,C02133,5,Very satisfied,2025-03-14
RV000527,O029475,C00814,4,Nice packaging,2026-01-31
RV000528,O015357,C00440,4,Value for money,2024-11-16
RV000529,O026510,C09176,4,Value for money,2024-08-13
RV000530,O008079,C07231,5,Very satisfied,2025-08-26
RV000531,O007336,C00930,3,Could be better,2025-12-09
RV000532,O027525,C08837,5,Fast delivery,2024-11-19
RV000533,O014164,C09174,4,Satisfied,2024-09-10
RV000534,O037880,C04561,4,Good service,2025-01-15
RV000535,O025422,C06806,5,Fresh products,2025-05-11
RV000536,O014308,C03847,4,Satisfied,2025-03-13
RV000537,O015116,C01373,5,Fresh products,2024-09-02
RV000538,O019410,C02305,5,Fast delivery,2025-06-09
RV000539,O024396,C01322,5,Fast delivery,2024-08-04
RV000540,O017205,C07901,5,Very satisfied,2025-08-10
RV000541,O031783,C02857,5,Very satisfied,2026-03-31
RV000542,O024112,C09081,5,Highly recommended,2025-04-18
RV000543,O020662,C09514,3,Average experience,2025-04-28
RV000544,O004209,C04419,5,Excellent quality,2026-01-04
RV000545,O000664,C08941,4,Good service,2024-09-23
RV000546,O004903,C01710,5,Fresh products,2026-03-01
RV000547,O033581,C00565,5,Fast delivery,2025-11-17
RV000548,O017050,C00269,5,Highly recommended,2025-12-10
RV000549,O015456,C01095,2,Late delivery,2026-06-24
RV000550,O003238,C03388,3,Delivery was okay,2026-06-19
RV000551,O016580,C01854,2,Product quality below expectations,2025-04-07
RV000552,O003572,C02937,5,Highly recommended,2025-12-09
RV000553,O009490,C03829,5,Excellent quality,2025-05-11
RV000554,O013063,C00910,5,Highly recommended,2026-01-01
RV000555,O007429,C00802,5,Excellent quality,2026-02-07
RV000556,O003651,C01166,4,Satisfied,2025-04-04
RV000557,O033022,C04888,4,Value for money,2026-03-22
RV000558,O003709,C06887,4,Satisfied,2025-01-08
RV000559,O029161,C05726,4,Good service,2026-04-04
RV000560,O018737,C06028,4,Satisfied,2025-07-24
RV000561,O006310,C09660,4,Good service,2025-04-20
RV000562,O004933,C00080,5,Excellent quality,2024-09-05
RV000563,O028177,C08250,5,Fast delivery,2025-07-05
RV000564,O029266,C04795,5,Very satisfied,2026-02-14
RV000565,O016742,C02557,5,Excellent quality,2025-11-19
RV000566,O030348,C06827,4,Good service,2026-04-14
RV000567,O021698,C05022,2,Product quality below expectations,2026-03-23
RV000568,O021581,C02200,5,Very satisfied,2026-06-18
RV000569,O038562,C08475,5,Excellent quality,2025-06-18
RV000570,O028564,C08621,4,Value for money,2026-04-05
RV000571,O033557,C02435,5,Highly recommended,2026-05-26
RV000572,O007143,C02164,4,Good service,2025-08-15
RV000573,O002097,C09020,4,Value for money,2026-07-19
RV000574,O005907,C02121,2,Packaging issue,2025-04-25
RV000575,O032202,C01567,4,Nice packaging,2025-08-05
RV000576,O025218,C07689,4,Satisfied,2025-10-04
RV000577,O029581,C05974,5,Excellent quality,2025-08-25
RV000578,O023304,C08016,5,Very satisfied,2025-04-01
RV000579,O001664,C09098,5,Fresh products,2025-04-12
RV000580,O024796,C09602,5,Fast delivery,2026-04-04
RV000581,O030163,C01472,3,Delivery was okay,2025-07-20
RV000582,O005571,C01276,5,Very satisfied,2025-02-01
RV000583,O005146,C09197,4,Satisfied,2025-07-03
RV000584,O015666,C02426,5,Fast delivery,2025-08-27
RV000585,O009918,C01226,5,Very satisfied,2024-11-30
RV000586,O035486,C07260,5,Excellent quality,2024-12-28
RV000587,O022902,C06875,4,Nice packaging,2025-06-20
RV000588,O030350,C07064,4,Good service,2025-03-26
RV000589,O001503,C03897,5,Highly recommended,2025-04-13
RV000590,O026730,C08491,4,Nice packaging,2024-10-09
RV000591,O013550,C02971,4,Satisfied,2026-07-10
RV000592,O035382,C09288,3,Could be better,2025-10-14
RV000593,O003582,C03883,4,Value for money,2025-11-09
RV000594,O025125,C00952,3,Delivery was okay,2026-06-14
RV000595,O034844,C09638,5,Fast delivery,2024-11-26
RV000596,O008716,C06121,4,Good service,2025-12-14
RV000597,O006505,C03742,1,Damaged product,2025-09-19
RV000598,O037799,C01756,5,Fast delivery,2024-12-29
RV000599,O009438,C00399,5,Excellent quality,2026-01-01
RV000600,O025397,C04573,5,Excellent quality,2025-02-27
RV000601,O014849,C04773,5,Very satisfied,2025-05-24
RV000602,O006045,C04036,5,Fast delivery,2024-10-28
RV000603,O022991,C02282,3,Average experience,2024-12-31
RV000604,O012748,C08646,4,Nice packaging,2024-08-21
RV000605,O029108,C07274,3,Could be better,2025-03-18
RV000606,O027999,C03250,4,Value for money,2025-09-25
RV000607,O016301,C02443,4,Nice packaging,2024-08-27
RV000608,O001634,C09663,5,Fresh products,2026-06-28
RV000609,O029176,C05586,5,Fresh products,2025-09-23
RV000610,O000768,C05206,5,Very satisfied,2025-11-16
RV000611,O035547,C08138,4,Nice packaging,2025-03-25
RV000612,O024191,C07066,5,Very satisfied,2025-11-27
RV000613,O004190,C09368,1,Very disappointed,2025-12-21
RV000614,O021332,C09813,5,Fast delivery,2025-10-10
RV000615,O001476,C02542,5,Very satisfied,2025-04-12
RV000616,O009586,C00520,4,Satisfied,2026-01-04
RV000617,O017639,C05716,3,Average experience,2024-10-23
RV000618,O006878,C00615,1,Wrong item received,2026-01-06
RV000619,O034325,C04852,3,Delivery was okay,2025-03-16
RV000620,O037101,C05995,5,Very satisfied,2025-01-23
RV000621,O026026,C08327,5,Fresh products,2025-10-19
RV000622,O016427,C09718,5,Excellent quality,2025-11-04
RV000623,O012989,C02157,5,Fresh products,2024-09-19
RV000624,O003401,C06829,4,Good service,2024-10-20
RV000625,O021787,C06073,5,Fast delivery,2025-04-10
RV000626,O039704,C08401,4,Value for money,2025-07-05
RV000627,O000584,C02872,4,Satisfied,2026-05-06
RV000628,O028362,C00383,5,Fresh products,2025-03-23
RV000629,O017589,C04814,5,Highly recommended,2024-12-23
RV000630,O020331,C08062,4,Value for money,2025-05-13
RV000631,O002666,C00471,5,Very satisfied,2026-07-18
RV000632,O035585,C01536,4,Good service,2025-12-24
RV000633,O036617,C03592,4,Value for money,2024-10-04
RV000634,O029802,C06040,5,Excellent quality,2026-04-06
RV000635,O010170,C04758,4,Satisfied,2026-03-02
RV000636,O017428,C01103,5,Very satisfied,2026-04-20
RV000637,O005237,C09360,5,Fresh products,2026-05-17
RV000638,O012171,C00216,5,Fast delivery,2025-02-17
RV000639,O010678,C02381,3,Delivery was okay,2026-06-25
RV000640,O015402,C04698,4,Good service,2025-06-04
RV000641,O022120,C06661,5,Very satisfied,2025-08-08
RV000642,O001144,C03890,5,Fresh products,2025-08-03
RV000643,O010946,C04018,5,Highly recommended,2025-01-21
RV000644,O033133,C06168,5,Highly recommended,2025-01-26
RV000645,O030615,C08197,5,Excellent quality,2024-11-16
RV000646,O027682,C09185,5,Fresh products,2025-03-03
RV000647,O028453,C03012,3,Average experience,2026-05-13
RV000648,O026485,C09254,4,Good service,2026-05-20
RV000649,O001686,C07208,5,Excellent quality,2026-02-13
RV000650,O008013,C02785,4,Value for money,2025-12-20
RV000651,O029690,C03075,5,Very satisfied,2025-08-13
RV000652,O005680,C09308,4,Satisfied,2025-11-18
RV000653,O015253,C00864,5,Fresh products,2026-01-07
RV000654,O025002,C04021,5,Very satisfied,2025-06-08
RV000655,O037520,C01075,3,Average experience,2024-08-29
RV000656,O011265,C00885,4,Satisfied,2025-01-22
RV000657,O029313,C05584,3,Could be better,2025-02-06
RV000658,O025497,C05708,4,Satisfied,2024-10-02
RV000659,O003438,C03042,4,Satisfied,2026-01-29
RV000660,O012754,C06237,5,Highly recommended,2025-08-26
RV000661,O002749,C01349,4,Good service,2025-11-06
RV000662,O021730,C05536,5,Highly recommended,2026-03-24
RV000663,O026681,C08777,5,Fast delivery,2026-05-20
RV000664,O014778,C08201,4,Satisfied,2024-10-23
RV000665,O039397,C00293,5,Excellent quality,2025-08-01
RV000666,O011997,C06376,5,Excellent quality,2025-08-02
RV000667,O027071,C05734,2,Packaging issue,2026-01-17
RV000668,O002109,C03418,3,Could be better,2026-02-20
RV000669,O011729,C02003,5,Fresh products,2025-04-23
RV000670,O006073,C03644,5,Very satisfied,2026-03-25
RV000671,O024816,C03359,2,Packaging issue,2025-01-18
RV000672,O032636,C05292,3,Could be better,2025-02-20
RV000673,O023972,C02036,5,Fast delivery,2024-11-01
RV000674,O010387,C03219,5,Fresh products,2024-11-04
RV000675,O039286,C08353,5,Very satisfied,2026-05-23
RV000676,O034316,C04957,4,Satisfied,2025-09-09
RV000677,O003079,C04608,4,Nice packaging,2026-02-20
RV000678,O013808,C04195,5,Fresh products,2025-01-24
RV000679,O016115,C06251,4,Nice packaging,2024-09-17
RV000680,O036756,C00687,5,Highly recommended,2026-04-18
RV000681,O013941,C09506,4,Value for money,2025-10-23
RV000682,O011790,C06004,5,Fast delivery,2024-12-02
RV000683,O014825,C02386,4,Good service,2026-01-04
RV000684,O010713,C00551,3,Average experience,2025-09-26
RV000685,O027472,C07433,4,Good service,2025-08-05
RV000686,O017464,C07656,2,Late delivery,2025-05-08
RV000687,O007007,C04748,5,Excellent quality,2025-10-04
RV000688,O013770,C05931,5,Very satisfied,2025-02-15
RV000689,O008664,C08246,4,Satisfied,2025-06-14
RV000690,O016216,C02821,5,Very satisfied,2026-05-06
RV000691,O038882,C03754,5,Fresh products,2024-08-21
RV000692,O038599,C02497,4,Good service,2025-03-06
RV000693,O018497,C02197,5,Excellent quality,2026-04-09
RV000694,O012988,C03589,5,Excellent quality,2025-10-12
RV000695,O013952,C00112,1,Very disappointed,2026-06-22
RV000696,O004966,C09593,2,Packaging issue,2026-07-18
RV000697,O017714,C08672,4,Satisfied,2025-02-20
RV000698,O031009,C00009,4,Satisfied,2026-07-05
RV000699,O032603,C01731,3,Could be better,2026-04-03
RV000700,O029232,C09124,4,Good service,2026-05-30
RV000701,O018599,C08312,5,Highly recommended,2025-03-06
RV000702,O001270,C08839,4,Value for money,2025-05-29
RV000703,O029655,C06652,2,Product quality below expectations,2025-08-17
RV000704,O025188,C04573,5,Highly recommended,2025-02-16
RV000705,O012060,C06041,5,Fast delivery,2025-09-03
RV000706,O009616,C03547,5,Highly recommended,2026-04-07
RV000707,O016147,C00676,1,Very disappointed,2024-11-08
RV000708,O002476,C02170,1,Very disappointed,2024-12-03
RV000709,O035659,C07724,5,Highly recommended,2024-08-15
RV000710,O008689,C00311,5,Excellent quality,2024-11-18
RV000711,O037305,C08611,5,Excellent quality,2026-06-27
RV000712,O027454,C09298,4,Nice packaging,2025-02-18
RV000713,O004872,C05813,1,Damaged product,2026-03-08
RV000714,O004810,C00268,4,Value for money,2024-09-27
RV000715,O028316,C05817,3,Could be better,2024-12-01
RV000716,O032918,C09508,5,Highly recommended,2026-06-11
RV000717,O015024,C01630,2,Packaging issue,2026-06-05
RV000718,O006010,C09116,4,Satisfied,2024-08-14
RV000719,O024893,C08485,1,Wrong item received,2024-11-03
RV000720,O000238,C08632,5,Highly recommended,2024-12-10
RV000721,O033042,C05968,5,Highly recommended,2025-01-13
RV000722,O031771,C05192,2,Product quality below expectations,2025-03-17
RV000723,O025290,C06724,5,Very satisfied,2024-08-24
RV000724,O017637,C04067,1,Very disappointed,2026-03-24
RV000725,O009219,C01839,4,Good service,2025-06-27
RV000726,O016503,C03504,5,Fast delivery,2025-06-20
RV000727,O022695,C08459,5,Fresh products,2024-09-15
RV000728,O037071,C07442,5,Very satisfied,2024-09-06
RV000729,O022565,C03016,5,Excellent quality,2024-09-29
RV000730,O037966,C05646,4,Satisfied,2026-07-02
RV000731,O035887,C03533,5,Very satisfied,2025-03-09
RV000732,O038069,C04051,5,Fast delivery,2025-04-16
RV000733,O022678,C04915,4,Good service,2026-02-09
RV000734,O021733,C04334,5,Fast delivery,2026-01-01
RV000735,O001797,C09325,5,Fresh products,2025-02-23
RV000736,O014553,C09483,3,Average experience,2025-01-26
RV000737,O005159,C02108,4,Satisfied,2026-04-18
RV000738,O009192,C04113,5,Fast delivery,2026-05-04
RV000739,O015978,C04685,5,Highly recommended,2025-11-06
RV000740,O016423,C06296,5,Highly recommended,2025-02-28
RV000741,O028648,C09206,5,Fast delivery,2024-11-05
RV000742,O015314,C03207,5,Highly recommended,2025-05-08
RV000743,O025189,C02379,5,Excellent quality,2025-03-25
RV000744,O024677,C02679,4,Good service,2024-12-08
RV000745,O023140,C03104,5,Highly recommended,2025-09-19
RV000746,O039760,C00777,5,Very satisfied,2025-02-12
RV000747,O024018,C02413,5,Fast delivery,2025-04-23
RV000748,O026744,C05012,3,Could be better,2026-01-31
RV000749,O039456,C07668,3,Delivery was okay,2025-05-01
RV000750,O029705,C07958,5,Highly recommended,2026-07-24
RV000751,O012358,C00298,4,Value for money,2024-08-01
RV000752,O035676,C04814,4,Nice packaging,2026-01-09
RV000753,O039787,C02389,5,Very satisfied,2025-08-26
RV000754,O014480,C03451,5,Highly recommended,2025-06-28
RV000755,O019750,C00813,4,Good service,2026-05-05
RV000756,O010875,C06738,1,Damaged product,2026-06-20
RV000757,O000796,C01669,5,Fast delivery,2025-02-16
RV000758,O002375,C07041,5,Fast delivery,2026-02-23
RV000759,O012950,C03556,4,Satisfied,2025-07-07
RV000760,O028442,C02657,5,Highly recommended,2026-04-28
RV000761,O026025,C09944,4,Value for money,2026-02-24
RV000762,O036495,C09905,2,Product quality below expectations,2025-10-20
RV000763,O012724,C07455,3,Delivery was okay,2025-08-05
RV000764,O034109,C06419,4,Nice packaging,2026-03-31
RV000765,O002133,C05310,4,Nice packaging,2025-10-23
RV000766,O033285,C01701,2,Product quality below expectations,2026-07-05
RV000767,O028079,C09152,3,Average experience,2025-05-31
RV000768,O003856,C09959,4,Satisfied,2025-08-26
RV000769,O039390,C04627,5,Very satisfied,2026-08-07
RV000770,O012250,C07334,3,Could be better,2025-05-29
RV000771,O022012,C04526,5,Fast delivery,2025-07-03
RV000772,O022311,C08903,4,Good service,2024-10-29
RV000773,O007196,C01624,5,Excellent quality,2025-11-17
RV000774,O006560,C08185,2,Product quality below expectations,2026-03-01
RV000775,O012495,C03592,5,Fast delivery,2026-07-15
RV000776,O031283,C01202,5,Very satisfied,2025-01-17
RV000777,O023556,C03351,4,Value for money,2025-04-18
RV000778,O019182,C05521,5,Very satisfied,2025-12-16
RV000779,O033884,C06320,5,Excellent quality,2026-07-07
RV000780,O002318,C07270,3,Average experience,2025-10-10
RV000781,O003484,C04691,5,Fast delivery,2024-10-30
RV000782,O004512,C04573,4,Satisfied,2025-05-23
RV000783,O039041,C02002,4,Good service,2026-05-03
RV000784,O021537,C06224,4,Nice packaging,2026-05-11
RV000785,O034863,C00063,3,Delivery was okay,2025-10-31
RV000786,O003450,C02139,5,Highly recommended,2025-06-03
RV000787,O012933,C06906,5,Excellent quality,2026-07-26
RV000788,O008753,C00266,5,Very satisfied,2025-01-18
RV000789,O016967,C04609,5,Excellent quality,2025-11-23
RV000790,O029792,C03966,5,Very satisfied,2025-08-07
RV000791,O023601,C05554,5,Fast delivery,2025-05-03
RV000792,O013264,C00079,4,Value for money,2026-05-11
RV000793,O007838,C02390,5,Excellent quality,2025-12-07
RV000794,O015093,C04665,3,Could be better,2026-05-23
RV000795,O015192,C02211,5,Excellent quality,2025-01-14
RV000796,O000315,C09968,4,Good service,2026-05-08
RV000797,O002262,C04516,4,Good service,2025-07-11
RV000798,O013276,C05027,5,Very satisfied,2026-03-10
RV000799,O012107,C08056,5,Very satisfied,2026-02-15
RV000800,O026906,C05430,3,Could be better,2025-12-14
RV000801,O020909,C01851,5,Fresh products,2026-06-05
RV000802,O025678,C00081,5,Fresh products,2025-11-22
RV000803,O017540,C05494,4,Satisfied,2024-08-05
RV000804,O027101,C01604,5,Very satisfied,2025-02-25
RV000805,O019714,C00982,5,Fast delivery,2025-07-10
RV000806,O011012,C09434,5,Highly recommended,2025-06-24
RV000807,O006219,C00448,4,Satisfied,2024-11-21
RV000808,O018169,C04897,5,Excellent quality,2025-06-21
RV000809,O027263,C09873,5,Fast delivery,2026-01-25
RV000810,O031834,C09624,5,Fresh products,2026-01-01
RV000811,O019703,C09508,5,Fresh products,2025-12-31
RV000812,O006852,C07456,5,Fresh products,2025-03-15
RV000813,O006036,C06506,1,Very disappointed,2024-10-02
RV000814,O034613,C07393,4,Satisfied,2025-08-06
RV000815,O008931,C08919,1,Very disappointed,2026-05-09
RV000816,O025451,C05407,5,Fresh products,2025-09-03
RV000817,O019405,C07857,5,Fast delivery,2026-06-25
RV000818,O029733,C07327,5,Excellent quality,2026-03-13
RV000819,O032277,C04754,5,Fast delivery,2025-07-17
RV000820,O031831,C06835,4,Satisfied,2026-02-01
RV000821,O011755,C08426,4,Good service,2025-09-15
RV000822,O031410,C04826,2,Product quality below expectations,2024-10-24
RV000823,O015459,C05732,1,Damaged product,2025-01-30
RV000824,O036411,C06644,2,Product quality below expectations,2026-04-02
RV000825,O032276,C06242,2,Packaging issue,2026-05-08
RV000826,O026811,C01990,4,Value for money,2025-10-04
RV000827,O001055,C09378,5,Fresh products,2024-11-11
RV000828,O010429,C08441,5,Highly recommended,2025-09-01
RV000829,O020261,C01510,5,Fresh products,2025-09-07
RV000830,O009556,C05511,5,Fast delivery,2025-11-16
RV000831,O028933,C05436,4,Nice packaging,2024-10-25
RV000832,O000884,C01053,3,Could be better,2024-08-16
RV000833,O016683,C08618,3,Delivery was okay,2026-05-02
RV000834,O026392,C07808,5,Fresh products,2025-12-14
RV000835,O026122,C08680,4,Satisfied,2025-01-05
RV000836,O011610,C01198,5,Fresh products,2025-03-09
RV000837,O011807,C04457,5,Fresh products,2024-08-18
RV000838,O016059,C03131,5,Highly recommended,2024-10-30
RV000839,O010894,C04255,4,Value for money,2025-11-01
RV000840,O015185,C04927,5,Fresh products,2024-11-09
RV000841,O002484,C00560,5,Fresh products,2025-01-24
RV000842,O023236,C06723,4,Good service,2025-09-22
RV000843,O015291,C08145,5,Very satisfied,2025-05-05
RV000844,O030702,C01187,4,Nice packaging,2026-02-02
RV000845,O002294,C05203,4,Good service,2025-09-04
RV000846,O030012,C00445,4,Nice packaging,2024-08-31
RV000847,O012872,C01166,4,Nice packaging,2025-10-17
RV000848,O009446,C04959,1,Wrong item received,2026-05-20
RV000849,O026584,C04836,5,Fast delivery,2025-12-10
RV000850,O028371,C08598,5,Excellent quality,2025-10-22
RV000851,O029098,C07782,5,Fast delivery,2026-04-11
RV000852,O001155,C04670,5,Fast delivery,2026-07-23
RV000853,O016910,C09386,5,Excellent quality,2026-05-25
RV000854,O032259,C08634,5,Fast delivery,2026-05-20
RV000855,O027046,C04753,2,Late delivery,2026-01-17
RV000856,O001378,C03330,2,Packaging issue,2024-09-25
RV000857,O032542,C03581,4,Satisfied,2025-12-18
RV000858,O008028,C06031,2,Packaging issue,2025-01-25
RV000859,O000673,C05795,5,Very satisfied,2026-03-01
RV000860,O032209,C07810,5,Fast delivery,2025-05-26
RV000861,O006094,C07010,2,Late delivery,2024-11-18
RV000862,O027777,C03644,2,Packaging issue,2025-10-27
RV000863,O031232,C04629,5,Fresh products,2025-06-17
RV000864,O030345,C00002,4,Satisfied,2025-02-08
RV000865,O035003,C05893,5,Very satisfied,2026-04-16
RV000866,O003343,C01192,5,Fast delivery,2025-11-28
RV000867,O027902,C04852,4,Nice packaging,2025-01-26
RV000868,O022732,C03874,5,Fast delivery,2025-01-18
RV000869,O005399,C01510,5,Excellent quality,2025-07-13
RV000870,O023902,C04643,5,Fast delivery,2024-11-09
RV000871,O026926,C03545,4,Value for money,2026-04-26
RV000872,O019276,C02265,5,Excellent quality,2026-02-14
RV000873,O025681,C07347,3,Average experience,2026-05-28
RV000874,O015649,C00244,5,Very satisfied,2025-11-15
RV000875,O034251,C00705,5,Excellent quality,2026-04-02
RV000876,O015731,C09422,3,Delivery was okay,2026-01-13
RV000877,O001079,C01554,5,Very satisfied,2026-02-11
RV000878,O002705,C06900,4,Nice packaging,2024-11-18
RV000879,O032159,C06581,5,Fresh products,2025-11-15
RV000880,O027914,C05623,5,Excellent quality,2024-08-12
RV000881,O006900,C08866,5,Highly recommended,2025-05-07
RV000882,O008499,C09041,5,Excellent quality,2024-11-23
RV000883,O018149,C07752,5,Very satisfied,2025-04-10
RV000884,O033458,C02127,2,Late delivery,2024-11-04
RV000885,O001638,C03217,5,Fresh products,2026-01-23
RV000886,O004343,C09695,4,Nice packaging,2026-07-25
RV000887,O038039,C03703,5,Fresh products,2025-12-09
RV000888,O035317,C05634,5,Fast delivery,2026-06-14
RV000889,O011943,C07143,5,Fresh products,2026-02-02
RV000890,O035374,C07010,5,Fast delivery,2025-05-15
RV000891,O001611,C00387,4,Good service,2024-12-30
RV000892,O017476,C07859,5,Fresh products,2025-04-28
RV000893,O017035,C06534,5,Highly recommended,2025-01-06
RV000894,O036150,C06401,5,Fresh products,2025-07-27
RV000895,O010587,C04793,2,Product quality below expectations,2026-01-11
RV000896,O023328,C00091,4,Satisfied,2025-08-02
RV000897,O029363,C09813,5,Very satisfied,2025-09-25
RV000898,O000437,C06870,1,Very disappointed,2025-12-06
RV000899,O032819,C05248,4,Good service,2026-04-23
RV000900,O021969,C05805,5,Excellent quality,2025-08-14
RV000901,O024346,C09897,5,Fresh products,2026-07-17
RV000902,O005379,C05880,5,Highly recommended,2026-01-29
RV000903,O015852,C05618,5,Excellent quality,2026-06-09
RV000904,O019123,C05404,4,Good service,2026-07-24
RV000905,O010782,C05183,5,Excellent quality,2024-09-15
RV000906,O017559,C00891,5,Fast delivery,2025-09-20
RV000907,O037132,C03090,5,Very satisfied,2025-10-01
RV000908,O019533,C09006,5,Very satisfied,2025-02-07
RV000909,O005488,C04713,3,Could be better,2026-02-03
RV000910,O002970,C02190,5,Excellent quality,2026-06-17
RV000911,O005366,C07462,3,Could be better,2025-11-14
RV000912,O029089,C03160,5,Excellent quality,2025-01-09
RV000913,O038657,C02945,5,Fast delivery,2025-04-29
RV000914,O022555,C03567,5,Highly recommended,2025-11-12
RV000915,O020398,C05975,5,Excellent quality,2026-05-30
RV000916,O017038,C03799,5,Very satisfied,2026-01-16
RV000917,O013624,C04949,5,Fast delivery,2026-07-17
RV000918,O031077,C08819,5,Fast delivery,2026-01-02
RV000919,O036531,C08080,4,Nice packaging,2025-07-28
RV000920,O032117,C09871,3,Delivery was okay,2025-12-25
RV000921,O031820,C09860,5,Excellent quality,2026-02-07
RV000922,O033045,C03245,5,Very satisfied,2024-11-11
RV000923,O012072,C07827,5,Highly recommended,2025-01-13
RV000924,O014771,C06811,4,Value for money,2025-08-18
RV000925,O034194,C00423,4,Satisfied,2025-05-21
RV000926,O013891,C00802,3,Delivery was okay,2025-10-01
RV000927,O002550,C04263,5,Highly recommended,2025-12-08
RV000928,O024935,C06110,5,Excellent quality,2026-03-07
RV000929,O021453,C01402,5,Very satisfied,2024-11-02
RV000930,O033461,C05018,5,Fast delivery,2024-10-06
RV000931,O025925,C08416,5,Fast delivery,2025-01-27
RV000932,O039305,C06657,3,Average experience,2025-07-31
RV000933,O001873,C01316,5,Highly recommended,2025-04-21
RV000934,O030968,C08918,4,Value for money,2025-04-23
RV000935,O017679,C06837,4,Value for money,2026-03-16
RV000936,O001895,C09168,5,Very satisfied,2026-04-14
RV000937,O025849,C06813,5,Highly recommended,2026-01-05
RV000938,O022943,C01933,5,Excellent quality,2024-08-14
RV000939,O027253,C07526,4,Satisfied,2025-12-22
RV000940,O007812,C00474,4,Nice packaging,2024-12-18
RV000941,O011923,C03309,5,Very satisfied,2026-07-11
RV000942,O008108,C06156,4,Good service,2025-03-14
RV000943,O031265,C00617,4,Good service,2024-11-26
RV000944,O034157,C05243,5,Fast delivery,2025-10-27
RV000945,O017295,C07612,5,Fast delivery,2025-01-20
RV000946,O029878,C08825,4,Nice packaging,2026-02-12
RV000947,O034727,C09133,2,Product quality below expectations,2024-08-07
RV000948,O025150,C08936,5,Very satisfied,2025-10-01
RV000949,O023394,C03628,3,Average experience,2024-08-18
RV000950,O023031,C02609,4,Good service,2025-07-29
RV000951,O000918,C04669,4,Nice packaging,2026-05-01
RV000952,O027204,C09468,4,Satisfied,2025-02-21
RV000953,O011747,C09229,5,Excellent quality,2024-09-07
RV000954,O007562,C07926,5,Fast delivery,2025-11-29
RV000955,O019657,C04841,4,Nice packaging,2026-04-09
RV000956,O008432,C00013,5,Very satisfied,2025-10-30
RV000957,O017352,C04188,4,Satisfied,2025-02-11
RV000958,O015282,C06632,5,Highly recommended,2025-08-30
RV000959,O006680,C03912,4,Satisfied,2025-06-11
RV000960,O001268,C05303,2,Product quality below expectations,2025-08-05
RV000961,O014260,C07646,5,Fresh products,2025-07-02
RV000962,O001775,C09210,5,Highly recommended,2025-04-23
RV000963,O000713,C09043,5,Excellent quality,2026-01-06
RV000964,O032311,C05052,5,Highly recommended,2025-09-23
RV000965,O035044,C09062,4,Good service,2024-12-01
RV000966,O026256,C07520,5,Very satisfied,2025-01-24
RV000967,O021664,C06235,5,Very satisfied,2025-11-26
RV000968,O011207,C06008,1,Damaged product,2025-04-26
RV000969,O001038,C07514,5,Very satisfied,2025-03-01
RV000970,O022445,C03080,1,Very disappointed,2026-01-13
RV000971,O017557,C04458,5,Excellent quality,2024-12-02
RV000972,O011773,C07623,5,Excellent quality,2026-01-03
RV000973,O006106,C00511,5,Fresh products,2025-01-01
RV000974,O002679,C05526,4,Nice packaging,2026-04-21
RV000975,O011252,C08156,3,Delivery was okay,2026-03-06
RV000976,O019137,C05706,5,Fresh products,2026-06-27
RV000977,O031999,C03966,4,Value for money,2025-11-25
RV000978,O001483,C05749,5,Excellent quality,2024-09-27
RV000979,O034245,C09923,3,Average experience,2025-12-14
RV000980,O002447,C09843,5,Highly recommended,2025-10-10
RV000981,O008759,C02280,5,Fast delivery,2024-10-18
RV000982,O036492,C01279,5,Highly recommended,2026-05-13
RV000983,O001755,C09160,4,Nice packaging,2025-07-16
RV000984,O015016,C05161,5,Very satisfied,2025-06-12
RV000985,O007093,C08683,5,Fresh products,2026-06-27
RV000986,O022462,C07319,5,Fresh products,2025-06-05
RV000987,O006470,C09316,5,Excellent quality,2026-02-27
RV000988,O033262,C02917,5,Highly recommended,2024-09-13
RV000989,O004106,C01767,2,Late delivery,2025-12-22
RV000990,O038772,C08949,5,Fresh products,2026-01-29
RV000991,O022115,C08016,5,Very satisfied,2025-07-29
RV000992,O035228,C03032,5,Highly recommended,2025-04-19
RV000993,O031938,C03819,5,Highly recommended,2025-06-08
RV000994,O022715,C05772,1,Wrong item received,2026-04-16
RV000995,O037809,C05712,4,Value for money,2024-10-25
RV000996,O021259,C05690,3,Could be better,2025-01-16
RV000997,O030465,C03115,5,Fast delivery,2025-08-16
RV000998,O032175,C08850,5,Excellent quality,2026-02-07
RV000999,O018808,C04423,5,Fresh products,2026-06-11
RV001000,O009602,C06238,5,Excellent quality,2026-05-11
RV001001,O027537,C04320,5,Fresh products,2026-07-16
RV001002,O037339,C04250,5,Excellent quality,2024-08-24
RV001003,O006661,C09217,1,Damaged product,2025-11-06
RV001004,O026642,C01366,5,Fresh products,2025-08-19
RV001005,O009625,C05466,5,Very satisfied,2025-02-21
RV001006,O021079,C07434,5,Highly recommended,2026-04-29
RV001007,O006904,C05645,4,Nice packaging,2026-02-09
RV001008,O034599,C06159,3,Could be better,2025-10-06
RV001009,O021721,C09872,5,Highly recommended,2024-12-08
RV001010,O008360,C04215,5,Very satisfied,2024-10-02
RV001011,O022122,C04372,5,Fresh products,2026-06-20
RV001012,O026456,C01862,4,Nice packaging,2025-07-23
RV001013,O007377,C07958,5,Fast delivery,2025-01-16
RV001014,O036651,C08419,5,Excellent quality,2024-10-31
RV001015,O039611,C08626,5,Fast delivery,2025-05-12
RV001016,O036728,C08093,5,Very satisfied,2025-01-06
RV001017,O032449,C05180,4,Satisfied,2025-06-11
RV001018,O038349,C03424,3,Delivery was okay,2024-12-13
RV001019,O036694,C09485,5,Very satisfied,2025-11-12
RV001020,O026956,C00123,3,Average experience,2025-06-26
RV001021,O011945,C00634,5,Fast delivery,2026-05-12
RV001022,O031602,C05575,5,Excellent quality,2025-02-10
RV001023,O035787,C08727,4,Value for money,2025-07-07
RV001024,O008570,C02603,3,Average experience,2025-07-30
RV001025,O003968,C01147,5,Fast delivery,2025-10-05
RV001026,O013194,C01839,4,Nice packaging,2026-05-29
RV001027,O005445,C03396,4,Nice packaging,2024-08-30
RV001028,O032315,C06068,5,Fast delivery,2024-11-09
RV001029,O004544,C08756,5,Highly recommended,2026-05-24
RV001030,O013086,C06346,4,Value for money,2025-06-28
RV001031,O001740,C01022,4,Nice packaging,2025-10-08
RV001032,O037782,C04528,4,Satisfied,2026-04-17
RV001033,O039480,C08844,5,Very satisfied,2025-09-28
RV001034,O027693,C09001,2,Late delivery,2025-03-19
RV001035,O014535,C01392,4,Satisfied,2024-10-07
RV001036,O011060,C05467,4,Nice packaging,2026-01-16
RV001037,O036676,C05255,5,Highly recommended,2024-11-23
RV001038,O017078,C00246,5,Highly recommended,2024-08-06
RV001039,O015626,C03622,5,Fast delivery,2026-06-09
RV001040,O036860,C02504,4,Value for money,2026-03-23
RV001041,O004124,C07450,1,Very disappointed,2025-09-26
RV001042,O015861,C06681,4,Value for money,2026-05-23
RV001043,O025614,C01109,4,Value for money,2024-09-05
RV001044,O019573,C05367,4,Value for money,2025-11-03
RV001045,O038109,C01908,5,Fresh products,2025-08-31
RV001046,O012443,C03117,5,Very satisfied,2025-12-17
RV001047,O024551,C07930,3,Average experience,2025-01-17
RV001048,O013469,C00144,3,Average experience,2024-11-06
RV001049,O001314,C01964,5,Fast delivery,2025-03-16
RV001050,O027133,C00773,4,Value for money,2025-07-16
RV001051,O030950,C09028,4,Good service,2026-07-18
RV001052,O010348,C07698,5,Excellent quality,2026-04-01
RV001053,O010632,C01506,5,Highly recommended,2025-09-22
RV001054,O039601,C07569,3,Could be better,2026-03-19
RV001055,O037019,C02339,5,Very satisfied,2025-03-11
RV001056,O038712,C06147,4,Value for money,2024-08-31
RV001057,O014207,C01521,4,Satisfied,2025-11-11
RV001058,O023697,C09154,4,Value for money,2024-10-26
RV001059,O020289,C06781,4,Nice packaging,2026-05-18
RV001060,O016907,C04075,5,Excellent quality,2025-01-10
RV001061,O025261,C07882,5,Excellent quality,2025-11-07
RV001062,O002994,C02799,5,Highly recommended,2024-12-29
RV001063,O026839,C08575,5,Fast delivery,2025-03-16
RV001064,O018542,C00530,5,Excellent quality,2024-10-13
RV001065,O037370,C06689,4,Satisfied,2026-06-04
RV001066,O022432,C08023,5,Highly recommended,2025-05-19
RV001067,O031668,C07911,1,Very disappointed,2026-02-02
RV001068,O020121,C03951,4,Good service,2025-02-14
RV001069,O030525,C02572,3,Average experience,2026-04-25
RV001070,O005846,C05503,5,Highly recommended,2025-12-13
RV001071,O027125,C05724,2,Product quality below expectations,2026-07-20
RV001072,O036141,C09827,5,Excellent quality,2026-01-20
RV001073,O029664,C04545,4,Nice packaging,2026-03-22
RV001074,O005167,C07246,3,Delivery was okay,2025-03-02
RV001075,O021168,C01072,5,Fresh products,2024-08-11
RV001076,O017474,C08836,5,Highly recommended,2026-02-13
RV001077,O038293,C05386,4,Value for money,2026-01-06
RV001078,O017554,C07594,5,Excellent quality,2025-11-27
RV001079,O009087,C04304,2,Product quality below expectations,2024-10-09
RV001080,O017113,C08303,5,Highly recommended,2024-12-10
RV001081,O026311,C08353,5,Excellent quality,2026-05-18
RV001082,O010192,C00517,3,Could be better,2025-07-22
RV001083,O031404,C07030,2,Product quality below expectations,2025-08-05
RV001084,O010203,C03175,5,Excellent quality,2024-08-26
RV001085,O033122,C06414,5,Fresh products,2025-08-21
RV001086,O003989,C06729,3,Average experience,2026-02-23
RV001087,O024379,C08337,5,Very satisfied,2024-10-14
RV001088,O035248,C08198,4,Value for money,2024-07-30
RV001089,O007202,C06007,5,Highly recommended,2025-09-03
RV001090,O021219,C08008,4,Value for money,2024-10-14
RV001091,O019530,C07518,5,Fast delivery,2026-06-10
RV001092,O024477,C03700,2,Packaging issue,2026-05-01
RV001093,O009825,C09824,5,Fresh products,2024-10-17
RV001094,O034150,C06236,5,Highly recommended,2024-09-23
RV001095,O014685,C03303,5,Highly recommended,2026-05-19
RV001096,O006260,C06349,5,Fast delivery,2025-07-20
RV001097,O013219,C03782,5,Highly recommended,2025-06-14
RV001098,O016457,C02871,1,Wrong item received,2026-04-28
RV001099,O008996,C05735,5,Highly recommended,2025-10-21
RV001100,O020599,C05775,5,Fresh products,2026-02-01
RV001101,O007877,C06546,5,Highly recommended,2024-11-25
RV001102,O005987,C09947,4,Good service,2026-04-14
RV001103,O007550,C08120,5,Very satisfied,2026-02-14
RV001104,O032989,C04596,5,Highly recommended,2026-02-27
RV001105,O010129,C07159,4,Good service,2025-01-04
RV001106,O039220,C08536,4,Good service,2025-01-04
RV001107,O000687,C02763,4,Nice packaging,2026-07-28
RV001108,O010006,C04278,5,Fast delivery,2024-08-29
RV001109,O018035,C07177,3,Average experience,2025-11-29
RV001110,O019811,C07069,5,Highly recommended,2024-11-29
RV001111,O025826,C08046,5,Fast delivery,2026-01-28
RV001112,O007477,C05866,4,Nice packaging,2026-02-07
RV001113,O011101,C07991,5,Fresh products,2024-08-10
RV001114,O014713,C03519,2,Product quality below expectations,2024-11-05
RV001115,O014889,C01700,5,Fast delivery,2025-08-26
RV001116,O037197,C00625,5,Fresh products,2025-12-17
RV001117,O033218,C03780,4,Good service,2025-01-25
RV001118,O020481,C02911,5,Fast delivery,2025-08-08
RV001119,O029374,C09785,1,Damaged product,2026-03-31
RV001120,O001389,C00670,4,Nice packaging,2024-08-21
RV001121,O039651,C06968,2,Packaging issue,2026-01-05
RV001122,O021212,C02271,2,Late delivery,2025-06-19
RV001123,O023508,C03474,4,Satisfied,2025-12-21
RV001124,O021726,C03819,5,Fresh products,2025-10-18
RV001125,O006121,C03585,2,Product quality below expectations,2025-09-20
RV001126,O004468,C03186,2,Product quality below expectations,2025-02-16
RV001127,O021994,C07281,4,Value for money,2026-05-16
RV001128,O025868,C02107,3,Delivery was okay,2025-07-21
RV001129,O023220,C04830,4,Value for money,2026-04-17
RV001130,O000857,C09589,2,Late delivery,2025-01-08
RV001131,O023179,C05598,4,Nice packaging,2025-03-24
RV001132,O035838,C02486,5,Very satisfied,2024-08-15
RV001133,O014619,C06159,4,Value for money,2026-07-27
RV001134,O001704,C02696,5,Excellent quality,2025-06-19
RV001135,O006501,C04820,4,Value for money,2025-09-02
RV001136,O034645,C06456,5,Fast delivery,2025-06-01
RV001137,O034061,C00647,5,Highly recommended,2025-09-05
RV001138,O007249,C08527,4,Value for money,2026-05-02
RV001139,O021772,C08011,5,Fast delivery,2024-09-09
RV001140,O024972,C04632,5,Very satisfied,2025-07-08
RV001141,O002690,C08527,5,Fresh products,2026-05-21
RV001142,O007702,C09982,3,Delivery was okay,2024-09-29
RV001143,O012960,C04657,1,Damaged product,2025-11-18
RV001144,O014484,C04636,5,Fast delivery,2026-04-08
RV001145,O039880,C02560,5,Very satisfied,2025-10-05
RV001146,O028087,C03141,5,Excellent quality,2026-04-27
RV001147,O005089,C08026,4,Satisfied,2024-08-18
RV001148,O019074,C04501,5,Highly recommended,2025-02-22
RV001149,O018720,C01384,4,Satisfied,2026-06-01
RV001150,O035690,C09919,4,Nice packaging,2026-05-14
RV001151,O029778,C08588,5,Fresh products,2025-06-06
RV001152,O002694,C03285,5,Highly recommended,2026-04-11
RV001153,O014490,C04536,5,Excellent quality,2024-08-12
RV001154,O011031,C00258,5,Fresh products,2026-07-12
RV001155,O001499,C00225,3,Could be better,2025-09-09
RV001156,O039071,C07182,5,Very satisfied,2024-12-06
RV001157,O024039,C01232,4,Nice packaging,2024-10-31
RV001158,O021553,C08409,5,Fresh products,2024-10-13
RV001159,O034731,C01182,5,Fresh products,2025-08-06
RV001160,O022651,C00487,4,Good service,2025-06-24
RV001161,O019721,C02460,5,Fast delivery,2026-03-24
RV001162,O029488,C03317,5,Fast delivery,2025-08-14
RV001163,O002116,C04271,3,Average experience,2024-10-08
RV001164,O031762,C09812,4,Satisfied,2024-12-25
RV001165,O031751,C05033,1,Very disappointed,2024-11-01
RV001166,O013568,C00037,4,Satisfied,2025-01-11
RV001167,O010275,C08967,4,Nice packaging,2025-12-30
RV001168,O002623,C00210,5,Very satisfied,2025-03-28
RV001169,O001328,C06500,5,Highly recommended,2026-04-01
RV001170,O039742,C05164,5,Fresh products,2025-12-06
RV001171,O010168,C05105,1,Very disappointed,2026-05-30
RV001172,O030764,C01106,5,Very satisfied,2025-07-23
RV001173,O024835,C06769,2,Late delivery,2026-04-10
RV001174,O025460,C03089,5,Fast delivery,2025-02-20
RV001175,O013553,C05837,5,Very satisfied,2024-09-08
RV001176,O039012,C03252,3,Could be better,2026-07-22
RV001177,O027544,C07288,5,Excellent quality,2025-07-25
RV001178,O038281,C07012,5,Fresh products,2025-09-19
RV001179,O017045,C00967,2,Product quality below expectations,2025-07-19
RV001180,O003309,C04426,4,Nice packaging,2026-03-23
RV001181,O012306,C00600,5,Fast delivery,2024-09-17
RV001182,O014766,C03592,5,Excellent quality,2024-10-31
RV001183,O006416,C05531,4,Good service,2025-08-21
RV001184,O036903,C09169,4,Good service,2025-05-08
RV001185,O036033,C05895,5,Fresh products,2025-05-09
RV001186,O020405,C09293,5,Fast delivery,2025-05-08
RV001187,O031540,C07313,5,Fresh products,2025-12-01
RV001188,O036625,C07898,1,Very disappointed,2026-05-23
RV001189,O015032,C00232,2,Packaging issue,2025-12-27
RV001190,O014752,C03698,4,Nice packaging,2025-04-15
RV001191,O015335,C04016,5,Excellent quality,2026-06-24
RV001192,O027752,C01316,5,Fast delivery,2024-12-08
RV001193,O001620,C05730,5,Highly recommended,2024-09-20
RV001194,O033535,C04794,1,Wrong item received,2025-08-13
RV001195,O038589,C02919,5,Fast delivery,2025-04-21
RV001196,O008319,C07686,1,Damaged product,2026-01-26
RV001197,O001633,C07565,5,Fresh products,2024-08-13
RV001198,O006429,C07969,5,Fast delivery,2025-08-01
RV001199,O036314,C04558,5,Excellent quality,2025-08-09
RV001200,O022353,C05619,5,Very satisfied,2024-12-19
RV001201,O014343,C07106,5,Fresh products,2025-04-17
RV001202,O014995,C09701,5,Fresh products,2024-12-14
RV001203,O029005,C07772,3,Could be better,2024-12-20
RV001204,O027633,C07170,2,Late delivery,2025-11-26
RV001205,O016827,C06846,3,Could be better,2026-04-08
RV001206,O003361,C06743,5,Fast delivery,2025-01-27
RV001207,O034523,C09763,4,Value for money,2026-06-30
RV001208,O034381,C09605,4,Value for money,2024-12-26
RV001209,O019269,C05417,5,Excellent quality,2026-05-17
RV001210,O005028,C04156,4,Good service,2024-10-03
RV001211,O026172,C04458,5,Fresh products,2025-04-25
RV001212,O020239,C05603,5,Very satisfied,2026-08-01
RV001213,O012845,C05646,5,Very satisfied,2025-12-18
RV001214,O004839,C08191,4,Good service,2026-04-25
RV001215,O006113,C01010,5,Fast delivery,2025-12-11
RV001216,O002219,C04891,3,Average experience,2025-12-16
RV001217,O038382,C04662,5,Very satisfied,2026-05-15
RV001218,O006748,C01239,4,Nice packaging,2025-06-07
RV001219,O001554,C02883,5,Highly recommended,2025-02-22
RV001220,O008061,C07952,4,Nice packaging,2026-01-26
RV001221,O028401,C06946,4,Value for money,2025-08-22
RV001222,O002008,C09910,4,Satisfied,2025-03-03
RV001223,O030205,C02863,5,Fresh products,2025-06-07
RV001224,O020705,C05057,4,Nice packaging,2024-12-10
RV001225,O036331,C04226,5,Highly recommended,2024-12-08
RV001226,O029754,C09617,4,Nice packaging,2025-08-02
RV001227,O010414,C06000,5,Very satisfied,2024-10-31
RV001228,O014615,C07514,5,Excellent quality,2024-09-14
RV001229,O035625,C01682,5,Very satisfied,2025-08-07
RV001230,O028047,C09350,4,Good service,2024-12-19
RV001231,O024287,C08672,2,Product quality below expectations,2025-06-13
RV001232,O028092,C04081,4,Nice packaging,2026-01-04
RV001233,O030412,C00343,5,Fresh products,2025-09-29
RV001234,O007367,C09228,5,Excellent quality,2025-05-10
RV001235,O037192,C03273,5,Highly recommended,2026-07-01
RV001236,O034200,C02650,5,Fresh products,2024-10-14
RV001237,O026474,C04963,4,Nice packaging,2026-03-13
RV001238,O001010,C01282,5,Fast delivery,2025-01-07
RV001239,O024418,C07563,5,Excellent quality,2024-09-08
RV001240,O022312,C06091,5,Fresh products,2025-06-28
RV001241,O011492,C09961,4,Good service,2025-05-02
RV001242,O019740,C09563,5,Very satisfied,2025-09-19
RV001243,O015663,C04474,5,Excellent quality,2025-09-28
RV001244,O007661,C01892,3,Average experience,2025-09-29
RV001245,O039268,C00931,3,Average experience,2025-08-18
RV001246,O025545,C09664,4,Satisfied,2026-01-06
RV001247,O010765,C05111,4,Value for money,2025-07-20
RV001248,O015941,C02401,4,Nice packaging,2026-04-12
RV001249,O021741,C03369,5,Very satisfied,2024-09-04
RV001250,O015298,C08316,5,Fresh products,2024-08-12
RV001251,O025816,C09677,4,Nice packaging,2025-12-06
RV001252,O026497,C07530,5,Fresh products,2024-08-11
RV001253,O029103,C00634,4,Satisfied,2025-06-15
RV001254,O030737,C00634,5,Fast delivery,2026-04-08
RV001255,O020454,C03443,4,Satisfied,2025-05-28
RV001256,O000105,C06639,4,Good service,2026-01-19
RV001257,O002698,C08116,4,Satisfied,2024-08-07
RV001258,O039302,C03817,5,Very satisfied,2025-11-03
RV001259,O032290,C03383,5,Highly recommended,2025-03-26
RV001260,O038481,C06678,5,Excellent quality,2026-05-30
RV001261,O025120,C08073,5,Fresh products,2025-06-02
RV001262,O002124,C08476,5,Excellent quality,2025-12-28
RV001263,O020752,C02897,5,Highly recommended,2025-12-28
RV001264,O009979,C09616,3,Average experience,2025-11-03
RV001265,O002658,C04317,5,Excellent quality,2025-09-09
RV001266,O031776,C08578,5,Excellent quality,2025-01-05
RV001267,O030125,C08333,5,Fast delivery,2026-05-19
RV001268,O014696,C03631,5,Very satisfied,2025-09-22
RV001269,O021164,C09541,4,Value for money,2026-04-27
RV001270,O011215,C04178,3,Could be better,2025-04-27
RV001271,O000540,C04811,3,Could be better,2024-12-10
RV001272,O035956,C08240,4,Value for money,2024-10-04
RV001273,O010871,C07892,4,Satisfied,2024-09-11
RV001274,O002747,C09845,5,Excellent quality,2025-05-18
RV001275,O006688,C07020,5,Fast delivery,2024-11-13
RV001276,O028155,C04416,4,Good service,2025-09-08
RV001277,O025274,C05663,4,Good service,2026-07-08
RV001278,O003809,C01845,2,Packaging issue,2025-04-21
RV001279,O024089,C00270,5,Excellent quality,2026-01-04
RV001280,O000861,C03443,5,Fast delivery,2026-07-28
RV001281,O022716,C09999,5,Excellent quality,2024-07-29
RV001282,O010050,C03602,4,Nice packaging,2026-05-22
RV001283,O024933,C01051,5,Highly recommended,2024-12-29
RV001284,O007730,C08150,4,Satisfied,2024-08-17
RV001285,O023719,C04578,4,Value for money,2026-03-04
RV001286,O008076,C03141,5,Excellent quality,2025-11-26
RV001287,O012794,C03156,5,Very satisfied,2025-02-23
RV001288,O031381,C02348,5,Highly recommended,2025-06-08
RV001289,O000158,C07834,5,Highly recommended,2026-02-03
RV001290,O023263,C08855,1,Wrong item received,2025-04-09
RV001291,O025717,C03404,4,Good service,2024-11-21
RV001292,O025202,C09689,5,Highly recommended,2024-08-15
RV001293,O023078,C08412,4,Satisfied,2024-11-02
RV001294,O020477,C07830,3,Could be better,2026-05-31
RV001295,O007742,C09469,5,Highly recommended,2025-04-27
RV001296,O033460,C06068,5,Fresh products,2026-05-13
RV001297,O022478,C02516,4,Nice packaging,2024-12-02
RV001298,O028109,C02359,5,Fresh products,2026-04-14
RV001299,O018957,C03969,5,Fast delivery,2025-09-17
RV001300,O026266,C03061,5,Very satisfied,2025-10-30
RV001301,O025955,C06752,4,Value for money,2026-04-25
RV001302,O009729,C01329,3,Delivery was okay,2025-11-16
RV001303,O003745,C08467,5,Excellent quality,2026-02-18
RV001304,O021518,C07365,5,Fresh products,2025-05-25
RV001305,O008549,C00196,4,Nice packaging,2025-03-07
RV001306,O013904,C02714,5,Very satisfied,2025-11-07
RV001307,O030953,C04340,5,Excellent quality,2025-05-16
RV001308,O014094,C01368,5,Highly recommended,2026-03-18
RV001309,O025748,C02043,5,Fast delivery,2025-08-05
RV001310,O007986,C07583,5,Fast delivery,2025-04-30
RV001311,O035342,C09818,5,Very satisfied,2024-12-09
RV001312,O023784,C02680,4,Value for money,2025-03-07
RV001313,O006728,C09648,3,Delivery was okay,2025-12-24
RV001314,O031419,C01018,4,Good service,2026-05-19
RV001315,O038193,C01695,4,Satisfied,2025-07-12
RV001316,O009541,C01971,4,Value for money,2025-08-02
RV001317,O006529,C03089,5,Excellent quality,2025-07-25
RV001318,O025864,C01001,5,Highly recommended,2025-10-05
RV001319,O016011,C09776,5,Very satisfied,2025-06-12
RV001320,O028802,C00051,5,Excellent quality,2025-06-30
RV001321,O012311,C00772,4,Nice packaging,2026-02-27
RV001322,O001491,C08545,5,Fast delivery,2026-03-01
RV001323,O039930,C00113,5,Fresh products,2024-12-12
RV001324,O020016,C07218,5,Excellent quality,2026-07-04
RV001325,O018477,C01435,4,Good service,2025-04-26
RV001326,O014807,C05117,4,Satisfied,2025-10-27
RV001327,O021945,C07790,2,Product quality below expectations,2026-05-29
RV001328,O027533,C03863,5,Highly recommended,2025-10-31
RV001329,O036654,C07119,5,Fast delivery,2025-01-20
RV001330,O001445,C08689,5,Fresh products,2025-08-04
RV001331,O034086,C04063,5,Highly recommended,2026-07-16
RV001332,O025926,C02289,5,Fresh products,2024-12-13
RV001333,O006563,C03098,5,Very satisfied,2025-08-07
RV001334,O037873,C03911,4,Nice packaging,2025-11-24
RV001335,O016280,C09503,5,Very satisfied,2025-12-03
RV001336,O033728,C04723,4,Satisfied,2025-08-26
RV001337,O019571,C01138,4,Good service,2026-06-15
RV001338,O030124,C07983,5,Highly recommended,2026-06-26
RV001339,O033719,C09269,1,Wrong item received,2024-09-06
RV001340,O014300,C05615,4,Good service,2026-06-14
RV001341,O000009,C02625,5,Highly recommended,2026-02-02
RV001342,O037660,C06662,5,Excellent quality,2025-02-14
RV001343,O013091,C00494,4,Satisfied,2025-06-24
RV001344,O018272,C04226,4,Value for money,2026-07-31
RV001345,O023059,C02526,5,Highly recommended,2026-02-17
RV001346,O016512,C05286,5,Excellent quality,2026-04-15
RV001347,O022053,C08615,4,Nice packaging,2026-05-30
RV001348,O018777,C08517,5,Fast delivery,2025-05-22
RV001349,O037657,C02216,5,Highly recommended,2026-05-28
RV001350,O005020,C08803,5,Fresh products,2025-11-14
RV001351,O005047,C09308,4,Nice packaging,2025-08-03
RV001352,O023781,C03135,3,Delivery was okay,2024-09-25
RV001353,O024960,C03172,5,Highly recommended,2026-02-19
RV001354,O034263,C05523,5,Very satisfied,2026-05-24
RV001355,O029798,C02947,3,Average experience,2026-01-16
RV001356,O039442,C01613,5,Highly recommended,2025-06-18
RV001357,O014873,C07767,4,Nice packaging,2025-03-12
RV001358,O031343,C00707,3,Could be better,2026-02-23
RV001359,O037882,C04266,5,Fresh products,2025-09-03
RV001360,O018537,C08600,5,Excellent quality,2024-08-18
RV001361,O014738,C07356,2,Packaging issue,2026-01-23
RV001362,O017402,C01810,5,Fresh products,2024-11-10
RV001363,O037263,C06591,4,Value for money,2024-12-06
RV001364,O003577,C07474,5,Highly recommended,2025-06-15
RV001365,O032118,C06404,4,Nice packaging,2025-01-30
RV001366,O010993,C01629,5,Fast delivery,2026-04-10
RV001367,O018966,C07583,5,Fast delivery,2025-06-25
RV001368,O027476,C01413,5,Fast delivery,2025-04-23
RV001369,O031128,C08232,5,Highly recommended,2024-10-31
RV001370,O038607,C07671,4,Nice packaging,2025-12-06
RV001371,O004924,C07426,5,Fresh products,2025-02-23
RV001372,O007419,C01288,5,Fresh products,2026-06-30
RV001373,O026147,C07819,5,Very satisfied,2025-05-19
RV001374,O028135,C04301,2,Late delivery,2025-11-11
RV001375,O028555,C01168,5,Fresh products,2026-05-13
RV001376,O024759,C08047,5,Fresh products,2024-08-05
RV001377,O016390,C05652,5,Highly recommended,2025-05-19
RV001378,O032145,C00447,5,Highly recommended,2025-06-22
RV001379,O038843,C05639,4,Nice packaging,2025-09-21
RV001380,O012735,C05130,4,Nice packaging,2025-04-16
RV001381,O023033,C03373,5,Excellent quality,2026-05-24
RV001382,O032281,C00545,5,Highly recommended,2026-01-13
RV001383,O027501,C05102,5,Highly recommended,2026-06-28
RV001384,O025159,C00384,4,Value for money,2024-10-02
RV001385,O003222,C03226,5,Highly recommended,2025-08-07
RV001386,O010007,C00157,5,Fresh products,2025-10-11
RV001387,O002157,C06026,5,Fresh products,2024-08-02
RV001388,O009033,C05432,5,Very satisfied,2026-05-10
RV001389,O023087,C01465,5,Highly recommended,2026-06-10
RV001390,O015721,C04607,5,Fresh products,2026-04-18
RV001391,O002104,C01133,4,Value for money,2024-12-26
RV001392,O000448,C08123,5,Fresh products,2026-01-21
RV001393,O007616,C03272,5,Highly recommended,2025-07-06
RV001394,O001289,C03199,4,Satisfied,2025-03-28
RV001395,O002654,C04555,5,Excellent quality,2026-04-23
RV001396,O003456,C09372,5,Highly recommended,2025-12-23
RV001397,O030663,C00888,4,Satisfied,2025-09-01
RV001398,O008026,C00124,4,Good service,2026-06-20
RV001399,O011498,C07369,4,Good service,2025-12-04
RV001400,O038259,C09420,5,Highly recommended,2026-02-08
RV001401,O003560,C04923,5,Highly recommended,2025-04-01
RV001402,O016830,C07113,5,Excellent quality,2026-08-03
RV001403,O008571,C07494,5,Highly recommended,2026-06-06
RV001404,O025458,C01927,4,Good service,2024-09-17
RV001405,O026656,C04098,3,Average experience,2024-12-01
RV001406,O013351,C03320,1,Wrong item received,2026-04-29
RV001407,O004624,C06704,5,Fresh products,2026-05-12
RV001408,O029858,C05971,5,Fresh products,2024-09-12
RV001409,O009123,C03480,5,Highly recommended,2025-11-11
RV001410,O025875,C01387,5,Highly recommended,2024-09-20
RV001411,O019590,C08473,5,Fresh products,2024-10-13
RV001412,O014637,C00492,4,Nice packaging,2025-01-16
RV001413,O016441,C03132,4,Satisfied,2024-08-31
RV001414,O006408,C08630,5,Fresh products,2025-06-17
RV001415,O026410,C08751,5,Highly recommended,2025-11-28
RV001416,O008736,C04037,3,Could be better,2026-02-23
RV001417,O035949,C07175,5,Very satisfied,2024-11-18
RV001418,O001867,C01396,5,Fresh products,2026-03-03
RV001419,O034428,C01818,5,Highly recommended,2025-02-22
RV001420,O015546,C08346,5,Very satisfied,2026-07-17
RV001421,O034055,C09403,5,Fast delivery,2026-02-23
RV001422,O038041,C01171,5,Very satisfied,2024-11-05
RV001423,O033265,C00574,5,Excellent quality,2025-02-20
RV001424,O011522,C04952,1,Wrong item received,2026-01-27
RV001425,O034809,C04133,5,Fresh products,2024-09-26
RV001426,O027581,C06436,5,Fast delivery,2026-01-31
RV001427,O024178,C03268,5,Very satisfied,2026-03-08
RV001428,O031588,C08340,5,Fast delivery,2024-09-12
RV001429,O005666,C09272,5,Fast delivery,2026-04-27
RV001430,O016188,C05058,1,Damaged product,2026-07-30
RV001431,O018343,C05726,4,Good service,2026-06-28
RV001432,O033872,C02738,4,Satisfied,2025-08-10
RV001433,O037266,C07970,4,Satisfied,2024-10-17
RV001434,O022838,C00519,4,Satisfied,2024-12-07
RV001435,O038905,C05786,5,Fast delivery,2025-03-07
RV001436,O025512,C05415,5,Excellent quality,2025-07-12
RV001437,O016218,C02699,1,Very disappointed,2025-04-23
RV001438,O019893,C09720,2,Product quality below expectations,2024-11-16
RV001439,O021287,C07711,5,Fast delivery,2025-01-10
RV001440,O007341,C08124,5,Excellent quality,2026-04-22
RV001441,O038845,C05237,5,Highly recommended,2025-02-01
RV001442,O024989,C05941,4,Good service,2025-12-17
RV001443,O032935,C03226,5,Fast delivery,2024-12-26
RV001444,O013115,C01634,4,Good service,2026-01-03
RV001445,O016061,C06118,3,Delivery was okay,2025-12-21
RV001446,O022564,C06989,4,Satisfied,2025-03-05
RV001447,O026857,C07715,4,Satisfied,2024-10-03
RV001448,O039792,C05390,4,Nice packaging,2025-11-10
RV001449,O008785,C05668,5,Fresh products,2025-10-04
RV001450,O035621,C00407,4,Nice packaging,2025-03-14
RV001451,O026190,C09998,3,Could be better,2026-05-24
RV001452,O007771,C02776,4,Satisfied,2025-11-20
RV001453,O007585,C03958,3,Average experience,2024-08-12
RV001454,O002714,C07482,5,Very satisfied,2025-10-23
RV001455,O030798,C04447,5,Fast delivery,2026-02-16
RV001456,O017187,C03693,5,Very satisfied,2025-01-31
RV001457,O011160,C02810,5,Fresh products,2024-12-26
RV001458,O003233,C05956,5,Fresh products,2025-04-08
RV001459,O009620,C05255,5,Highly recommended,2025-11-18
RV001460,O004193,C00796,5,Highly recommended,2024-11-11
RV001461,O024888,C06989,3,Could be better,2025-09-27
RV001462,O005342,C02602,5,Very satisfied,2025-01-28
RV001463,O015258,C04433,5,Highly recommended,2025-03-13
RV001464,O030264,C09412,5,Highly recommended,2026-06-01
RV001465,O036542,C09816,5,Highly recommended,2025-10-23
RV001466,O016916,C07567,4,Nice packaging,2024-12-15
RV001467,O017010,C02637,5,Excellent quality,2025-09-29
RV001468,O014001,C01014,5,Excellent quality,2026-08-01
RV001469,O009018,C07283,5,Fast delivery,2025-04-27
RV001470,O018501,C04109,5,Highly recommended,2025-04-01
RV001471,O035421,C07768,4,Value for money,2024-10-18
RV001472,O024401,C01714,5,Fast delivery,2026-01-24
RV001473,O027970,C01082,5,Highly recommended,2024-10-20
RV001474,O031466,C03579,1,Very disappointed,2025-02-17
RV001475,O005136,C05446,2,Late delivery,2024-09-14
RV001476,O025640,C08203,3,Average experience,2025-04-27
RV001477,O011774,C08607,5,Fast delivery,2026-04-12
RV001478,O015536,C08830,5,Highly recommended,2025-08-12
RV001479,O035240,C09891,5,Excellent quality,2024-09-01
RV001480,O017887,C00789,5,Fast delivery,2025-09-11
RV001481,O001556,C01485,5,Fresh products,2025-07-02
RV001482,O004922,C01346,4,Nice packaging,2026-04-08
RV001483,O022173,C05822,5,Excellent quality,2026-04-28
RV001484,O006114,C00022,4,Good service,2025-11-12
RV001485,O013899,C02835,4,Satisfied,2024-12-15
RV001486,O008863,C02878,4,Value for money,2024-12-17
RV001487,O036108,C04020,5,Highly recommended,2025-01-02
RV001488,O021122,C05501,3,Could be better,2024-10-22
RV001489,O019777,C02885,5,Fast delivery,2026-07-17
RV001490,O016029,C03933,5,Very satisfied,2025-04-20
RV001491,O022408,C01424,5,Very satisfied,2026-07-28
RV001492,O021050,C08138,5,Excellent quality,2025-06-21
RV001493,O003862,C09136,5,Fast delivery,2024-12-20
RV001494,O011269,C05383,4,Good service,2025-06-29
RV001495,O005250,C06520,4,Value for money,2025-08-30
RV001496,O029567,C06800,5,Very satisfied,2025-09-16
RV001497,O033782,C05943,2,Product quality below expectations,2025-01-03
RV001498,O028126,C06626,1,Damaged product,2025-03-03
RV001499,O023374,C04311,5,Fast delivery,2026-05-30
RV001500,O037627,C06672,5,Very satisfied,2024-08-19
RV001501,O037559,C08712,4,Satisfied,2026-02-08
RV001502,O018699,C04604,4,Satisfied,2025-05-09
RV001503,O008776,C07895,2,Packaging issue,2025-03-16
RV001504,O009082,C03630,2,Late delivery,2026-02-05
RV001505,O001952,C03140,2,Late delivery,2024-11-14
RV001506,O017779,C06004,5,Highly recommended,2025-03-13
RV001507,O038510,C05528,3,Average experience,2026-07-21
RV001508,O029345,C05859,5,Excellent quality,2025-08-15
RV001509,O025696,C03325,5,Excellent quality,2024-12-18
RV001510,O007819,C01984,5,Highly recommended,2025-06-18
RV001511,O009679,C04572,5,Fast delivery,2025-08-15
RV001512,O033443,C09545,5,Highly recommended,2026-07-31
RV001513,O015609,C06478,4,Nice packaging,2026-05-07
RV001514,O013041,C07273,5,Fresh products,2025-06-23
RV001515,O010442,C04235,3,Delivery was okay,2024-11-25
RV001516,O014886,C07698,4,Nice packaging,2026-07-22
RV001517,O014151,C08111,1,Damaged product,2025-02-02
RV001518,O013100,C03074,5,Very satisfied,2025-11-25
RV001519,O015409,C09084,3,Delivery was okay,2026-01-20
RV001520,O028596,C09022,2,Packaging issue,2025-09-22
RV001521,O028534,C03796,5,Very satisfied,2026-01-08
RV001522,O027300,C00224,4,Satisfied,2025-07-13
RV001523,O005988,C08963,4,Nice packaging,2025-07-31
RV001524,O002971,C04148,4,Satisfied,2024-12-29
RV001525,O019690,C05427,5,Fast delivery,2026-03-17
RV001526,O037672,C08048,5,Excellent quality,2025-06-24
RV001527,O001203,C07329,4,Value for money,2025-05-13
RV001528,O032646,C05240,5,Fresh products,2025-10-03
RV001529,O026579,C04800,5,Fast delivery,2025-02-28
RV001530,O037521,C02553,4,Good service,2026-05-24
RV001531,O001449,C02259,2,Packaging issue,2025-05-26
RV001532,O025922,C05741,4,Value for money,2025-04-15
RV001533,O029418,C02890,1,Damaged product,2024-09-27
RV001534,O019025,C02088,5,Fast delivery,2025-09-25
RV001535,O038001,C07692,5,Fast delivery,2026-04-04
RV001536,O026719,C06596,5,Very satisfied,2025-11-14
RV001537,O029909,C02486,5,Very satisfied,2024-09-05
RV001538,O006373,C01162,5,Very satisfied,2025-02-27
RV001539,O039351,C06668,5,Fast delivery,2026-01-13
RV001540,O015580,C01954,3,Delivery was okay,2024-12-17
RV001541,O013834,C01561,3,Delivery was okay,2025-05-02
RV001542,O010398,C04327,1,Damaged product,2025-09-12
RV001543,O030548,C00306,5,Fresh products,2024-09-06
RV001544,O011573,C01132,5,Highly recommended,2024-12-09
RV001545,O002957,C01273,5,Excellent quality,2025-12-16
RV001546,O034542,C09920,5,Highly recommended,2025-04-28
RV001547,O016969,C00323,4,Satisfied,2024-08-11
RV001548,O021029,C00968,5,Very satisfied,2024-10-28
RV001549,O032512,C06429,4,Good service,2025-12-06
RV001550,O012766,C05705,3,Delivery was okay,2025-11-25
RV001551,O029311,C01640,5,Fresh products,2026-02-19
RV001552,O033426,C09947,5,Very satisfied,2026-08-02
RV001553,O022155,C06905,5,Excellent quality,2025-03-08
RV001554,O004292,C04065,5,Very satisfied,2025-04-06
RV001555,O012701,C08325,5,Very satisfied,2024-09-14
RV001556,O030010,C04945,5,Excellent quality,2025-04-19
RV001557,O020345,C00415,5,Highly recommended,2024-09-06
RV001558,O030428,C09682,4,Value for money,2025-06-18
RV001559,O033056,C07866,5,Fast delivery,2025-03-07
RV001560,O034038,C03302,4,Satisfied,2026-02-12
RV001561,O026094,C06496,4,Satisfied,2025-05-27
RV001562,O001778,C01887,5,Very satisfied,2025-01-17
RV001563,O029404,C02501,2,Product quality below expectations,2026-06-19
RV001564,O002148,C01607,4,Satisfied,2025-03-18
RV001565,O025977,C03973,5,Highly recommended,2025-07-28
RV001566,O014602,C06252,3,Average experience,2025-08-24
RV001567,O006779,C00514,3,Delivery was okay,2025-06-30
RV001568,O018089,C02988,5,Excellent quality,2025-04-29
RV001569,O028163,C00986,5,Highly recommended,2026-04-16
RV001570,O017695,C01713,5,Fresh products,2024-09-10
RV001571,O038796,C04300,5,Highly recommended,2025-12-07
RV001572,O004985,C03908,3,Average experience,2025-07-06
RV001573,O013233,C04816,5,Excellent quality,2025-06-15
RV001574,O016679,C09441,5,Fast delivery,2026-02-27
RV001575,O033105,C05108,3,Average experience,2024-11-13
RV001576,O009013,C02705,5,Fresh products,2025-11-16
RV001577,O027855,C05313,4,Nice packaging,2025-07-25
RV001578,O031444,C03545,5,Highly recommended,2024-12-18
RV001579,O036480,C00803,3,Could be better,2025-05-20
RV001580,O010246,C04620,3,Delivery was okay,2024-11-09
RV001581,O037956,C03996,2,Packaging issue,2026-05-08
RV001582,O033840,C06192,5,Very satisfied,2026-07-04
RV001583,O018935,C02802,5,Fast delivery,2026-07-05
RV001584,O015868,C03061,5,Fast delivery,2026-01-03
RV001585,O014253,C04414,5,Fast delivery,2025-06-07
RV001586,O033993,C06999,5,Fresh products,2025-11-22
RV001587,O015046,C09461,5,Very satisfied,2025-04-21
RV001588,O000120,C09790,5,Very satisfied,2026-04-05
RV001589,O017827,C03214,5,Highly recommended,2025-12-14
RV001590,O026821,C08309,5,Highly recommended,2025-01-25
RV001591,O026995,C06776,4,Value for money,2024-11-28
RV001592,O000951,C01475,5,Fresh products,2026-07-28
RV001593,O034905,C02553,3,Delivery was okay,2026-06-25
RV001594,O005576,C00847,1,Damaged product,2024-11-05
RV001595,O021030,C07772,5,Excellent quality,2025-07-25
RV001596,O018767,C00433,4,Satisfied,2025-09-21
RV001597,O027378,C06195,5,Very satisfied,2025-05-20
RV001598,O022431,C00372,1,Wrong item received,2025-06-27
RV001599,O020128,C05856,5,Fresh products,2024-12-15
RV001600,O009264,C00159,5,Excellent quality,2026-05-19
RV001601,O023875,C02115,2,Late delivery,2025-11-26
RV001602,O001994,C03595,5,Highly recommended,2024-09-09
RV001603,O017842,C05248,5,Excellent quality,2026-06-04
RV001604,O032583,C07941,4,Value for money,2024-11-14
RV001605,O013683,C06076,3,Could be better,2025-10-26
RV001606,O039207,C09589,3,Delivery was okay,2026-01-05
RV001607,O018780,C01245,5,Fast delivery,2025-11-11
RV001608,O022625,C04181,2,Packaging issue,2025-03-11
RV001609,O018046,C05822,5,Very satisfied,2025-11-28
RV001610,O003979,C00988,4,Satisfied,2025-06-04
RV001611,O007189,C00952,5,Very satisfied,2026-03-26
RV001612,O037340,C06842,5,Very satisfied,2025-03-18
RV001613,O012553,C08432,5,Highly recommended,2025-11-01
RV001614,O036129,C04313,3,Could be better,2025-10-03
RV001615,O038616,C01733,5,Highly recommended,2024-10-19
RV001616,O038237,C08601,5,Fresh products,2024-09-28
RV001617,O017222,C01703,5,Fresh products,2026-07-13
RV001618,O002805,C04171,2,Packaging issue,2025-10-11
RV001619,O016166,C06987,5,Fast delivery,2024-11-07
RV001620,O001827,C03566,3,Average experience,2025-04-19
RV001621,O031972,C05397,5,Highly recommended,2024-09-24
RV001622,O032424,C08179,3,Could be better,2024-12-01
RV001623,O000326,C08766,5,Highly recommended,2025-02-20
RV001624,O014896,C08695,5,Excellent quality,2025-10-08
RV001625,O013943,C07113,5,Fresh products,2025-10-27
RV001626,O012929,C03550,4,Good service,2025-10-15
RV001627,O039823,C00047,4,Nice packaging,2025-01-08
RV001628,O012010,C08456,5,Highly recommended,2025-10-02
RV001629,O010432,C07830,5,Fast delivery,2025-12-09
RV001630,O003800,C03093,4,Satisfied,2025-06-25
RV001631,O017473,C04416,5,Fast delivery,2025-10-10
RV001632,O005180,C01342,4,Nice packaging,2025-10-17
RV001633,O012268,C07928,5,Excellent quality,2025-01-30
RV001634,O039297,C09402,4,Value for money,2024-08-16
RV001635,O022792,C02991,5,Fresh products,2025-02-06
RV001636,O031284,C03625,3,Delivery was okay,2024-08-06
RV001637,O008903,C05326,4,Satisfied,2026-03-07
RV001638,O026052,C05982,5,Very satisfied,2026-03-20
RV001639,O026024,C00136,5,Excellent quality,2025-05-27
RV001640,O034299,C06371,5,Fresh products,2025-01-03
RV001641,O015041,C08682,4,Value for money,2025-03-04
RV001642,O030650,C03689,4,Nice packaging,2025-08-24
RV001643,O038432,C09336,5,Fast delivery,2024-09-26
RV001644,O008782,C05945,4,Value for money,2025-12-20
RV001645,O036984,C07364,4,Good service,2025-11-10
RV001646,O015679,C02663,5,Highly recommended,2025-12-31
RV001647,O021479,C03800,5,Very satisfied,2026-02-05
RV001648,O019111,C07147,3,Average experience,2026-05-06
RV001649,O010837,C02036,5,Highly recommended,2024-11-12
RV001650,O021561,C00137,5,Very satisfied,2024-10-18
RV001651,O030557,C03738,5,Very satisfied,2025-04-20
RV001652,O025756,C07883,3,Delivery was okay,2025-02-06
RV001653,O023712,C00927,3,Delivery was okay,2026-02-10
RV001654,O000445,C07843,3,Delivery was okay,2025-04-13
RV001655,O022146,C08523,4,Good service,2024-12-17
RV001656,O037716,C01153,5,Fast delivery,2026-04-17
RV001657,O003328,C00255,3,Could be better,2025-12-05
RV001658,O029563,C05991,2,Late delivery,2025-12-18
RV001659,O010813,C00283,5,Highly recommended,2025-12-11
RV001660,O022221,C00498,5,Excellent quality,2026-04-24
RV001661,O011361,C07196,5,Highly recommended,2025-07-09
RV001662,O016794,C09811,5,Fast delivery,2026-03-16
RV001663,O032873,C01976,4,Nice packaging,2025-11-22
RV001664,O018552,C04181,3,Average experience,2025-07-27
RV001665,O036865,C06803,5,Excellent quality,2026-04-15
RV001666,O012423,C03440,4,Value for money,2026-06-25
RV001667,O020776,C09988,4,Value for money,2024-12-04
RV001668,O008331,C06465,5,Fast delivery,2025-02-26
RV001669,O013340,C02993,5,Excellent quality,2026-02-07
RV001670,O022944,C00290,5,Very satisfied,2025-11-20
RV001671,O005837,C05929,5,Very satisfied,2025-04-09
RV001672,O017650,C07235,4,Good service,2025-07-09
RV001673,O004367,C03354,5,Fresh products,2025-08-30
RV001674,O004891,C00059,5,Fresh products,2026-04-01
RV001675,O023342,C03372,4,Value for money,2024-10-29
RV001676,O024737,C05045,2,Product quality below expectations,2026-04-16
RV001677,O026244,C04503,5,Highly recommended,2025-07-29
RV001678,O030334,C05880,5,Highly recommended,2024-10-26
RV001679,O032876,C00136,2,Late delivery,2025-02-11
RV001680,O008554,C05807,4,Value for money,2026-03-19
RV001681,O002542,C09278,5,Fresh products,2025-02-16
RV001682,O016788,C02389,5,Very satisfied,2026-05-28
RV001683,O035529,C08978,4,Good service,2025-02-04
RV001684,O003937,C01377,1,Very disappointed,2025-01-05
RV001685,O038067,C08194,5,Excellent quality,2026-03-25
RV001686,O033590,C09486,5,Very satisfied,2025-06-20
RV001687,O023114,C03706,3,Could be better,2026-02-26
RV001688,O014270,C05113,5,Very satisfied,2026-02-07
RV001689,O005735,C01585,4,Value for money,2026-01-13
RV001690,O020368,C02745,5,Very satisfied,2025-02-07
RV001691,O034433,C00369,5,Excellent quality,2024-09-03
RV001692,O014498,C03364,5,Highly recommended,2025-01-07
RV001693,O036800,C07693,5,Highly recommended,2025-02-05
RV001694,O008063,C00634,5,Fresh products,2025-03-19
RV001695,O026411,C05614,5,Excellent quality,2025-10-23
RV001696,O030256,C01662,5,Excellent quality,2026-05-24
RV001697,O019610,C06003,5,Highly recommended,2025-03-24
RV001698,O001002,C09573,3,Average experience,2025-12-08
RV001699,O025928,C03451,4,Value for money,2025-12-21
RV001700,O026521,C08832,5,Highly recommended,2026-02-16
RV001701,O001697,C05359,5,Highly recommended,2026-04-24
RV001702,O038158,C01929,5,Highly recommended,2024-08-31
RV001703,O018044,C04714,1,Wrong item received,2025-07-29
RV001704,O025153,C06091,5,Highly recommended,2024-12-01
RV001705,O033942,C06946,5,Very satisfied,2025-04-04
RV001706,O017763,C08118,5,Fast delivery,2025-01-02
RV001707,O039135,C08357,5,Fresh products,2024-09-04
RV001708,O023492,C08791,5,Excellent quality,2025-08-25
RV001709,O030135,C04864,5,Very satisfied,2025-09-11
RV001710,O008925,C06907,5,Very satisfied,2025-01-28
RV001711,O018128,C03849,4,Good service,2025-11-08
RV001712,O011813,C09506,3,Could be better,2025-11-16
RV001713,O000242,C00737,4,Nice packaging,2024-10-04
RV001714,O005217,C04719,4,Nice packaging,2025-08-02
RV001715,O000260,C03715,4,Nice packaging,2025-02-24
RV001716,O034296,C06812,2,Packaging issue,2024-09-14
RV001717,O017194,C04601,5,Highly recommended,2026-04-11
RV001718,O017339,C07171,3,Delivery was okay,2026-05-29
RV001719,O002962,C03508,3,Delivery was okay,2025-10-23
RV001720,O032454,C02179,5,Fresh products,2025-08-20
RV001721,O025147,C04242,5,Fresh products,2025-03-18
RV001722,O017074,C03724,4,Nice packaging,2025-09-26
RV001723,O033223,C04597,5,Highly recommended,2025-02-12
RV001724,O028200,C03544,5,Highly recommended,2026-05-02
RV001725,O014735,C05508,3,Could be better,2024-08-30
RV001726,O035060,C02065,5,Excellent quality,2026-04-21
RV001727,O001950,C01532,5,Excellent quality,2025-07-13
RV001728,O005559,C09415,5,Fast delivery,2025-10-25
RV001729,O012274,C09416,5,Fast delivery,2024-08-09
RV001730,O018500,C06932,2,Product quality below expectations,2026-01-23
RV001731,O016702,C07599,5,Highly recommended,2026-05-23
RV001732,O009079,C08234,5,Fresh products,2025-09-30
RV001733,O010454,C02055,5,Fresh products,2025-01-23
RV001734,O014846,C07144,5,Excellent quality,2025-07-30
RV001735,O007947,C08283,4,Value for money,2026-02-06
RV001736,O031213,C06936,4,Good service,2025-06-10
RV001737,O031194,C03777,5,Highly recommended,2026-06-04
RV001738,O035969,C08668,5,Very satisfied,2024-12-29
RV001739,O019351,C03345,5,Fast delivery,2025-04-06
RV001740,O008539,C00741,5,Excellent quality,2025-08-19
RV001741,O014363,C08279,3,Delivery was okay,2026-02-21
RV001742,O019011,C02160,5,Highly recommended,2026-03-04
RV001743,O026299,C02079,5,Excellent quality,2025-02-17
RV001744,O029716,C03087,2,Late delivery,2025-12-17
RV001745,O019272,C05488,5,Highly recommended,2024-12-16
RV001746,O021278,C04462,5,Very satisfied,2025-08-01
RV001747,O023020,C02420,5,Fast delivery,2026-04-10
RV001748,O010018,C08518,5,Excellent quality,2026-01-05
RV001749,O003196,C02964,2,Late delivery,2026-06-24
RV001750,O035654,C00682,5,Fast delivery,2025-05-30
RV001751,O031051,C04438,2,Product quality below expectations,2024-08-12
RV001752,O018239,C05286,5,Fast delivery,2026-04-13
RV001753,O012190,C07455,5,Highly recommended,2026-05-27
RV001754,O028645,C01744,4,Good service,2024-10-18
RV001755,O033649,C07227,5,Fast delivery,2025-11-17
RV001756,O001783,C02622,5,Very satisfied,2026-07-27
RV001757,O018727,C01877,5,Excellent quality,2024-10-20
RV001758,O021395,C07582,5,Excellent quality,2025-06-19
RV001759,O003596,C04616,5,Highly recommended,2025-09-25
RV001760,O026220,C07561,2,Late delivery,2025-10-10
RV001761,O034129,C00847,5,Excellent quality,2025-12-13
RV001762,O000480,C02518,5,Very satisfied,2024-09-21
RV001763,O031255,C03681,5,Fresh products,2024-11-17
RV001764,O012480,C04167,4,Satisfied,2026-07-16
RV001765,O003664,C02901,4,Good service,2025-09-21
RV001766,O030329,C07421,5,Fresh products,2024-10-18
RV001767,O017537,C01811,2,Packaging issue,2025-10-21
RV001768,O039493,C08717,4,Satisfied,2024-09-27
RV001769,O027573,C02622,1,Wrong item received,2024-10-04
RV001770,O036074,C05555,4,Nice packaging,2024-12-13
RV001771,O004052,C05206,1,Wrong item received,2024-10-17
RV001772,O006255,C05917,4,Satisfied,2025-07-30
RV001773,O022149,C03284,5,Very satisfied,2024-08-01
RV001774,O002380,C00812,4,Value for money,2025-02-10
RV001775,O034967,C06817,5,Highly recommended,2024-10-11
RV001776,O031702,C07752,5,Excellent quality,2024-10-17
RV001777,O038213,C05704,5,Very satisfied,2025-06-24
RV001778,O005300,C03932,5,Excellent quality,2024-10-11
RV001779,O028923,C00435,4,Satisfied,2025-08-20
RV001780,O039569,C08321,5,Very satisfied,2026-05-11
RV001781,O023914,C01669,5,Fresh products,2026-03-21
RV001782,O038125,C00241,5,Fast delivery,2025-09-01
RV001783,O021073,C04952,5,Fast delivery,2026-03-17
RV001784,O022657,C00644,5,Fresh products,2025-02-10
RV001785,O013526,C00620,4,Nice packaging,2026-01-28
RV001786,O016955,C02557,5,Fast delivery,2024-10-22
RV001787,O028346,C08048,4,Good service,2024-09-28
RV001788,O008784,C06855,1,Very disappointed,2026-06-04
RV001789,O019017,C06496,4,Nice packaging,2024-10-12
RV001790,O007896,C08116,5,Fast delivery,2024-10-25
RV001791,O021708,C04223,5,Fresh products,2025-04-21
RV001792,O001459,C00381,4,Value for money,2024-12-21
RV001793,O033296,C02320,4,Nice packaging,2025-10-13
RV001794,O002693,C09673,4,Nice packaging,2025-01-04
RV001795,O017583,C04423,2,Packaging issue,2025-02-19
RV001796,O000079,C06282,5,Fast delivery,2025-11-27
RV001797,O003660,C02872,5,Fresh products,2026-03-16
RV001798,O007198,C07627,5,Excellent quality,2025-10-10
RV001799,O039386,C07774,5,Fresh products,2026-06-21
RV001800,O036203,C09816,2,Product quality below expectations,2025-12-22
RV001801,O016081,C00425,5,Highly recommended,2025-11-29
RV001802,O035828,C08684,1,Damaged product,2026-03-09
RV001803,O014841,C06904,5,Fresh products,2024-10-23
RV001804,O005759,C07386,4,Nice packaging,2026-01-04
RV001805,O026509,C02423,3,Average experience,2025-09-14
RV001806,O025893,C04161,3,Delivery was okay,2026-05-03
RV001807,O014527,C09006,5,Fast delivery,2025-03-15
RV001808,O035865,C09735,4,Nice packaging,2026-07-28
RV001809,O039175,C08577,5,Fresh products,2024-10-01
RV001810,O025142,C00710,5,Very satisfied,2025-10-29
RV001811,O038274,C00594,5,Fast delivery,2024-10-27
RV001812,O024514,C05263,4,Satisfied,2025-10-07
RV001813,O013311,C09840,5,Highly recommended,2026-01-27
RV001814,O013603,C05015,4,Satisfied,2026-07-08
RV001815,O024998,C03576,1,Damaged product,2024-12-27
RV001816,O023216,C04445,3,Average experience,2024-11-07
RV001817,O012814,C07012,5,Fresh products,2026-02-11
RV001818,O006554,C00416,5,Highly recommended,2025-12-19
RV001819,O021950,C06802,5,Highly recommended,2024-08-11
RV001820,O027054,C01959,5,Very satisfied,2026-01-04
RV001821,O035904,C02837,4,Satisfied,2025-05-23
RV001822,O034691,C05124,5,Fresh products,2026-02-17
RV001823,O023588,C06583,5,Highly recommended,2026-01-07
RV001824,O021385,C03500,5,Fresh products,2026-05-18
RV001825,O008879,C00246,1,Very disappointed,2026-01-11
RV001826,O036296,C01757,4,Good service,2025-03-08
RV001827,O020860,C05046,5,Very satisfied,2024-11-21
RV001828,O037637,C04283,4,Nice packaging,2024-12-21
RV001829,O005726,C02925,1,Very disappointed,2025-01-20
RV001830,O005332,C04691,5,Fast delivery,2025-06-18
RV001831,O011009,C09833,5,Very satisfied,2025-09-22
RV001832,O020857,C06807,5,Fresh products,2025-01-07
RV001833,O033165,C09807,4,Nice packaging,2025-08-06
RV001834,O014030,C02737,5,Fast delivery,2025-03-06
RV001835,O002024,C08583,4,Satisfied,2024-10-07
RV001836,O029133,C07090,5,Fast delivery,2025-03-12
RV001837,O037223,C09538,3,Delivery was okay,2025-04-02
RV001838,O026371,C09749,3,Delivery was okay,2024-09-22
RV001839,O004608,C01212,5,Fast delivery,2025-11-24
RV001840,O028050,C07018,4,Satisfied,2025-01-12
RV001841,O023920,C06802,3,Could be better,2025-06-20
RV001842,O035330,C09664,4,Satisfied,2025-04-12
RV001843,O011787,C08890,5,Highly recommended,2025-08-02
RV001844,O039506,C06484,4,Good service,2026-05-01
RV001845,O032817,C03821,2,Packaging issue,2025-09-17
RV001846,O033697,C01217,4,Good service,2025-04-17
RV001847,O039131,C08699,5,Excellent quality,2025-07-20
RV001848,O031676,C07196,3,Could be better,2025-08-13
RV001849,O016879,C00828,4,Nice packaging,2026-07-23
RV001850,O030757,C07538,4,Nice packaging,2024-09-02
RV001851,O023300,C02215,4,Satisfied,2025-05-12
RV001852,O009767,C01131,5,Excellent quality,2026-06-20
RV001853,O007433,C03952,5,Fresh products,2025-10-21
RV001854,O035057,C05121,5,Very satisfied,2025-07-01
RV001855,O018695,C07075,5,Fresh products,2026-03-23
RV001856,O032860,C07848,4,Satisfied,2026-02-06
RV001857,O031704,C09091,5,Highly recommended,2025-10-02
RV001858,O029597,C08534,4,Satisfied,2024-10-05
RV001859,O017975,C03524,3,Delivery was okay,2026-07-25
RV001860,O037207,C06619,5,Highly recommended,2025-03-09
RV001861,O034808,C01690,4,Good service,2025-09-01
RV001862,O012395,C02415,5,Highly recommended,2024-11-13
RV001863,O029077,C01431,4,Value for money,2026-05-31
RV001864,O026610,C06945,4,Value for money,2025-11-07
RV001865,O036567,C06721,4,Nice packaging,2025-02-26
RV001866,O025052,C09305,5,Excellent quality,2026-06-25
RV001867,O017023,C09647,5,Fast delivery,2024-12-30
RV001868,O025364,C03254,5,Fast delivery,2025-07-17
RV001869,O033771,C01923,5,Very satisfied,2026-04-21
RV001870,O000146,C01268,5,Fresh products,2024-11-06
RV001871,O036336,C02214,3,Average experience,2025-12-07
RV001872,O025322,C07303,5,Excellent quality,2024-11-22
RV001873,O010923,C07480,4,Satisfied,2025-12-08
RV001874,O009201,C00984,4,Good service,2025-07-18
RV001875,O016384,C04283,4,Satisfied,2025-09-20
RV001876,O018621,C01905,5,Fast delivery,2024-12-01
RV001877,O033967,C06887,4,Satisfied,2024-08-11
RV001878,O001850,C00087,2,Late delivery,2025-10-08
RV001879,O010864,C03924,5,Fast delivery,2025-08-31
RV001880,O022472,C02832,4,Value for money,2024-09-23
RV001881,O028289,C00284,3,Average experience,2024-11-17
RV001882,O024793,C03188,5,Fresh products,2024-09-15
RV001883,O000978,C08053,3,Delivery was okay,2026-01-15
RV001884,O002035,C09960,5,Fast delivery,2026-04-20
RV001885,O039907,C08352,5,Fresh products,2025-05-09
RV001886,O020480,C02326,5,Fast delivery,2025-08-24
RV001887,O018110,C07467,4,Satisfied,2025-12-06
RV001888,O014540,C07370,4,Value for money,2025-12-19
RV001889,O020506,C06273,5,Excellent quality,2025-10-11
RV001890,O019543,C09825,5,Fast delivery,2025-06-25
RV001891,O032156,C00300,3,Delivery was okay,2026-04-25
RV001892,O015944,C09994,4,Satisfied,2024-11-03
RV001893,O018100,C00067,4,Good service,2024-12-06
RV001894,O026845,C04586,4,Satisfied,2024-12-24
RV001895,O034161,C00325,5,Fresh products,2025-03-29
RV001896,O007542,C07212,3,Could be better,2025-06-22
RV001897,O036516,C01167,4,Satisfied,2025-01-26
RV001898,O037865,C08971,3,Delivery was okay,2024-10-10
RV001899,O035934,C08494,5,Very satisfied,2025-06-26
RV001900,O003342,C03232,5,Excellent quality,2025-10-17
RV001901,O015107,C05465,5,Excellent quality,2024-08-21
RV001902,O008219,C00456,5,Fast delivery,2024-10-03
RV001903,O003458,C05444,2,Late delivery,2025-03-14
RV001904,O023824,C05289,5,Excellent quality,2024-12-17
RV001905,O021433,C07816,4,Satisfied,2025-11-26
RV001906,O031968,C07241,3,Could be better,2025-12-24
RV001907,O004838,C05711,5,Highly recommended,2024-11-27
RV001908,O022709,C02855,5,Very satisfied,2024-09-04
RV001909,O028760,C01000,2,Late delivery,2025-11-21
RV001910,O012869,C07297,5,Fresh products,2025-03-30
RV001911,O035469,C09108,5,Excellent quality,2025-09-24
RV001912,O036405,C01261,2,Product quality below expectations,2025-06-01
RV001913,O018338,C02494,5,Very satisfied,2024-11-21
RV001914,O039923,C03515,1,Damaged product,2025-06-14
RV001915,O039656,C07955,4,Satisfied,2024-08-21
RV001916,O003404,C09302,5,Highly recommended,2025-08-12
RV001917,O013267,C06198,4,Value for money,2026-07-21
RV001918,O021974,C06533,2,Late delivery,2024-12-27
RV001919,O029395,C00328,4,Satisfied,2024-10-01
RV001920,O015009,C08543,5,Highly recommended,2025-12-28
RV001921,O027668,C08843,5,Highly recommended,2025-01-19
RV001922,O023177,C00857,5,Highly recommended,2026-06-28
RV001923,O035463,C01726,4,Good service,2025-05-30
RV001924,O029851,C07792,4,Nice packaging,2025-01-08
RV001925,O029734,C02456,5,Fast delivery,2025-04-26
RV001926,O024154,C07741,4,Nice packaging,2025-03-06
RV001927,O015422,C01723,3,Could be better,2025-03-01
RV001928,O000371,C08925,4,Good service,2026-03-04
RV001929,O005325,C05838,4,Value for money,2024-08-26
RV001930,O015606,C08217,2,Late delivery,2024-08-29
RV001931,O035822,C09906,5,Excellent quality,2025-06-28
RV001932,O000097,C01428,5,Fresh products,2026-06-17
RV001933,O031663,C04858,5,Excellent quality,2025-04-18
RV001934,O003861,C07003,4,Satisfied,2026-03-13
RV001935,O021595,C04600,5,Very satisfied,2026-06-23
RV001936,O023137,C01132,5,Fast delivery,2026-02-03
RV001937,O024390,C06825,4,Value for money,2025-11-11
RV001938,O014236,C07591,4,Satisfied,2024-10-05
RV001939,O005874,C08196,5,Very satisfied,2025-11-15
RV001940,O024064,C03978,4,Value for money,2025-06-06
RV001941,O000319,C07515,5,Highly recommended,2025-11-23
RV001942,O037343,C08238,5,Fast delivery,2024-08-08
RV001943,O010992,C09382,5,Fast delivery,2025-03-03
RV001944,O011801,C04795,4,Satisfied,2026-07-14
RV001945,O003516,C05623,5,Fresh products,2025-05-07
RV001946,O029246,C07358,5,Highly recommended,2026-08-04
RV001947,O037612,C07581,4,Satisfied,2025-01-18
RV001948,O020594,C09906,5,Highly recommended,2024-10-05
RV001949,O019553,C05878,5,Fresh products,2026-04-23
RV001950,O002198,C04373,5,Fast delivery,2025-03-23
RV001951,O026058,C03227,5,Very satisfied,2025-12-11
RV001952,O025918,C05304,5,Excellent quality,2025-09-25
RV001953,O026830,C04273,5,Excellent quality,2024-08-26
RV001954,O016268,C02475,5,Highly recommended,2025-03-24
RV001955,O019303,C00239,3,Could be better,2024-10-07
RV001956,O034104,C03264,5,Highly recommended,2026-05-05
RV001957,O012034,C09020,4,Value for money,2025-04-19
RV001958,O036160,C06729,5,Very satisfied,2025-12-22
RV001959,O038885,C03394,4,Value for money,2025-06-29
RV001960,O025851,C07961,5,Fresh products,2025-01-12
RV001961,O038399,C05044,5,Fresh products,2026-05-01
RV001962,O023280,C02141,5,Fast delivery,2025-04-16
RV001963,O017133,C09452,5,Excellent quality,2026-05-30
RV001964,O030821,C00747,4,Nice packaging,2025-07-05
RV001965,O023029,C01160,5,Excellent quality,2026-05-05
RV001966,O015989,C01917,5,Fresh products,2025-01-22
RV001967,O035429,C02889,4,Good service,2025-01-24
RV001968,O008146,C00491,5,Excellent quality,2025-03-15
RV001969,O003226,C08293,5,Fast delivery,2025-12-28
RV001970,O038623,C09960,4,Satisfied,2025-02-12
RV001971,O004042,C05345,5,Excellent quality,2024-09-27
RV001972,O009325,C05712,5,Very satisfied,2026-04-27
RV001973,O007391,C06877,3,Delivery was okay,2025-01-16
RV001974,O016793,C08548,3,Average experience,2025-06-01
RV001975,O011178,C04166,4,Value for money,2026-06-18
RV001976,O030719,C07235,5,Very satisfied,2024-10-15
RV001977,O003191,C00703,5,Very satisfied,2025-10-06
RV001978,O026090,C00674,5,Fast delivery,2026-02-16
RV001979,O028292,C08830,5,Very satisfied,2025-01-01
RV001980,O023025,C05039,4,Value for money,2025-12-03
RV001981,O035347,C09672,5,Very satisfied,2025-09-28
RV001982,O033931,C03218,5,Fresh products,2026-07-10
RV001983,O026484,C05834,2,Product quality below expectations,2025-10-22
RV001984,O021516,C03597,5,Highly recommended,2026-01-08
RV001985,O011771,C01628,5,Fast delivery,2025-03-11
RV001986,O019076,C04357,5,Excellent quality,2026-02-11
RV001987,O016831,C07651,1,Very disappointed,2026-05-16
RV001988,O017373,C09489,5,Fresh products,2025-08-31
RV001989,O033810,C07292,4,Good service,2025-02-17
RV001990,O013301,C06123,4,Satisfied,2026-02-02
RV001991,O039069,C07918,4,Good service,2024-08-13
RV001992,O023041,C00573,4,Nice packaging,2026-02-21
RV001993,O018535,C01991,2,Late delivery,2025-08-26
RV001994,O039076,C07949,4,Nice packaging,2024-12-28
RV001995,O004438,C00845,5,Very satisfied,2026-05-26
RV001996,O018958,C02408,5,Fresh products,2025-06-03
RV001997,O035729,C09190,4,Satisfied,2025-12-22
RV001998,O033862,C04475,4,Satisfied,2026-01-17
RV001999,O016949,C02312,3,Delivery was okay,2025-04-08
RV002000,O019390,C07908,3,Delivery was okay,2026-02-03
RV002001,O016984,C06079,4,Nice packaging,2025-12-26
RV002002,O027571,C00224,5,Fresh products,2025-05-23
RV002003,O033066,C02339,5,Fast delivery,2026-08-02
RV002004,O021291,C00537,5,Fresh products,2025-07-17
RV002005,O009301,C00976,5,Very satisfied,2024-11-03
RV002006,O030214,C00619,3,Average experience,2026-02-16
RV002007,O029774,C09200,4,Nice packaging,2025-10-31
RV002008,O011541,C04264,5,Very satisfied,2025-11-12
RV002009,O010008,C07854,2,Product quality below expectations,2026-07-07
RV002010,O031768,C04556,5,Fast delivery,2025-08-27
RV002011,O019160,C02179,4,Satisfied,2025-04-05
RV002012,O008727,C07444,2,Product quality below expectations,2026-01-09
RV002013,O034661,C00220,1,Damaged product,2025-10-11
RV002014,O001878,C00926,2,Late delivery,2024-12-06
RV002015,O036852,C05485,5,Excellent quality,2025-02-09
RV002016,O031162,C05846,5,Fresh products,2024-12-01
RV002017,O029782,C08454,5,Fresh products,2025-09-25
RV002018,O018440,C03927,2,Packaging issue,2026-06-24
RV002019,O026413,C09851,5,Excellent quality,2024-09-25
RV002020,O001493,C07034,5,Very satisfied,2025-12-05
RV002021,O019728,C07254,5,Very satisfied,2026-02-26
RV002022,O005857,C06070,4,Value for money,2025-07-03
RV002023,O019618,C05712,5,Fresh products,2025-12-27
RV002024,O030447,C02313,3,Could be better,2024-11-05
RV002025,O017100,C08062,5,Fast delivery,2026-05-16
RV002026,O029173,C03055,5,Fresh products,2025-02-09
RV002027,O008615,C02165,5,Very satisfied,2025-01-31
RV002028,O012697,C08693,3,Average experience,2025-09-16
RV002029,O036699,C06816,5,Fast delivery,2026-04-16
RV002030,O033927,C00648,5,Excellent quality,2025-01-04
RV002031,O011611,C07943,5,Fast delivery,2026-06-12
RV002032,O035153,C04842,3,Delivery was okay,2025-07-13
RV002033,O038161,C05125,4,Value for money,2026-01-29
RV002034,O008451,C08151,2,Late delivery,2026-02-10
RV002035,O035233,C08307,4,Good service,2025-07-24
RV002036,O026124,C03080,4,Good service,2026-06-15
RV002037,O029593,C06920,4,Nice packaging,2024-12-31
RV002038,O015813,C09009,4,Good service,2025-02-03
RV002039,O012404,C04669,5,Highly recommended,2026-04-12
RV002040,O000734,C08444,2,Late delivery,2025-05-16
RV002041,O032652,C02621,5,Fresh products,2025-01-25
RV002042,O033889,C05484,5,Fast delivery,2024-12-26
RV002043,O024145,C02860,5,Very satisfied,2026-07-15
RV002044,O014575,C08049,5,Fresh products,2025-10-25
RV002045,O004601,C05640,5,Fresh products,2025-02-17
RV002046,O011105,C05441,4,Nice packaging,2025-09-12
RV002047,O011520,C08076,5,Very satisfied,2026-04-08
RV002048,O006460,C04369,5,Excellent quality,2026-04-11
RV002049,O008354,C05247,4,Value for money,2025-05-03
RV002050,O010463,C01831,5,Highly recommended,2025-02-08
RV002051,O002455,C06759,4,Nice packaging,2024-09-01
RV002052,O015490,C01444,5,Fast delivery,2025-12-02
RV002053,O015712,C06025,4,Nice packaging,2024-11-19
RV002054,O039560,C05368,4,Value for money,2025-11-07
RV002055,O037798,C07974,5,Fast delivery,2025-07-28
RV002056,O031422,C00602,2,Late delivery,2026-03-23
RV002057,O002614,C08793,4,Nice packaging,2025-03-23
RV002058,O010646,C09665,4,Good service,2026-06-12
RV002059,O004945,C07036,5,Excellent quality,2025-02-13
RV002060,O003538,C06639,5,Fast delivery,2026-04-21
RV002061,O008071,C05376,5,Excellent quality,2024-12-18
RV002062,O005845,C02877,5,Highly recommended,2025-01-08
RV002063,O004610,C05638,1,Wrong item received,2024-09-01
RV002064,O035679,C00597,5,Excellent quality,2025-07-18
RV002065,O014477,C02687,4,Good service,2025-01-01
RV002066,O003990,C00635,5,Highly recommended,2024-09-23
RV002067,O036835,C00665,5,Fresh products,2025-01-19
RV002068,O029711,C01105,5,Fresh products,2026-07-20
RV002069,O017258,C09802,2,Late delivery,2025-12-05
RV002070,O010094,C07516,5,Very satisfied,2024-11-11
RV002071,O024912,C07757,4,Satisfied,2024-12-15
RV002072,O011948,C05478,4,Value for money,2025-06-04
RV002073,O032404,C09747,2,Late delivery,2026-06-15
RV002074,O017902,C06353,5,Excellent quality,2024-10-26
RV002075,O037461,C04517,5,Highly recommended,2024-11-01
RV002076,O015178,C09122,5,Very satisfied,2024-09-30
RV002077,O008518,C03161,3,Could be better,2024-11-07
RV002078,O027690,C03876,4,Good service,2025-11-17
RV002079,O022114,C02760,5,Very satisfied,2026-04-02
RV002080,O017786,C06100,5,Highly recommended,2025-07-05
RV002081,O016231,C05475,4,Nice packaging,2026-02-09
RV002082,O001707,C02306,1,Damaged product,2026-03-24
RV002083,O001575,C05019,1,Very disappointed,2025-10-01
RV002084,O024997,C05634,4,Nice packaging,2024-10-04
RV002085,O000327,C02478,4,Value for money,2026-06-10
RV002086,O016853,C09997,4,Value for money,2026-03-22
RV002087,O032722,C07896,4,Value for money,2026-03-18
RV002088,O008908,C01136,4,Value for money,2024-09-09
RV002089,O025842,C03017,5,Excellent quality,2025-08-16
RV002090,O019312,C05250,5,Highly recommended,2025-01-26
RV002091,O034651,C06495,5,Excellent quality,2025-11-22
RV002092,O028767,C02665,4,Nice packaging,2024-09-26
RV002093,O035358,C06079,5,Excellent quality,2025-10-02
RV002094,O025518,C05772,3,Delivery was okay,2024-09-21
RV002095,O019642,C00925,4,Good service,2025-02-11
RV002096,O026687,C00842,5,Highly recommended,2025-09-26
RV002097,O036208,C07526,5,Fast delivery,2025-08-30
RV002098,O011626,C08821,5,Excellent quality,2025-01-20
RV002099,O009413,C04720,3,Average experience,2026-03-26
RV002100,O034700,C01022,4,Good service,2025-06-06
RV002101,O017512,C06703,1,Very disappointed,2025-03-31
RV002102,O021384,C02222,5,Highly recommended,2026-01-02
RV002103,O034045,C03922,3,Delivery was okay,2024-12-05
RV002104,O036850,C05120,5,Very satisfied,2026-01-29
RV002105,O003841,C04504,5,Very satisfied,2025-01-23
RV002106,O021707,C05926,2,Product quality below expectations,2025-12-17
RV002107,O022318,C01666,5,Excellent quality,2025-05-05
RV002108,O035596,C09607,3,Could be better,2026-06-19
RV002109,O006448,C03302,4,Nice packaging,2026-07-04
RV002110,O032483,C02161,4,Good service,2026-04-09
RV002111,O013038,C02682,3,Could be better,2025-11-21
RV002112,O035637,C06315,5,Fast delivery,2025-11-29
RV002113,O031209,C08968,4,Nice packaging,2026-03-17
RV002114,O013443,C03888,5,Highly recommended,2025-07-01
RV002115,O009121,C09066,5,Excellent quality,2026-02-08
RV002116,O005646,C05615,5,Highly recommended,2025-10-06
RV002117,O014631,C08200,5,Highly recommended,2024-10-17
RV002118,O021755,C02871,5,Fast delivery,2025-12-22
RV002119,O001632,C03643,5,Excellent quality,2025-05-24
RV002120,O025372,C03898,1,Wrong item received,2024-10-23
RV002121,O037624,C06233,3,Could be better,2025-03-03
RV002122,O021577,C09593,5,Fast delivery,2025-03-18
RV002123,O024978,C07801,5,Fresh products,2025-09-23
RV002124,O013284,C06832,4,Nice packaging,2024-11-10
RV002125,O020798,C05637,5,Fresh products,2025-07-21
RV002126,O008196,C00606,5,Highly recommended,2026-04-21
RV002127,O035207,C09550,5,Highly recommended,2026-02-03
RV002128,O005584,C02635,4,Good service,2026-05-27
RV002129,O020568,C06724,5,Highly recommended,2024-12-26
RV002130,O003245,C09338,4,Nice packaging,2025-10-19
RV002131,O019473,C00952,5,Excellent quality,2025-09-01
RV002132,O011219,C02276,5,Very satisfied,2024-10-31
RV002133,O008300,C09047,5,Fast delivery,2025-03-12
RV002134,O019917,C08916,4,Value for money,2026-01-23
RV002135,O034928,C05530,4,Nice packaging,2025-09-04
RV002136,O007557,C07580,5,Very satisfied,2025-01-04
RV002137,O035144,C09202,5,Fast delivery,2026-01-18
RV002138,O033526,C02445,4,Value for money,2025-03-19
RV002139,O027497,C01942,5,Excellent quality,2026-07-12
RV002140,O009776,C03340,5,Excellent quality,2026-01-18
RV002141,O036796,C08252,5,Fresh products,2026-07-26
RV002142,O001976,C02096,3,Delivery was okay,2025-09-16
RV002143,O039661,C00078,4,Satisfied,2025-09-04
RV002144,O005368,C01132,5,Very satisfied,2025-01-18
RV002145,O016324,C02040,3,Could be better,2026-02-08
RV002146,O029963,C09501,5,Very satisfied,2026-05-27
RV002147,O001424,C03967,3,Delivery was okay,2025-10-08
RV002148,O019404,C08454,5,Fresh products,2024-10-04
RV002149,O000898,C02419,5,Very satisfied,2025-07-23
RV002150,O039431,C02245,5,Excellent quality,2024-10-28
RV002151,O028523,C01673,5,Very satisfied,2025-08-13
RV002152,O033858,C04942,3,Could be better,2026-05-06
RV002153,O035566,C05858,4,Good service,2025-08-21
RV002154,O032734,C01308,5,Excellent quality,2026-02-28
RV002155,O014942,C03063,5,Highly recommended,2024-10-19
RV002156,O012322,C04152,5,Fresh products,2025-07-01
RV002157,O019959,C06522,5,Very satisfied,2025-07-25
RV002158,O023905,C02582,5,Fresh products,2025-01-21
RV002159,O003796,C03473,4,Satisfied,2025-02-01
RV002160,O023527,C08836,5,Fresh products,2026-05-28
RV002161,O022507,C09680,3,Delivery was okay,2024-08-02
RV002162,O024686,C03374,3,Average experience,2026-03-26
RV002163,O039299,C09645,4,Satisfied,2024-09-09
RV002164,O003816,C09265,5,Excellent quality,2026-07-09
RV002165,O029529,C02487,4,Good service,2024-09-01
RV002166,O004268,C09466,4,Satisfied,2025-09-10
RV002167,O022947,C00619,5,Excellent quality,2025-09-05
RV002168,O007507,C02556,4,Good service,2025-08-11
RV002169,O005601,C08325,5,Very satisfied,2025-04-12
RV002170,O010035,C08227,1,Damaged product,2025-01-10
RV002171,O031560,C02809,5,Fresh products,2025-05-15
RV002172,O018268,C07084,5,Excellent quality,2024-09-25
RV002173,O014243,C05707,4,Nice packaging,2025-03-24
RV002174,O007890,C06764,5,Very satisfied,2025-07-03
RV002175,O019120,C09889,5,Excellent quality,2026-05-14
RV002176,O006111,C00218,3,Average experience,2026-05-08
RV002177,O005600,C01476,3,Delivery was okay,2024-09-05
RV002178,O026063,C00057,3,Could be better,2026-04-19
RV002179,O005658,C06140,5,Very satisfied,2024-11-15
RV002180,O026928,C06195,5,Very satisfied,2025-10-27
RV002181,O035195,C08622,5,Fast delivery,2025-11-28
RV002182,O007376,C03483,3,Could be better,2025-04-04
RV002183,O014388,C09320,5,Excellent quality,2024-12-14
RV002184,O003768,C05286,5,Fresh products,2026-06-12
RV002185,O007019,C05258,2,Product quality below expectations,2026-01-06
RV002186,O021399,C08328,5,Fresh products,2025-03-01
RV002187,O023761,C06518,5,Fresh products,2025-10-18
RV002188,O011271,C07533,3,Average experience,2024-11-14
RV002189,O036225,C03405,5,Very satisfied,2024-12-30
RV002190,O037990,C03149,4,Good service,2024-10-18
RV002191,O004493,C08721,5,Excellent quality,2024-08-02
RV002192,O028563,C06999,4,Satisfied,2025-05-31
RV002193,O005518,C08608,4,Nice packaging,2025-03-08
RV002194,O028402,C02675,4,Nice packaging,2025-08-13
RV002195,O005554,C06586,1,Very disappointed,2025-04-07
RV002196,O000261,C07059,3,Average experience,2026-04-27
RV002197,O039947,C00214,4,Satisfied,2025-02-09
RV002198,O033475,C07993,3,Could be better,2024-12-11
RV002199,O030151,C04668,5,Fast delivery,2024-09-05
RV002200,O011856,C06380,5,Fast delivery,2025-12-08
RV002201,O006116,C04811,4,Satisfied,2025-11-25
RV002202,O032739,C03845,3,Delivery was okay,2026-07-09
RV002203,O012008,C02810,5,Fast delivery,2025-09-24
RV002204,O026696,C06886,4,Good service,2026-01-23
RV002205,O028477,C04327,5,Fast delivery,2024-12-01
RV002206,O037825,C04453,5,Fresh products,2025-01-07
RV002207,O014410,C06348,5,Highly recommended,2024-08-26
RV002208,O002885,C01422,4,Nice packaging,2025-05-15
RV002209,O025438,C03494,5,Fresh products,2026-04-09
RV002210,O017382,C05170,5,Highly recommended,2025-03-14
RV002211,O020546,C08226,4,Value for money,2024-12-18
RV002212,O016988,C07849,2,Packaging issue,2025-07-20
RV002213,O037625,C02239,5,Very satisfied,2026-01-30
RV002214,O022878,C00233,5,Very satisfied,2025-07-31
RV002215,O015426,C05534,3,Average experience,2026-01-26
RV002216,O018432,C06370,5,Very satisfied,2025-02-12
RV002217,O036609,C03353,4,Nice packaging,2025-12-19
RV002218,O002859,C06104,3,Delivery was okay,2025-04-21
RV002219,O030340,C05395,5,Excellent quality,2026-01-30
RV002220,O021857,C03994,5,Fast delivery,2025-07-08
RV002221,O033038,C08906,5,Fast delivery,2025-09-01
RV002222,O028655,C00995,2,Late delivery,2024-08-06
RV002223,O029261,C02110,5,Fresh products,2025-02-20
RV002224,O023567,C05860,4,Nice packaging,2025-09-29
RV002225,O021245,C09260,5,Very satisfied,2025-03-10
RV002226,O037978,C09002,5,Highly recommended,2024-11-30
RV002227,O016770,C05532,1,Very disappointed,2024-11-07
RV002228,O007744,C01085,5,Very satisfied,2025-01-24
RV002229,O027252,C06533,5,Highly recommended,2025-08-24
RV002230,O038781,C08630,5,Very satisfied,2026-03-01
RV002231,O023275,C09484,5,Fresh products,2025-12-23
RV002232,O020972,C00567,5,Very satisfied,2026-06-25
RV002233,O035395,C07425,4,Nice packaging,2025-08-26
RV002234,O019119,C07420,5,Highly recommended,2024-11-28
RV002235,O006312,C01108,5,Fresh products,2026-04-24
RV002236,O017218,C09388,5,Excellent quality,2025-03-13
RV002237,O024235,C03194,5,Highly recommended,2025-01-25
RV002238,O027361,C04802,4,Good service,2025-10-12
RV002239,O036144,C05595,5,Highly recommended,2025-09-02
RV002240,O000412,C04491,5,Excellent quality,2026-07-07
RV002241,O024862,C07511,5,Fresh products,2025-01-19
RV002242,O032134,C09331,5,Very satisfied,2024-11-10
RV002243,O005193,C06901,5,Highly recommended,2026-06-03
RV002244,O036249,C03498,4,Value for money,2025-05-23
RV002245,O034692,C00018,5,Highly recommended,2026-04-15
RV002246,O003214,C02251,5,Very satisfied,2026-04-11
RV002247,O007762,C01540,4,Satisfied,2025-06-25
RV002248,O017544,C07271,2,Late delivery,2024-09-15
RV002249,O022482,C00341,5,Very satisfied,2026-07-03
RV002250,O015889,C00982,3,Could be better,2026-02-11
RV002251,O015913,C03859,4,Good service,2025-07-30
RV002252,O025074,C03264,5,Fast delivery,2026-02-26
RV002253,O038024,C06111,3,Average experience,2026-01-18
RV002254,O036577,C08242,3,Could be better,2026-07-19
RV002255,O038033,C02738,5,Fast delivery,2025-02-28
RV002256,O003435,C07517,5,Fast delivery,2024-12-17
RV002257,O010513,C00419,3,Average experience,2025-07-17
RV002258,O006745,C02575,5,Highly recommended,2024-10-03
RV002259,O017720,C01421,4,Satisfied,2026-04-20
RV002260,O029031,C05367,3,Delivery was okay,2026-06-23
RV002261,O039291,C08903,3,Average experience,2026-02-13
RV002262,O022206,C00605,5,Highly recommended,2026-06-16
RV002263,O018513,C00961,5,Excellent quality,2024-10-23
RV002264,O006363,C03553,4,Satisfied,2026-03-09
RV002265,O027315,C04068,2,Late delivery,2025-08-07
RV002266,O028910,C05404,5,Fresh products,2026-01-17
RV002267,O029818,C07785,5,Fast delivery,2026-05-27
RV002268,O038464,C08192,5,Highly recommended,2025-05-23
RV002269,O027272,C06163,5,Highly recommended,2025-08-23
RV002270,O025597,C07148,5,Very satisfied,2025-08-09
RV002271,O035192,C00498,5,Fresh products,2026-07-21
RV002272,O035663,C06180,5,Fresh products,2025-07-07
RV002273,O004328,C03219,5,Very satisfied,2025-07-03
RV002274,O011393,C01526,5,Fresh products,2025-10-31
RV002275,O030323,C07727,5,Excellent quality,2024-10-09
RV002276,O018929,C06272,3,Delivery was okay,2024-12-08
RV002277,O009872,C05141,5,Fresh products,2026-02-24
RV002278,O024146,C03309,3,Could be better,2026-05-25
RV002279,O028885,C06516,5,Highly recommended,2025-09-22
RV002280,O000964,C07864,5,Highly recommended,2025-03-30
RV002281,O035449,C02139,5,Highly recommended,2025-01-01
RV002282,O009801,C05849,5,Highly recommended,2025-05-14
RV002283,O033805,C03794,5,Fast delivery,2026-05-27
RV002284,O035480,C05792,2,Packaging issue,2025-06-17
RV002285,O028776,C02281,4,Value for money,2025-12-25
RV002286,O036147,C00470,4,Satisfied,2025-03-05
RV002287,O007461,C03099,5,Fresh products,2024-09-03
RV002288,O007667,C04283,5,Fresh products,2026-03-26
RV002289,O032515,C03194,4,Nice packaging,2026-01-16
RV002290,O016447,C01328,2,Late delivery,2026-05-31
RV002291,O026359,C08614,3,Average experience,2025-08-31
RV002292,O022764,C04367,3,Delivery was okay,2026-06-23
RV002293,O009724,C03752,5,Very satisfied,2025-10-08
RV002294,O038758,C08500,4,Good service,2026-02-06
RV002295,O035109,C06898,5,Very satisfied,2025-05-14
RV002296,O033365,C09995,5,Highly recommended,2025-09-04
RV002297,O025539,C00097,5,Very satisfied,2024-10-24
RV002298,O018369,C00895,4,Good service,2026-03-07
RV002299,O014305,C03784,5,Fresh products,2025-09-22
RV002300,O026201,C08104,5,Very satisfied,2026-06-18
RV002301,O008468,C03112,5,Highly recommended,2026-06-03
RV002302,O022807,C04205,5,Very satisfied,2025-09-10
RV002303,O029761,C06675,2,Packaging issue,2026-02-15
RV002304,O024410,C04257,5,Very satisfied,2026-01-03
RV002305,O027626,C00193,5,Highly recommended,2025-11-18
RV002306,O028616,C03598,4,Value for money,2026-03-05
RV002307,O000882,C09957,5,Very satisfied,2025-07-07
RV002308,O006686,C03044,4,Satisfied,2025-04-17
RV002309,O000457,C00419,5,Very satisfied,2026-04-08
RV002310,O020469,C02485,5,Fast delivery,2025-01-16
RV002311,O015038,C02852,5,Highly recommended,2026-05-06
RV002312,O038321,C07744,1,Damaged product,2025-06-12
RV002313,O009992,C00466,4,Satisfied,2026-02-01
RV002314,O025810,C03600,4,Value for money,2025-01-05
RV002315,O025590,C04767,5,Excellent quality,2025-03-29
RV002316,O020884,C01655,4,Nice packaging,2025-11-25
RV002317,O020227,C01581,5,Very satisfied,2024-08-07
RV002318,O005299,C06862,3,Average experience,2026-06-21
RV002319,O028936,C09612,4,Good service,2025-12-14
RV002320,O029652,C00774,4,Value for money,2024-09-20
RV002321,O020466,C07816,4,Value for money,2024-08-16
RV002322,O003987,C01779,4,Good service,2025-04-01
RV002323,O018139,C04671,5,Fast delivery,2025-03-06
RV002324,O039784,C04913,5,Fresh products,2024-10-10
RV002325,O019773,C01489,5,Excellent quality,2024-12-27
RV002326,O005085,C08087,5,Highly recommended,2024-12-21
RV002327,O013197,C01783,5,Very satisfied,2025-02-24
RV002328,O011566,C05712,5,Highly recommended,2026-01-04
RV002329,O023756,C00805,5,Excellent quality,2026-08-02
RV002330,O019246,C00108,4,Satisfied,2024-09-08
RV002331,O018127,C07517,5,Fresh products,2025-12-10
RV002332,O027873,C00848,5,Highly recommended,2025-06-19
RV002333,O019793,C09807,4,Good service,2025-11-02
RV002334,O000058,C00053,3,Average experience,2026-02-05
RV002335,O025946,C09493,1,Damaged product,2025-03-06
RV002336,O025238,C03026,5,Fast delivery,2024-10-01
RV002337,O007361,C05123,4,Good service,2025-04-21
RV002338,O035494,C00425,4,Good service,2025-02-23
RV002339,O023642,C06210,5,Fresh products,2024-12-01
RV002340,O036299,C03349,5,Excellent quality,2026-01-21
RV002341,O027585,C05270,5,Very satisfied,2024-11-30
RV002342,O001204,C01468,2,Packaging issue,2025-01-12
RV002343,O026727,C03568,5,Very satisfied,2025-09-12
RV002344,O025969,C09740,1,Wrong item received,2024-08-15
RV002345,O038824,C04109,4,Satisfied,2024-09-04
RV002346,O014837,C01817,5,Fast delivery,2025-07-06
RV002347,O013776,C08835,5,Highly recommended,2025-06-19
RV002348,O001241,C03124,5,Fresh products,2025-05-11
RV002349,O026451,C03416,2,Late delivery,2025-07-09
RV002350,O024611,C08797,5,Very satisfied,2026-03-21
RV002351,O003580,C01624,4,Good service,2024-12-08
RV002352,O000267,C05392,5,Highly recommended,2025-07-29
RV002353,O001519,C07503,5,Fast delivery,2025-05-11
RV002354,O024043,C01405,5,Excellent quality,2026-03-03
RV002355,O023502,C01279,5,Fast delivery,2024-09-09
RV002356,O020636,C02957,3,Could be better,2026-02-11
RV002357,O019681,C07868,5,Fast delivery,2025-11-09
RV002358,O022884,C09482,5,Highly recommended,2025-07-12
RV002359,O028365,C05902,1,Very disappointed,2024-12-17
RV002360,O017313,C06879,4,Satisfied,2026-01-12
RV002361,O012903,C00960,5,Highly recommended,2025-10-05
RV002362,O039113,C08020,5,Fresh products,2024-11-15
RV002363,O002497,C00452,4,Value for money,2024-09-13
RV002364,O014922,C02853,1,Damaged product,2025-10-10
RV002365,O008582,C06248,3,Delivery was okay,2025-09-02
RV002366,O012667,C08278,2,Packaging issue,2025-12-31
RV002367,O003460,C02655,5,Excellent quality,2025-06-30
RV002368,O011183,C07883,3,Could be better,2026-03-17
RV002369,O039033,C05984,2,Late delivery,2024-12-20
RV002370,O010670,C05613,5,Highly recommended,2024-12-29
RV002371,O006911,C02488,3,Could be better,2025-08-22
RV002372,O025804,C04870,2,Product quality below expectations,2026-06-21
RV002373,O000846,C01508,5,Fresh products,2026-06-21
RV002374,O029685,C02903,2,Packaging issue,2026-01-23
RV002375,O036583,C07664,5,Very satisfied,2025-11-16
RV002376,O027016,C05546,1,Very disappointed,2025-12-27
RV002377,O004295,C04002,5,Very satisfied,2025-02-12
RV002378,O035472,C06272,1,Very disappointed,2024-09-12
RV002379,O019112,C03927,4,Nice packaging,2025-11-29
RV002380,O017080,C02577,4,Good service,2024-10-15
RV002381,O036987,C02474,5,Fresh products,2026-07-31
RV002382,O004499,C00381,5,Fast delivery,2024-09-14
RV002383,O006025,C05361,5,Fast delivery,2025-01-05
RV002384,O037030,C00365,4,Good service,2025-01-20
RV002385,O000735,C02604,1,Very disappointed,2025-10-17
RV002386,O021383,C03532,5,Excellent quality,2025-03-08
RV002387,O033863,C08054,4,Satisfied,2025-02-14
RV002388,O002935,C00012,5,Highly recommended,2026-06-14
RV002389,O033033,C01008,4,Value for money,2025-07-25
RV002390,O038145,C06710,5,Excellent quality,2026-07-10
RV002391,O002509,C06916,5,Fast delivery,2025-09-16
RV002392,O032280,C06897,5,Very satisfied,2024-11-16
RV002393,O038309,C02818,4,Good service,2024-12-25
RV002394,O038644,C07682,5,Fresh products,2025-06-22
RV002395,O012203,C03594,5,Excellent quality,2024-11-10
RV002396,O023000,C00830,4,Satisfied,2026-05-16
RV002397,O008906,C01256,2,Packaging issue,2025-04-19
RV002398,O005229,C01094,4,Good service,2025-07-08
RV002399,O005840,C04240,5,Very satisfied,2024-10-09
RV002400,O014167,C07194,5,Fast delivery,2026-03-06
RV002401,O036041,C02056,5,Fresh products,2025-12-04
RV002402,O003556,C03225,4,Value for money,2026-03-14
RV002403,O006891,C02270,5,Excellent quality,2024-08-28
RV002404,O030299,C06294,4,Nice packaging,2025-07-02
RV002405,O005597,C01640,4,Satisfied,2025-12-20
RV002406,O003975,C01861,5,Very satisfied,2026-03-30
RV002407,O026620,C09704,5,Highly recommended,2026-05-08
RV002408,O024101,C05149,5,Highly recommended,2024-08-26
RV002409,O028201,C01954,5,Fast delivery,2024-08-22
RV002410,O013447,C01174,5,Excellent quality,2025-07-04
RV002411,O029875,C04968,5,Excellent quality,2025-05-19
RV002412,O032495,C04398,4,Good service,2025-05-14
RV002413,O024668,C03960,5,Highly recommended,2025-07-24
RV002414,O022636,C09175,3,Could be better,2025-11-21
RV002415,O028411,C09963,1,Very disappointed,2025-08-26
RV002416,O036112,C04434,5,Highly recommended,2025-05-04
RV002417,O036975,C08742,5,Very satisfied,2025-10-13
RV002418,O002703,C02019,5,Excellent quality,2026-04-06
RV002419,O028947,C07023,5,Very satisfied,2025-03-27
RV002420,O031471,C05600,5,Highly recommended,2026-05-15
RV002421,O008712,C07582,5,Fast delivery,2025-04-14
RV002422,O005161,C03747,5,Fast delivery,2025-06-18
RV002423,O024049,C06590,4,Value for money,2025-02-18
RV002424,O004946,C06280,4,Nice packaging,2024-09-01
RV002425,O036337,C09073,5,Fast delivery,2025-09-09
RV002426,O021612,C07032,1,Very disappointed,2025-06-25
RV002427,O005656,C05795,4,Good service,2026-02-13
RV002428,O033623,C07114,5,Fast delivery,2025-08-06
RV002429,O035257,C08343,5,Very satisfied,2024-11-29
RV002430,O013892,C03733,5,Fresh products,2024-10-02
RV002431,O023861,C08305,5,Highly recommended,2025-06-29
RV002432,O023173,C08872,5,Highly recommended,2025-01-24
RV002433,O006110,C09464,5,Highly recommended,2026-01-15
RV002434,O017703,C04483,5,Very satisfied,2024-10-28
RV002435,O034619,C02665,5,Highly recommended,2025-09-11
RV002436,O037525,C02854,3,Could be better,2025-02-19
RV002437,O033682,C02886,5,Highly recommended,2026-05-05
RV002438,O024954,C03737,5,Fast delivery,2025-12-29
RV002439,O036842,C06683,5,Excellent quality,2024-12-16
RV002440,O025530,C05862,5,Fast delivery,2025-01-10
RV002441,O038554,C07302,4,Value for money,2025-11-03
RV002442,O029317,C04681,4,Nice packaging,2026-01-21
RV002443,O016734,C08993,3,Could be better,2025-05-31
RV002444,O038216,C08379,5,Fast delivery,2026-06-20
RV002445,O018132,C00797,5,Fast delivery,2026-06-28
RV002446,O038862,C04999,2,Late delivery,2025-07-29
RV002447,O023377,C05319,5,Fast delivery,2025-07-10
RV002448,O009309,C00435,5,Excellent quality,2024-10-30
RV002449,O012269,C04181,5,Fast delivery,2026-04-23
RV002450,O015261,C09483,5,Excellent quality,2026-07-10
RV002451,O032791,C07955,4,Satisfied,2024-09-16
RV002452,O015495,C08911,5,Very satisfied,2026-01-24
RV002453,O039561,C07140,5,Highly recommended,2025-11-06
RV002454,O020942,C05127,5,Excellent quality,2026-02-13
RV002455,O038571,C03307,5,Fresh products,2025-05-03
RV002456,O039796,C02127,5,Highly recommended,2024-11-28
RV002457,O006241,C00801,5,Fresh products,2024-11-17
RV002458,O032306,C02420,3,Delivery was okay,2025-03-06
RV002459,O005722,C00098,4,Satisfied,2025-09-01
RV002460,O033868,C01570,4,Satisfied,2025-10-01
RV002461,O022901,C07109,2,Packaging issue,2025-06-18
RV002462,O028579,C09185,5,Fast delivery,2026-01-02
RV002463,O012461,C01881,5,Highly recommended,2024-08-03
RV002464,O004283,C05160,5,Highly recommended,2025-10-03
RV002465,O003138,C08682,1,Very disappointed,2025-09-13
RV002466,O024016,C08029,5,Fast delivery,2024-09-11
RV002467,O003084,C00789,5,Highly recommended,2025-01-19
RV002468,O000007,C05580,5,Excellent quality,2025-11-27
RV002469,O006016,C07478,4,Satisfied,2025-06-09
RV002470,O039327,C04784,4,Nice packaging,2025-08-21
RV002471,O018898,C02747,4,Satisfied,2025-09-27
RV002472,O033392,C02601,2,Product quality below expectations,2025-05-01
RV002473,O027945,C00721,3,Could be better,2025-05-14
RV002474,O027616,C02207,5,Excellent quality,2026-07-16
RV002475,O000942,C08523,5,Fresh products,2026-05-10
RV002476,O023592,C01801,4,Good service,2026-04-17
RV002477,O012340,C01606,4,Satisfied,2025-02-08
RV002478,O010352,C00939,4,Good service,2026-01-06
RV002479,O001336,C02851,5,Very satisfied,2025-06-07
RV002480,O019570,C04268,4,Nice packaging,2025-05-13
RV002481,O025778,C07105,4,Satisfied,2024-10-06
RV002482,O037935,C08694,4,Good service,2025-12-26
RV002483,O031069,C06816,5,Excellent quality,2026-06-18
RV002484,O025297,C01220,4,Value for money,2025-11-22
RV002485,O004375,C06764,5,Fresh products,2024-11-26
RV002486,O001744,C06441,4,Nice packaging,2025-12-01
RV002487,O039199,C09182,4,Good service,2024-09-03
RV002488,O020509,C01651,4,Nice packaging,2026-06-25
RV002489,O006497,C01325,4,Value for money,2025-10-22
RV002490,O036861,C03953,5,Highly recommended,2025-04-13
RV002491,O024694,C08865,2,Packaging issue,2025-05-13
RV002492,O003370,C07009,4,Value for money,2026-07-19
RV002493,O031281,C01229,5,Fast delivery,2026-07-31
RV002494,O034062,C08012,3,Delivery was okay,2025-07-30
RV002495,O035638,C03193,5,Fresh products,2026-04-10
RV002496,O013556,C06379,3,Could be better,2026-08-06
RV002497,O003340,C00061,5,Fresh products,2024-12-14
RV002498,O018004,C01582,5,Highly recommended,2026-05-16
RV002499,O035205,C04950,5,Highly recommended,2025-12-10
RV002500,O024762,C06684,4,Value for money,2024-11-29
RV002501,O029630,C06677,2,Packaging issue,2025-02-12
RV002502,O008808,C07408,5,Very satisfied,2026-03-20
RV002503,O007021,C01031,1,Wrong item received,2025-07-27
RV002504,O024910,C04760,3,Could be better,2025-01-17
RV002505,O017243,C07797,5,Fresh products,2026-05-01
RV002506,O022587,C01503,5,Highly recommended,2025-08-21
RV002507,O015319,C04923,5,Very satisfied,2024-11-23
RV002508,O003027,C09525,2,Packaging issue,2024-10-14
RV002509,O004925,C00879,4,Satisfied,2026-01-07
RV002510,O012530,C03173,4,Good service,2024-12-31
RV002511,O018669,C00468,4,Satisfied,2025-04-07
RV002512,O030415,C03963,5,Highly recommended,2025-11-21
RV002513,O017330,C01709,4,Value for money,2024-09-30
RV002514,O009606,C00038,5,Highly recommended,2025-07-09
RV002515,O024347,C01565,1,Damaged product,2025-12-05
RV002516,O008258,C08142,5,Fresh products,2025-09-29
RV002517,O015786,C09908,4,Good service,2025-12-06
RV002518,O033615,C09841,5,Very satisfied,2024-12-28
RV002519,O038364,C00051,5,Fast delivery,2024-12-24
RV002520,O007851,C03265,4,Good service,2025-03-16
RV002521,O029934,C06334,3,Delivery was okay,2024-12-07
RV002522,O037054,C06132,5,Excellent quality,2025-03-17
RV002523,O027834,C08839,3,Delivery was okay,2024-08-18
RV002524,O009752,C07451,2,Late delivery,2026-06-24
RV002525,O032302,C08260,5,Fresh products,2026-05-26
RV002526,O024070,C06722,5,Very satisfied,2024-11-17
RV002527,O015859,C00616,4,Nice packaging,2024-10-22
RV002528,O024229,C09129,5,Excellent quality,2026-05-02
RV002529,O038246,C06222,4,Value for money,2025-03-27
RV002530,O009161,C06723,5,Very satisfied,2024-12-14
RV002531,O022481,C00079,4,Good service,2025-02-13
RV002532,O029773,C08956,3,Average experience,2025-10-14
RV002533,O029912,C08724,5,Excellent quality,2026-04-03
RV002534,O036718,C04577,5,Highly recommended,2025-06-09
RV002535,O025311,C01969,5,Fresh products,2026-07-03
RV002536,O000514,C07417,2,Product quality below expectations,2024-10-11
RV002537,O031378,C05267,5,Fast delivery,2026-04-16
RV002538,O038120,C03662,5,Highly recommended,2025-01-30
RV002539,O019010,C02717,4,Nice packaging,2025-07-12
RV002540,O019941,C01362,5,Fresh products,2025-09-16
RV002541,O012730,C09587,1,Very disappointed,2026-05-26
RV002542,O018638,C01094,4,Good service,2025-05-24
RV002543,O001192,C00137,4,Satisfied,2025-02-27
RV002544,O037394,C05534,5,Highly recommended,2025-03-17
RV002545,O028330,C01482,5,Fast delivery,2025-05-09
RV002546,O024779,C06930,5,Fresh products,2025-06-16
RV002547,O036425,C00840,2,Packaging issue,2025-08-04
RV002548,O027319,C02290,4,Value for money,2025-12-04
RV002549,O027440,C01791,4,Value for money,2026-03-29
RV002550,O032890,C04055,5,Excellent quality,2025-03-06
RV002551,O024792,C00340,3,Delivery was okay,2025-10-12
RV002552,O016418,C03951,4,Good service,2025-10-01
RV002553,O027432,C07666,5,Excellent quality,2025-07-17
RV002554,O036107,C03207,2,Packaging issue,2024-12-27
RV002555,O028650,C00966,5,Highly recommended,2025-07-30
RV002556,O029198,C01168,5,Fast delivery,2025-06-14
RV002557,O023814,C04298,1,Damaged product,2025-02-11
RV002558,O000535,C09508,2,Product quality below expectations,2026-01-23
RV002559,O022791,C00445,5,Excellent quality,2024-08-14
RV002560,O037810,C06436,3,Delivery was okay,2025-02-16
RV002561,O009536,C05969,4,Satisfied,2025-09-08
RV002562,O035403,C02814,1,Wrong item received,2024-09-15
RV002563,O009803,C04921,5,Fresh products,2026-06-06
RV002564,O015367,C02779,3,Average experience,2025-05-02
RV002565,O023868,C04851,5,Excellent quality,2025-09-02
RV002566,O033067,C09943,5,Highly recommended,2025-01-01
RV002567,O020643,C05704,1,Wrong item received,2025-10-11
RV002568,O002916,C03185,5,Excellent quality,2025-11-20
RV002569,O008650,C03586,4,Satisfied,2025-11-22
RV002570,O014565,C01838,4,Good service,2025-10-18
RV002571,O030747,C02160,5,Highly recommended,2025-08-29
RV002572,O018502,C08323,5,Very satisfied,2025-07-10
RV002573,O028337,C00926,2,Late delivery,2025-02-04
RV002574,O010737,C02077,4,Satisfied,2025-10-05
RV002575,O033599,C09609,5,Fast delivery,2025-05-22
RV002576,O002041,C08687,2,Late delivery,2025-04-25
RV002577,O011356,C08576,5,Fresh products,2025-10-01
RV002578,O010287,C07955,4,Good service,2024-11-04
RV002579,O038567,C08088,5,Highly recommended,2025-05-07
RV002580,O014471,C08372,2,Product quality below expectations,2024-10-10
RV002581,O026790,C06890,5,Highly recommended,2025-09-27
RV002582,O036886,C04720,5,Excellent quality,2024-07-28
RV002583,O023134,C04814,4,Nice packaging,2024-08-07
RV002584,O001650,C08958,4,Satisfied,2024-08-14
RV002585,O004482,C00294,5,Highly recommended,2025-09-05
RV002586,O006026,C00410,5,Fresh products,2025-05-29
RV002587,O005093,C01276,5,Fast delivery,2026-03-24
RV002588,O035175,C00033,5,Very satisfied,2025-11-22
RV002589,O010436,C01677,3,Could be better,2025-08-17
RV002590,O034560,C05620,3,Average experience,2025-09-03
RV002591,O002924,C01365,5,Fresh products,2024-12-13
RV002592,O030958,C09783,4,Value for money,2024-12-09
RV002593,O022190,C04672,4,Value for money,2025-02-09
RV002594,O005480,C02134,5,Highly recommended,2025-12-09
RV002595,O008766,C03505,4,Value for money,2025-12-22
RV002596,O024652,C08833,5,Very satisfied,2025-12-15
RV002597,O017099,C04066,3,Could be better,2025-09-20
RV002598,O023103,C05510,5,Fast delivery,2025-03-05
RV002599,O025357,C03468,5,Excellent quality,2024-08-17
RV002600,O011761,C03303,5,Excellent quality,2025-11-27
RV002601,O024295,C07802,4,Nice packaging,2025-05-04
RV002602,O039608,C03815,3,Average experience,2025-04-22
RV002603,O030834,C03197,4,Nice packaging,2025-08-02
RV002604,O011003,C01623,2,Packaging issue,2026-05-07
RV002605,O034248,C04231,5,Very satisfied,2024-10-27
RV002606,O008612,C02715,5,Fresh products,2025-08-16
RV002607,O017209,C04530,5,Excellent quality,2025-08-03
RV002608,O021254,C05124,5,Very satisfied,2025-10-16
RV002609,O000590,C00572,5,Excellent quality,2025-01-31
RV002610,O017526,C07810,3,Delivery was okay,2026-07-22
RV002611,O012699,C06690,5,Very satisfied,2026-05-10
RV002612,O021302,C00418,4,Value for money,2024-12-05
RV002613,O029236,C00030,4,Value for money,2025-03-14
RV002614,O006875,C05175,4,Nice packaging,2026-05-21
RV002615,O025024,C04005,4,Nice packaging,2024-10-16
RV002616,O004459,C01742,5,Fresh products,2026-07-22
RV002617,O021403,C03351,2,Product quality below expectations,2026-05-13
RV002618,O004431,C07621,5,Highly recommended,2025-12-21
RV002619,O031043,C01559,5,Excellent quality,2026-07-24
RV002620,O011760,C03422,5,Fast delivery,2026-02-08
RV002621,O039134,C01395,2,Late delivery,2026-02-28
RV002622,O024925,C08168,5,Fast delivery,2025-11-17
RV002623,O006075,C05221,5,Very satisfied,2026-02-24
RV002624,O029752,C02372,5,Excellent quality,2025-06-04
RV002625,O008954,C05723,4,Nice packaging,2025-09-09
RV002626,O030236,C08580,3,Average experience,2025-04-24
RV002627,O023426,C05914,2,Product quality below expectations,2025-11-11
RV002628,O012218,C07559,4,Value for money,2026-05-07
RV002629,O028718,C04068,5,Fresh products,2025-04-22
RV002630,O008145,C06819,5,Very satisfied,2026-03-01
RV002631,O037605,C02017,5,Very satisfied,2025-02-15
RV002632,O026856,C09069,4,Good service,2025-06-23
RV002633,O023753,C04608,4,Nice packaging,2025-05-04
RV002634,O035556,C01367,5,Excellent quality,2025-01-16
RV002635,O039146,C08205,5,Very satisfied,2025-07-15
RV002636,O029502,C08598,5,Highly recommended,2026-06-02
RV002637,O025231,C01932,4,Nice packaging,2024-08-17
RV002638,O003131,C03758,5,Fresh products,2025-03-23
RV002639,O005041,C09303,4,Nice packaging,2025-08-15
RV002640,O009307,C02651,5,Fast delivery,2025-08-20
RV002641,O003376,C07744,5,Excellent quality,2025-11-16
RV002642,O008533,C04033,5,Fresh products,2025-05-18
RV002643,O027952,C05560,5,Fresh products,2026-01-25
RV002644,O017490,C07451,5,Highly recommended,2026-07-18
RV002645,O023960,C02446,5,Excellent quality,2025-04-13
RV002646,O016041,C04113,5,Highly recommended,2025-10-31
RV002647,O018773,C03667,5,Excellent quality,2025-03-10
RV002648,O027270,C00597,5,Highly recommended,2026-07-15
RV002649,O010903,C08315,4,Value for money,2025-01-21
RV002650,O039590,C06127,4,Value for money,2026-06-30
RV002651,O008278,C08892,5,Highly recommended,2025-08-11
RV002652,O025004,C08222,1,Very disappointed,2025-02-22
RV002653,O029713,C01458,5,Excellent quality,2026-04-17
RV002654,O018914,C07637,1,Very disappointed,2024-10-23
RV002655,O017991,C03138,5,Excellent quality,2026-04-01
RV002656,O027523,C02571,3,Could be better,2025-02-27
RV002657,O027839,C07558,5,Fresh products,2025-09-02
RV002658,O034480,C01743,5,Fast delivery,2025-03-06
RV002659,O026710,C06555,3,Could be better,2025-03-04
RV002660,O031638,C01849,5,Fast delivery,2025-04-02
RV002661,O024258,C01541,5,Very satisfied,2026-07-03
RV002662,O017942,C02567,5,Excellent quality,2024-08-03
RV002663,O033593,C00804,5,Highly recommended,2024-09-14
RV002664,O028586,C02241,2,Late delivery,2025-11-06
RV002665,O011369,C09253,4,Satisfied,2026-01-09
RV002666,O008885,C09012,5,Fast delivery,2026-02-10
RV002667,O002337,C05038,5,Excellent quality,2026-01-12
RV002668,O020741,C00877,5,Fresh products,2024-08-19
RV002669,O038273,C03092,5,Fresh products,2024-10-22
RV002670,O021633,C06611,3,Could be better,2025-09-29
RV002671,O000574,C03118,4,Good service,2026-02-02
RV002672,O019320,C06857,5,Fresh products,2026-01-06
RV002673,O024451,C06029,5,Very satisfied,2026-01-18
RV002674,O019792,C05202,5,Fast delivery,2026-04-05
RV002675,O019518,C01040,5,Excellent quality,2025-04-17
RV002676,O023546,C04469,5,Excellent quality,2026-01-06
RV002677,O001323,C08244,4,Nice packaging,2026-07-03
RV002678,O011385,C08646,3,Could be better,2025-07-05
RV002679,O007283,C01973,4,Satisfied,2025-03-30
RV002680,O008907,C05959,5,Highly recommended,2024-12-14
RV002681,O005645,C08543,4,Value for money,2024-08-30
RV002682,O014319,C03250,4,Good service,2026-01-15
RV002683,O027792,C03212,5,Fresh products,2025-04-14
RV002684,O015241,C03992,5,Excellent quality,2025-08-18
RV002685,O024355,C02397,2,Late delivery,2025-06-11
RV002686,O024066,C09924,5,Highly recommended,2025-12-09
RV002687,O001739,C05677,5,Fresh products,2026-02-02
RV002688,O029174,C01128,5,Very satisfied,2025-08-21
RV002689,O035020,C06234,4,Good service,2025-01-31
RV002690,O035247,C07527,5,Excellent quality,2024-11-15
RV002691,O016279,C01944,4,Good service,2026-03-25
RV002692,O014538,C04048,2,Packaging issue,2026-04-26
RV002693,O004886,C07336,3,Could be better,2025-09-03
RV002694,O023346,C02442,5,Excellent quality,2024-08-10
RV002695,O033054,C04317,4,Value for money,2024-11-04
RV002696,O037453,C04088,5,Highly recommended,2025-01-29
RV002697,O029689,C03775,5,Highly recommended,2025-07-11
RV002698,O039892,C04374,5,Fast delivery,2024-09-10
RV002699,O009742,C01075,5,Fresh products,2025-07-03
RV002700,O017707,C03156,5,Fresh products,2026-02-03
RV002701,O029122,C09919,2,Product quality below expectations,2026-06-29
RV002702,O012572,C04238,5,Highly recommended,2025-07-31
RV002703,O001143,C09281,4,Nice packaging,2026-03-19
RV002704,O012088,C04362,5,Fast delivery,2025-06-01
RV002705,O022380,C05612,3,Could be better,2025-07-05
RV002706,O028244,C02300,5,Fresh products,2025-07-20
RV002707,O015527,C03740,5,Highly recommended,2025-10-06
RV002708,O027310,C03226,4,Value for money,2024-11-12
RV002709,O020095,C03348,5,Excellent quality,2025-02-13
RV002710,O037872,C03061,5,Fresh products,2026-05-22
RV002711,O016244,C06581,5,Fast delivery,2025-09-15
RV002712,O000888,C07689,3,Delivery was okay,2024-08-07
RV002713,O032694,C01398,4,Value for money,2025-03-30
RV002714,O032762,C04420,4,Value for money,2025-04-16
RV002715,O013529,C06019,5,Fresh products,2025-09-26
RV002716,O019029,C09208,4,Satisfied,2026-04-18
RV002717,O003195,C03477,5,Excellent quality,2025-08-24
RV002718,O009678,C02270,2,Packaging issue,2025-03-14
RV002719,O025207,C00333,5,Excellent quality,2024-10-27
RV002720,O000497,C00292,5,Fresh products,2025-01-27
RV002721,O034472,C07850,5,Very satisfied,2025-12-12
RV002722,O003005,C01416,5,Highly recommended,2025-03-11
RV002723,O015470,C03670,3,Could be better,2024-09-24
RV002724,O004497,C02990,5,Fast delivery,2024-09-06
RV002725,O034699,C05256,5,Fast delivery,2025-05-15
RV002726,O027108,C05629,5,Excellent quality,2026-01-10
RV002727,O025477,C09526,3,Could be better,2025-08-21
RV002728,O014474,C04733,5,Highly recommended,2025-03-08
RV002729,O018131,C07845,5,Highly recommended,2024-10-01
RV002730,O026861,C08274,5,Very satisfied,2026-01-20
RV002731,O005643,C09379,4,Satisfied,2025-10-03
RV002732,O014541,C04449,5,Excellent quality,2025-09-26
RV002733,O027806,C05760,4,Nice packaging,2026-02-20
RV002734,O036324,C04134,5,Excellent quality,2025-06-11
RV002735,O012547,C05915,5,Fresh products,2024-12-19
RV002736,O010369,C05787,5,Very satisfied,2025-11-30
RV002737,O010153,C05936,5,Fast delivery,2024-08-05
RV002738,O031321,C01127,4,Value for money,2025-01-18
RV002739,O029819,C00200,5,Fast delivery,2026-07-10
RV002740,O020416,C08391,5,Excellent quality,2026-02-17
RV002741,O015647,C03724,4,Good service,2026-07-13
RV002742,O003655,C00389,5,Fast delivery,2025-12-06
RV002743,O030052,C06147,5,Fresh products,2026-05-07
RV002744,O010793,C09674,5,Fresh products,2025-07-26
RV002745,O003646,C06185,3,Delivery was okay,2024-09-04
RV002746,O013757,C09682,5,Fast delivery,2026-04-15
RV002747,O037930,C02847,4,Nice packaging,2025-06-27
RV002748,O008824,C01195,4,Nice packaging,2025-02-08
RV002749,O001688,C02653,5,Highly recommended,2024-10-31
RV002750,O019365,C02309,4,Nice packaging,2026-07-23
RV002751,O033343,C07750,5,Fast delivery,2025-01-27
RV002752,O034486,C07360,1,Very disappointed,2025-01-10
RV002753,O035416,C05404,4,Good service,2025-01-08
RV002754,O014719,C07617,5,Highly recommended,2025-12-25
RV002755,O016032,C05585,4,Nice packaging,2025-07-14
RV002756,O010756,C01947,5,Highly recommended,2025-09-04
RV002757,O027372,C08786,4,Satisfied,2026-04-24
RV002758,O027437,C02252,5,Excellent quality,2025-05-02
RV002759,O014011,C06584,5,Highly recommended,2025-02-12
RV002760,O000331,C07153,4,Good service,2025-02-07
RV002761,O025889,C05172,5,Fast delivery,2025-09-18
RV002762,O000795,C03097,4,Value for money,2025-08-26
RV002763,O020846,C08050,5,Very satisfied,2026-05-27
RV002764,O019496,C02711,1,Very disappointed,2025-01-29
RV002765,O003478,C01399,3,Could be better,2025-05-12
RV002766,O009957,C06076,5,Fast delivery,2026-06-10
RV002767,O039568,C03950,4,Good service,2025-06-18
RV002768,O034603,C00249,5,Excellent quality,2026-01-22
RV002769,O005949,C04511,4,Nice packaging,2025-04-09
RV002770,O029032,C08432,5,Excellent quality,2025-06-23
RV002771,O013502,C03495,5,Highly recommended,2026-07-24
RV002772,O018412,C09777,3,Could be better,2024-09-08
RV002773,O013583,C09016,5,Excellent quality,2024-09-20
RV002774,O027966,C02182,4,Nice packaging,2026-01-10
RV002775,O023490,C06788,4,Value for money,2026-03-13
RV002776,O013146,C00765,4,Satisfied,2025-09-20
RV002777,O011245,C03215,5,Excellent quality,2025-04-16
RV002778,O003212,C05381,5,Very satisfied,2024-08-06
RV002779,O022227,C09780,5,Fast delivery,2025-05-07
RV002780,O006758,C06765,5,Highly recommended,2026-01-20
RV002781,O028701,C03712,4,Satisfied,2026-01-25
RV002782,O022263,C05886,5,Fresh products,2025-10-18
RV002783,O026880,C04855,2,Late delivery,2025-08-26
RV002784,O033592,C07643,5,Very satisfied,2025-10-22
RV002785,O018185,C08038,5,Fresh products,2024-10-24
RV002786,O016617,C09416,3,Average experience,2025-07-08
RV002787,O007340,C05838,5,Fast delivery,2026-07-24
RV002788,O021910,C04564,4,Good service,2026-02-01
RV002789,O010658,C02821,2,Late delivery,2024-11-01
RV002790,O022870,C02084,4,Nice packaging,2025-07-29
RV002791,O022201,C08819,5,Highly recommended,2026-08-06
RV002792,O007538,C03878,5,Fast delivery,2025-11-07
RV002793,O025901,C07900,5,Fast delivery,2025-05-07
RV002794,O009277,C00135,5,Highly recommended,2025-10-01
RV002795,O039845,C09044,4,Value for money,2026-05-06
RV002796,O009539,C09070,5,Fast delivery,2025-11-04
RV002797,O012573,C02666,1,Very disappointed,2025-12-25
RV002798,O011388,C02876,5,Fresh products,2025-10-06
RV002799,O011521,C00339,4,Satisfied,2026-02-11
RV002800,O023735,C09807,4,Nice packaging,2025-01-10
RV002801,O006459,C01032,5,Fresh products,2026-06-27
RV002802,O027920,C02429,5,Fast delivery,2026-03-15
RV002803,O039646,C08980,5,Excellent quality,2026-06-07
RV002804,O003485,C00371,4,Nice packaging,2025-02-21
RV002805,O011479,C08270,4,Value for money,2024-11-29
RV002806,O036164,C06395,4,Good service,2025-08-27
RV002807,O021370,C04542,5,Excellent quality,2025-12-30
RV002808,O008344,C09577,5,Very satisfied,2026-07-24
RV002809,O039739,C02461,5,Highly recommended,2026-04-11
RV002810,O032329,C02910,5,Excellent quality,2025-12-29
RV002811,O020307,C03986,5,Fresh products,2024-09-29
RV002812,O004347,C09051,4,Satisfied,2024-08-13
RV002813,O016357,C02904,5,Very satisfied,2025-08-25
RV002814,O031619,C08370,5,Fast delivery,2025-07-18
RV002815,O006119,C01787,5,Highly recommended,2024-08-16
RV002816,O008006,C03845,5,Very satisfied,2026-03-15
RV002817,O033092,C00317,3,Delivery was okay,2025-11-12
RV002818,O024843,C08675,4,Satisfied,2025-12-30
RV002819,O025473,C06347,1,Very disappointed,2026-04-07
RV002820,O002933,C05094,1,Damaged product,2025-01-15
RV002821,O000466,C07604,4,Value for money,2024-12-06
RV002822,O010122,C00331,4,Nice packaging,2024-12-25
RV002823,O020548,C04932,5,Fast delivery,2024-10-24
RV002824,O006502,C03109,5,Excellent quality,2025-04-29
RV002825,O032503,C02220,5,Fast delivery,2025-04-06
RV002826,O020554,C01545,5,Excellent quality,2025-07-05
RV002827,O029280,C06875,5,Fresh products,2024-08-16
RV002828,O015400,C03590,5,Excellent quality,2025-04-04
RV002829,O015164,C04343,4,Value for money,2026-02-12
RV002830,O013338,C08940,3,Delivery was okay,2024-10-09
RV002831,O033513,C08979,5,Fast delivery,2025-07-29
RV002832,O009815,C01490,5,Highly recommended,2025-02-20
RV002833,O026434,C03435,4,Nice packaging,2025-01-17
RV002834,O002733,C09611,5,Fast delivery,2026-01-07
RV002835,O022198,C09870,4,Satisfied,2026-03-20
RV002836,O023451,C08403,4,Satisfied,2026-05-03
RV002837,O004307,C01099,4,Nice packaging,2025-11-30
RV002838,O020130,C04720,1,Very disappointed,2025-12-15
RV002839,O007464,C01100,3,Average experience,2025-08-05
RV002840,O016366,C06854,4,Satisfied,2024-11-08
RV002841,O025986,C09079,5,Highly recommended,2025-06-23
RV002842,O017780,C03699,5,Fast delivery,2024-09-26
RV002843,O013695,C01133,2,Packaging issue,2024-09-12
RV002844,O005014,C08068,4,Nice packaging,2026-04-29
RV002845,O010444,C09427,2,Packaging issue,2025-05-09
RV002846,O023742,C00176,5,Fresh products,2026-05-24
RV002847,O006265,C08711,3,Average experience,2026-06-22
RV002848,O011239,C02493,5,Fresh products,2025-07-19
RV002849,O018467,C06445,2,Late delivery,2026-05-19
RV002850,O024672,C05989,5,Very satisfied,2024-07-29
RV002851,O002523,C04338,5,Excellent quality,2026-01-19
RV002852,O022406,C00449,5,Fresh products,2025-07-27
RV002853,O038971,C09135,5,Highly recommended,2025-07-22
RV002854,O012382,C02013,5,Very satisfied,2025-12-24
RV002855,O019936,C06106,5,Highly recommended,2025-11-25
RV002856,O009630,C06305,3,Could be better,2026-07-13
RV002857,O014731,C06789,5,Excellent quality,2025-01-08
RV002858,O009496,C04247,5,Fresh products,2026-03-08
RV002859,O020188,C03500,4,Value for money,2026-03-19
RV002860,O004045,C09919,1,Wrong item received,2025-12-01
RV002861,O008087,C02197,4,Nice packaging,2024-09-18
RV002862,O024237,C04702,5,Highly recommended,2025-09-12
RV002863,O034181,C05457,5,Excellent quality,2026-01-13
RV002864,O035041,C06343,5,Very satisfied,2025-04-19
RV002865,O023815,C09534,5,Highly recommended,2025-10-18
RV002866,O014154,C03779,3,Average experience,2025-04-29
RV002867,O024826,C06245,5,Very satisfied,2026-03-28
RV002868,O030468,C03057,5,Fast delivery,2025-03-29
RV002869,O020951,C07000,4,Satisfied,2025-04-29
RV002870,O031446,C06825,5,Excellent quality,2025-06-12
RV002871,O025015,C02665,5,Excellent quality,2024-09-26
RV002872,O030995,C09180,5,Fast delivery,2024-09-30
RV002873,O011667,C09374,5,Fast delivery,2026-04-18
RV002874,O001407,C03242,4,Value for money,2025-02-19
RV002875,O017568,C02667,5,Highly recommended,2024-09-13
RV002876,O000254,C08272,2,Product quality below expectations,2025-06-17
RV002877,O003750,C06832,3,Delivery was okay,2025-05-21
RV002878,O022569,C03392,4,Satisfied,2024-09-14
RV002879,O036178,C03853,5,Highly recommended,2026-06-12
RV002880,O004206,C09793,4,Value for money,2026-01-27
RV002881,O027258,C08985,5,Fresh products,2026-02-04
RV002882,O021475,C05597,5,Very satisfied,2026-03-21
RV002883,O028225,C00307,4,Good service,2026-04-17
RV002884,O035139,C05971,3,Average experience,2025-12-30
RV002885,O019694,C05879,2,Product quality below expectations,2026-04-02
RV002886,O016040,C03925,3,Could be better,2024-11-17
RV002887,O037072,C09340,5,Excellent quality,2025-05-23
RV002888,O024970,C05779,2,Product quality below expectations,2025-05-04
RV002889,O010108,C08989,4,Value for money,2025-11-03
RV002890,O026096,C04763,5,Fast delivery,2025-03-23
RV002891,O006592,C02470,5,Highly recommended,2025-01-03
RV002892,O018452,C06598,5,Fast delivery,2026-02-23
RV002893,O007235,C08380,4,Satisfied,2026-07-22
RV002894,O010526,C03647,4,Value for money,2026-07-16
RV002895,O002899,C07814,5,Fresh products,2025-03-30
RV002896,O023558,C01662,4,Good service,2026-08-01
RV002897,O019030,C03003,4,Value for money,2025-05-15
RV002898,O017325,C04933,1,Wrong item received,2025-10-23
RV002899,O016816,C05666,5,Fresh products,2025-05-19
RV002900,O001235,C04648,4,Satisfied,2025-05-06
RV002901,O008898,C00684,4,Satisfied,2025-12-13
RV002902,O014238,C00979,3,Could be better,2026-03-11
RV002903,O007315,C08159,5,Highly recommended,2026-03-12
RV002904,O006191,C05430,5,Fresh products,2025-12-07
RV002905,O016982,C00855,3,Could be better,2026-04-06
RV002906,O005437,C01264,4,Value for money,2024-08-08
RV002907,O009421,C09677,4,Satisfied,2025-06-08
RV002908,O009499,C00251,4,Satisfied,2024-09-28
RV002909,O031865,C08324,5,Very satisfied,2026-02-11
RV002910,O033657,C05137,4,Value for money,2025-07-03
RV002911,O024896,C02681,5,Excellent quality,2025-03-29
RV002912,O038990,C04471,3,Could be better,2026-05-05
RV002913,O035413,C01687,5,Fresh products,2024-09-06
RV002914,O003513,C03946,5,Fresh products,2026-06-10
RV002915,O010857,C01453,4,Nice packaging,2026-06-23
RV002916,O033472,C04214,5,Fresh products,2025-05-03
RV002917,O010110,C08768,4,Value for money,2026-05-12
RV002918,O031833,C07739,3,Could be better,2024-09-22
RV002919,O037451,C07360,5,Fresh products,2026-05-21
RV002920,O011218,C02523,5,Fast delivery,2025-03-06
RV002921,O033904,C01162,5,Highly recommended,2025-08-01
RV002922,O003642,C09857,3,Average experience,2025-03-29
RV002923,O018030,C04415,5,Excellent quality,2025-09-04
RV002924,O015974,C07841,5,Fresh products,2026-01-21
RV002925,O033484,C02443,5,Highly recommended,2025-03-20
RV002926,O019157,C04301,4,Value for money,2026-05-08
RV002927,O035084,C02555,2,Late delivery,2025-04-10
RV002928,O001924,C01804,2,Packaging issue,2026-05-06
RV002929,O016259,C08950,5,Excellent quality,2026-04-15
RV002930,O006569,C01233,5,Fresh products,2025-03-02
RV002931,O039639,C06489,1,Wrong item received,2026-03-04
RV002932,O009662,C03908,2,Product quality below expectations,2025-11-12
RV002933,O021757,C08214,1,Wrong item received,2026-05-01
RV002934,O011344,C09862,1,Wrong item received,2026-04-14
RV002935,O037408,C02518,5,Fast delivery,2025-06-22
RV002936,O009036,C09755,2,Late delivery,2025-06-27
RV002937,O006811,C05322,3,Delivery was okay,2024-08-25
RV002938,O038549,C03631,5,Fresh products,2025-09-22
RV002939,O032810,C09096,5,Highly recommended,2026-04-03
RV002940,O028182,C06527,5,Fast delivery,2026-06-03
RV002941,O015386,C03119,5,Highly recommended,2025-07-15
RV002942,O010770,C05343,3,Delivery was okay,2024-09-19
RV002943,O026123,C02766,5,Excellent quality,2025-02-26
RV002944,O005215,C06465,5,Fast delivery,2026-02-15
RV002945,O023407,C03554,5,Fresh products,2025-10-22
RV002946,O036874,C07927,2,Product quality below expectations,2025-11-19
RV002947,O004344,C09121,5,Fast delivery,2024-11-01
RV002948,O032912,C08704,5,Fresh products,2024-12-02
RV002949,O039851,C00958,4,Nice packaging,2025-03-27
RV002950,O017576,C03930,5,Fast delivery,2025-12-10
RV002951,O036306,C09208,5,Fresh products,2025-05-15
RV002952,O039872,C08097,4,Good service,2024-11-30
RV002953,O021746,C04843,4,Satisfied,2025-03-17
RV002954,O026105,C01357,5,Excellent quality,2025-11-04
RV002955,O018649,C02487,1,Damaged product,2025-09-22
RV002956,O018564,C04165,5,Fast delivery,2025-10-11
RV002957,O009796,C03588,4,Satisfied,2025-08-02
RV002958,O007036,C09615,5,Excellent quality,2026-05-31
RV002959,O008324,C06420,5,Highly recommended,2026-08-03
RV002960,O014856,C00815,5,Fresh products,2024-11-07
RV002961,O037835,C01935,5,Excellent quality,2025-04-09
RV002962,O028341,C05597,5,Fast delivery,2025-04-25
RV002963,O031745,C09760,4,Value for money,2025-12-10
RV002964,O000730,C07745,5,Fresh products,2025-04-01
RV002965,O014526,C06623,5,Fast delivery,2025-04-25
RV002966,O006956,C07796,4,Nice packaging,2026-02-14
RV002967,O024808,C02124,5,Excellent quality,2026-01-15
RV002968,O036551,C07221,5,Fresh products,2025-09-20
RV002969,O020452,C00510,5,Highly recommended,2025-11-13
RV002970,O026119,C07039,4,Value for money,2024-12-02
RV002971,O006012,C03077,4,Good service,2025-12-15
RV002972,O025036,C09372,3,Could be better,2025-12-13
RV002973,O038518,C03960,5,Fresh products,2025-12-09
RV002974,O014934,C04240,2,Product quality below expectations,2026-03-30
RV002975,O039648,C04310,4,Satisfied,2025-10-07
RV002976,O031508,C04327,5,Fast delivery,2024-08-13
RV002977,O033179,C08309,4,Nice packaging,2026-01-27
RV002978,O035458,C08585,4,Value for money,2025-10-09
RV002979,O037365,C00170,1,Wrong item received,2024-10-01
RV002980,O011936,C03785,4,Value for money,2026-01-31
RV002981,O002818,C05992,5,Very satisfied,2026-07-10
RV002982,O012157,C09914,3,Could be better,2025-01-28
RV002983,O038196,C01633,4,Satisfied,2025-12-15
RV002984,O003569,C06555,5,Fresh products,2026-01-18
RV002985,O037140,C06778,4,Value for money,2026-05-19
RV002986,O010932,C08126,5,Fast delivery,2025-10-07
RV002987,O035074,C01767,4,Satisfied,2025-06-03
RV002988,O035507,C07060,5,Very satisfied,2026-04-08
RV002989,O020697,C04436,5,Highly recommended,2025-01-01
RV002990,O028407,C07527,5,Fast delivery,2024-10-19
RV002991,O022663,C04621,5,Highly recommended,2025-12-07
RV002992,O030190,C08606,2,Late delivery,2024-10-11
RV002993,O024281,C07950,4,Satisfied,2024-09-22
RV002994,O024422,C05233,5,Very satisfied,2026-07-03
RV002995,O030130,C00164,3,Delivery was okay,2025-05-02
RV002996,O014043,C03888,5,Excellent quality,2025-04-17
RV002997,O026968,C03560,5,Excellent quality,2025-05-03
RV002998,O021634,C03719,5,Excellent quality,2026-01-03
RV002999,O037064,C05111,5,Highly recommended,2025-07-17
RV003000,O011338,C02395,5,Excellent quality,2025-08-02
RV003001,O013655,C09533,5,Fresh products,2025-03-09
RV003002,O025222,C01699,4,Good service,2024-09-12
RV003003,O031424,C08021,5,Fast delivery,2026-03-04
RV003004,O031198,C05204,5,Highly recommended,2026-01-01
RV003005,O000168,C03400,4,Nice packaging,2024-11-23
RV003006,O010031,C08761,5,Highly recommended,2025-05-01
RV003007,O014739,C04017,4,Satisfied,2025-09-03
RV003008,O030740,C07844,5,Highly recommended,2026-07-30
RV003009,O023568,C06526,5,Fresh products,2025-08-11
RV003010,O013866,C01497,1,Wrong item received,2025-11-11
RV003011,O008810,C01035,5,Fast delivery,2025-06-30
RV003012,O035083,C09894,2,Late delivery,2025-08-10
RV003013,O027897,C05683,2,Packaging issue,2026-05-20
RV003014,O007053,C08639,5,Fast delivery,2025-01-19
RV003015,O000115,C09739,5,Fresh products,2025-07-01
RV003016,O022839,C00286,5,Highly recommended,2025-07-17
RV003017,O031326,C01343,4,Good service,2025-01-06
RV003018,O011645,C04012,5,Fast delivery,2025-07-29
RV003019,O018978,C06761,5,Fast delivery,2026-03-05
RV003020,O037925,C08512,5,Fast delivery,2024-12-21
RV003021,O018940,C04200,5,Fresh products,2026-07-02
RV003022,O014857,C07458,4,Good service,2024-08-20
RV003023,O006607,C00241,4,Satisfied,2026-07-21
RV003024,O035069,C02035,5,Fresh products,2025-06-21
RV003025,O010556,C08565,5,Very satisfied,2025-07-28
RV003026,O020453,C06730,5,Highly recommended,2026-02-27
RV003027,O020414,C04724,3,Could be better,2024-09-25
RV003028,O005650,C08022,3,Could be better,2026-05-09
RV003029,O025067,C03265,4,Value for money,2026-04-29
RV003030,O027069,C05650,5,Fast delivery,2025-01-09
RV003031,O019187,C03929,4,Good service,2026-03-18
RV003032,O014788,C03438,5,Very satisfied,2026-04-22
RV003033,O022951,C08175,2,Product quality below expectations,2025-08-06
RV003034,O031498,C04862,4,Good service,2024-11-06
RV003035,O016917,C06793,4,Satisfied,2024-08-11
RV003036,O025949,C02161,5,Excellent quality,2025-07-10
RV003037,O000124,C00076,5,Highly recommended,2025-08-14
RV003038,O029415,C08508,3,Delivery was okay,2025-11-18
RV003039,O032140,C09859,5,Highly recommended,2026-04-06
RV003040,O033956,C02367,5,Fresh products,2024-08-06
RV003041,O014556,C09147,2,Packaging issue,2025-10-10
RV003042,O031397,C01526,5,Excellent quality,2025-01-23
RV003043,O001913,C03406,5,Fresh products,2025-06-21
RV003044,O039908,C01078,5,Very satisfied,2026-05-29
RV003045,O023200,C09942,4,Value for money,2025-09-19
RV003046,O028847,C01469,5,Very satisfied,2025-06-28
RV003047,O032854,C02078,5,Highly recommended,2025-06-13
RV003048,O026826,C02653,5,Fast delivery,2024-12-26
RV003049,O006929,C01926,5,Excellent quality,2025-06-19
RV003050,O009653,C05808,5,Highly recommended,2026-03-05
RV003051,O019283,C07084,5,Fresh products,2025-05-05
RV003052,O035616,C01349,4,Nice packaging,2025-08-21
RV003053,O031821,C06852,5,Fast delivery,2024-10-01
RV003054,O034745,C06260,5,Very satisfied,2025-12-29
RV003055,O009293,C06235,4,Nice packaging,2026-07-07
RV003056,O005991,C02721,3,Could be better,2025-02-10
RV003057,O017509,C03081,5,Excellent quality,2025-04-16
RV003058,O003354,C02117,5,Fresh products,2025-09-02
RV003059,O018711,C04737,3,Could be better,2024-10-14
RV003060,O020177,C03158,5,Excellent quality,2024-09-09
RV003061,O035962,C06622,5,Highly recommended,2026-04-30
RV003062,O021719,C08690,5,Fast delivery,2025-10-27
RV003063,O038199,C08931,4,Value for money,2026-03-04
RV003064,O003167,C07893,2,Late delivery,2025-01-18
RV003065,O009645,C00042,1,Damaged product,2025-12-18
RV003066,O022246,C07725,3,Could be better,2026-06-29
RV003067,O008799,C09815,1,Damaged product,2024-11-18
RV003068,O038919,C02636,5,Very satisfied,2024-10-28
RV003069,O009795,C05567,5,Highly recommended,2026-06-03
RV003070,O036836,C09831,5,Fast delivery,2024-12-05
RV003071,O008878,C02190,4,Nice packaging,2026-07-06
RV003072,O018113,C03970,5,Very satisfied,2025-07-12
RV003073,O018330,C03865,4,Satisfied,2025-09-24
RV003074,O031114,C08731,4,Value for money,2025-05-21
RV003075,O029885,C06239,5,Excellent quality,2025-11-30
RV003076,O005893,C01862,4,Nice packaging,2026-03-19
RV003077,O010710,C07566,3,Average experience,2025-09-05
RV003078,O019676,C07086,4,Good service,2024-08-29
RV003079,O020761,C05259,5,Fresh products,2026-06-25
RV003080,O038962,C08935,5,Highly recommended,2025-02-06
RV003081,O017947,C00526,5,Very satisfied,2024-11-24
RV003082,O019517,C08049,5,Very satisfied,2026-05-21
RV003083,O017349,C09723,4,Value for money,2025-01-15
RV003084,O008540,C07491,5,Highly recommended,2025-04-30
RV003085,O038336,C00456,3,Average experience,2025-09-14
RV003086,O039596,C09148,4,Good service,2025-03-07
RV003087,O011749,C09975,3,Could be better,2026-05-04
RV003088,O019184,C06120,5,Excellent quality,2024-10-29
RV003089,O021140,C07195,4,Satisfied,2025-10-20
RV003090,O034875,C06708,5,Very satisfied,2026-04-24
RV003091,O021838,C01079,4,Satisfied,2025-02-28
RV003092,O013516,C04094,5,Excellent quality,2024-12-08
RV003093,O034585,C04467,4,Value for money,2025-03-20
RV003094,O023741,C03071,4,Value for money,2025-01-21
RV003095,O036917,C08137,5,Excellent quality,2026-04-01
RV003096,O028000,C06954,5,Very satisfied,2025-08-20
RV003097,O019993,C05172,5,Fresh products,2025-01-06
RV003098,O005442,C00239,3,Could be better,2026-04-12
RV003099,O016287,C08949,5,Excellent quality,2024-11-25
RV003100,O014216,C00750,5,Fast delivery,2025-01-18
RV003101,O016682,C02554,4,Value for money,2026-05-12
RV003102,O001490,C02563,5,Highly recommended,2024-11-04
RV003103,O027309,C08789,5,Fast delivery,2025-04-11
RV003104,O003790,C00497,5,Excellent quality,2025-02-22
RV003105,O001918,C05952,4,Good service,2025-06-06
RV003106,O001423,C02152,5,Excellent quality,2024-12-10
RV003107,O032973,C02369,4,Value for money,2024-09-19
RV003108,O038528,C02370,5,Very satisfied,2025-04-06
RV003109,O018525,C08654,5,Very satisfied,2026-04-22
RV003110,O030357,C09957,3,Average experience,2024-09-14
RV003111,O004632,C01229,2,Late delivery,2026-02-07
RV003112,O001081,C00757,5,Fast delivery,2026-03-23
RV003113,O030267,C00231,5,Very satisfied,2025-01-30
RV003114,O028382,C01584,4,Value for money,2025-06-02
RV003115,O000543,C01833,5,Highly recommended,2025-02-15
RV003116,O022628,C03530,5,Fresh products,2026-02-12
RV003117,O016650,C00602,5,Fast delivery,2025-05-18
RV003118,O026950,C00080,5,Very satisfied,2025-02-11
RV003119,O033356,C06102,4,Nice packaging,2025-08-18
RV003120,O005244,C08463,5,Excellent quality,2024-12-11
RV003121,O013305,C00290,5,Very satisfied,2024-08-16
RV003122,O026268,C08664,4,Good service,2026-03-24
RV003123,O011996,C03574,5,Fast delivery,2024-10-14
RV003124,O012636,C06759,4,Satisfied,2025-07-13
RV003125,O018214,C02920,3,Could be better,2024-11-19
RV003126,O008632,C03946,4,Good service,2026-04-04
RV003127,O003739,C03495,5,Fast delivery,2026-04-13
RV003128,O031012,C09641,5,Fast delivery,2025-07-03
RV003129,O002573,C06884,5,Very satisfied,2025-08-16
RV003130,O010028,C07547,5,Fast delivery,2025-07-08
RV003131,O031053,C08618,5,Fresh products,2025-08-21
RV003132,O009409,C09419,3,Average experience,2026-01-01
RV003133,O006096,C04188,5,Fast delivery,2025-11-28
RV003134,O016913,C05711,5,Fast delivery,2024-12-24
RV003135,O021505,C08567,4,Good service,2024-08-04
RV003136,O006364,C05747,5,Fast delivery,2025-02-03
RV003137,O000761,C00264,5,Highly recommended,2025-12-24
RV003138,O039247,C03211,2,Product quality below expectations,2024-09-03
RV003139,O039640,C02980,5,Excellent quality,2024-11-01
RV003140,O036555,C07653,5,Highly recommended,2025-06-26
RV003141,O035583,C01627,4,Nice packaging,2025-09-05
RV003142,O012438,C06589,5,Fast delivery,2026-06-10
RV003143,O012497,C03781,5,Very satisfied,2026-06-08
RV003144,O017819,C05318,5,Fast delivery,2025-07-20
RV003145,O009626,C05515,5,Fast delivery,2026-02-14
RV003146,O039529,C06123,5,Excellent quality,2024-09-29
RV003147,O032644,C01757,5,Fast delivery,2024-08-07
RV003148,O001805,C00056,4,Good service,2026-01-15
RV003149,O019770,C03999,5,Excellent quality,2026-03-17
RV003150,O037333,C06033,5,Fast delivery,2025-09-25
RV003151,O006268,C01434,5,Highly recommended,2025-09-30
RV003152,O011210,C04221,4,Nice packaging,2026-03-08
RV003153,O037380,C00854,5,Excellent quality,2024-11-07
RV003154,O007804,C04261,5,Fast delivery,2026-07-28
RV003155,O005719,C09141,4,Nice packaging,2025-06-12
RV003156,O024353,C06894,4,Satisfied,2024-11-30
RV003157,O017900,C09984,5,Fresh products,2024-08-19
RV003158,O026810,C04750,4,Satisfied,2026-06-20
RV003159,O038466,C01604,5,Fast delivery,2025-04-07
RV003160,O020009,C07262,1,Damaged product,2026-02-19
RV003161,O021109,C08448,4,Satisfied,2026-01-09
RV003162,O013393,C06714,4,Nice packaging,2026-06-25
RV003163,O001213,C05279,5,Fast delivery,2025-08-08
RV003164,O030862,C05690,3,Delivery was okay,2026-07-22
RV003165,O005697,C06512,4,Satisfied,2025-02-02
RV003166,O026229,C00382,3,Delivery was okay,2025-09-13
RV003167,O017394,C06857,4,Value for money,2025-05-26
RV003168,O029973,C06557,5,Fresh products,2024-11-26
RV003169,O031217,C05981,5,Very satisfied,2025-11-05
RV003170,O012582,C05609,5,Highly recommended,2026-07-05
RV003171,O022924,C02494,1,Damaged product,2026-06-02
RV003172,O032137,C06175,5,Fast delivery,2024-11-17
RV003173,O019213,C08888,5,Highly recommended,2025-03-28
RV003174,O000293,C03526,4,Good service,2025-05-24
RV003175,O029287,C06960,4,Value for money,2025-07-22
RV003176,O025341,C01633,5,Fresh products,2024-08-30
RV003177,O024416,C04986,5,Very satisfied,2024-12-02
RV003178,O020386,C08053,4,Satisfied,2025-12-14
RV003179,O004823,C05482,5,Highly recommended,2025-01-13
RV003180,O039162,C03935,5,Very satisfied,2026-04-21
RV003181,O015005,C08518,5,Very satisfied,2026-06-07
RV003182,O024597,C01970,5,Highly recommended,2024-12-11
RV003183,O023224,C03661,2,Product quality below expectations,2026-05-06
RV003184,O036063,C07601,5,Excellent quality,2024-09-19
RV003185,O021159,C05536,5,Fast delivery,2024-08-21
RV003186,O016875,C01003,4,Nice packaging,2025-10-14
RV003187,O006274,C09050,4,Good service,2025-04-18
RV003188,O004771,C08365,5,Very satisfied,2026-05-03
RV003189,O024770,C01561,5,Highly recommended,2025-12-07
RV003190,O004881,C08593,5,Highly recommended,2025-01-20
RV003191,O032011,C02568,5,Very satisfied,2026-05-25
RV003192,O021263,C08212,4,Value for money,2024-10-25
RV003193,O039909,C07907,5,Fresh products,2025-08-23
RV003194,O030404,C06420,5,Fast delivery,2026-07-02
RV003195,O014472,C03475,3,Could be better,2025-05-13
RV003196,O026650,C02529,1,Wrong item received,2025-10-03
RV003197,O034990,C09981,1,Wrong item received,2025-12-08
RV003198,O017782,C00130,4,Nice packaging,2025-10-07
RV003199,O029480,C06179,4,Satisfied,2025-06-13
RV003200,O021255,C05068,4,Nice packaging,2025-07-07
RV003201,O014083,C09091,4,Good service,2025-10-09
RV003202,O038778,C01469,5,Excellent quality,2026-01-28
RV003203,O031621,C06014,1,Wrong item received,2026-03-25
RV003204,O032797,C06066,5,Highly recommended,2024-10-07
RV003205,O030597,C08831,4,Nice packaging,2024-11-27
RV003206,O024486,C04305,5,Fresh products,2025-08-18
RV003207,O031338,C08010,3,Delivery was okay,2024-12-01
RV003208,O009355,C07466,3,Could be better,2025-03-08
RV003209,O036666,C09519,2,Late delivery,2024-09-14
RV003210,O019872,C06844,5,Very satisfied,2025-05-19
RV003211,O013103,C07182,5,Fast delivery,2026-01-24
RV003212,O032369,C08957,3,Could be better,2025-05-27
RV003213,O012181,C02749,2,Product quality below expectations,2025-07-18
RV003214,O021087,C05374,4,Good service,2024-10-31
RV003215,O020467,C02399,5,Fast delivery,2026-03-25
RV003216,O034655,C07357,4,Good service,2025-06-11
RV003217,O027138,C09807,5,Very satisfied,2025-02-22
RV003218,O025794,C06586,5,Highly recommended,2026-02-24
RV003219,O017386,C07708,5,Excellent quality,2024-08-29
RV003220,O000502,C07353,5,Fresh products,2024-10-25
RV003221,O021556,C06994,4,Good service,2025-01-27
RV003222,O032932,C07227,1,Very disappointed,2025-03-22
RV003223,O038171,C08959,5,Fresh products,2026-04-19
RV003224,O029049,C05331,5,Fresh products,2025-12-25
RV003225,O034336,C04512,5,Excellent quality,2025-03-17
RV003226,O021583,C03052,5,Very satisfied,2024-08-12
RV003227,O026788,C09145,1,Damaged product,2024-10-01
RV003228,O026817,C04190,2,Packaging issue,2026-06-19
RV003229,O032691,C05723,5,Fresh products,2025-10-04
RV003230,O033332,C07869,4,Value for money,2025-08-20
RV003231,O001642,C02883,4,Nice packaging,2026-01-06
RV003232,O033612,C05820,4,Value for money,2024-11-23
RV003233,O035120,C00736,5,Excellent quality,2025-01-14
RV003234,O004804,C04744,3,Delivery was okay,2025-08-27
RV003235,O026745,C07481,5,Very satisfied,2025-07-14
RV003236,O031818,C00130,5,Highly recommended,2024-09-22
RV003237,O027246,C06757,2,Late delivery,2025-05-01
RV003238,O024658,C00294,5,Fresh products,2024-12-03
RV003239,O028969,C07094,4,Value for money,2026-02-12
RV003240,O022242,C00212,3,Could be better,2025-03-21
RV003241,O004036,C00200,5,Excellent quality,2024-12-10
RV003242,O030797,C00344,2,Late delivery,2025-05-03
RV003243,O005682,C08013,5,Excellent quality,2025-01-19
RV003244,O019020,C03476,5,Fresh products,2025-08-28
RV003245,O004378,C03866,5,Fresh products,2026-03-17
RV003246,O020931,C02570,5,Highly recommended,2024-11-15
RV003247,O006983,C08470,5,Fast delivery,2025-02-26
RV003248,O022038,C03216,1,Very disappointed,2026-02-15
RV003249,O026685,C04696,4,Satisfied,2026-07-14
RV003250,O012456,C08324,5,Fast delivery,2024-08-07
RV003251,O002966,C02087,3,Could be better,2026-04-06
RV003252,O037883,C07488,5,Highly recommended,2025-09-13
RV003253,O035928,C04664,5,Excellent quality,2026-05-02
RV003254,O023305,C07752,4,Value for money,2026-01-20
RV003255,O032278,C01968,5,Excellent quality,2026-05-02
RV003256,O025636,C05587,5,Fresh products,2025-03-13
RV003257,O017006,C03442,5,Fast delivery,2025-02-06
RV003258,O028788,C01266,5,Highly recommended,2026-06-13
RV003259,O012370,C07401,4,Satisfied,2026-05-02
RV003260,O011685,C09799,5,Excellent quality,2025-08-29
RV003261,O029744,C04911,5,Very satisfied,2025-09-28
RV003262,O034469,C02642,3,Could be better,2025-09-29
RV003263,O026878,C04162,5,Fast delivery,2024-09-18
RV003264,O016675,C04770,5,Highly recommended,2026-05-23
RV003265,O009960,C04488,3,Could be better,2026-05-21
RV003266,O004446,C00597,4,Satisfied,2026-01-31
RV003267,O036715,C09548,5,Highly recommended,2025-01-05
RV003268,O005820,C01062,3,Average experience,2025-01-23
RV003269,O027027,C07798,5,Highly recommended,2024-10-31
RV003270,O029760,C06199,4,Value for money,2026-02-05
RV003271,O009664,C03100,5,Highly recommended,2024-09-02
RV003272,O031933,C06464,4,Nice packaging,2025-10-02
RV003273,O004112,C08327,1,Damaged product,2025-04-26
RV003274,O035973,C02933,4,Value for money,2024-10-25
RV003275,O024745,C07015,5,Fast delivery,2026-03-10
RV003276,O001669,C00319,5,Highly recommended,2025-12-10
RV003277,O013459,C08144,5,Fresh products,2026-05-16
RV003278,O028422,C04234,2,Product quality below expectations,2024-12-18
RV003279,O007230,C03013,5,Excellent quality,2025-02-09
RV003280,O014629,C08471,5,Excellent quality,2025-12-20
RV003281,O002603,C07557,4,Nice packaging,2025-11-22
RV003282,O039068,C08744,5,Fast delivery,2024-11-04
RV003283,O033604,C05005,4,Value for money,2025-06-29
RV003284,O001305,C05837,5,Very satisfied,2024-10-02
RV003285,O024134,C02792,5,Excellent quality,2026-05-06
RV003286,O031220,C05264,5,Fast delivery,2025-01-04
RV003287,O016321,C04119,5,Fresh products,2025-08-26
RV003288,O000856,C04420,5,Very satisfied,2024-12-10
RV003289,O009861,C07524,5,Highly recommended,2026-07-05
RV003290,O022828,C04504,5,Fast delivery,2024-09-14
RV003291,O039109,C07881,5,Excellent quality,2025-03-30
RV003292,O011496,C05409,5,Very satisfied,2024-08-31
RV003293,O030853,C03914,5,Excellent quality,2024-12-07
RV003294,O038950,C08420,5,Very satisfied,2025-03-02
RV003295,O014705,C05205,5,Very satisfied,2025-04-03
RV003296,O027913,C02842,5,Very satisfied,2025-02-07
RV003297,O024787,C02530,5,Fresh products,2024-09-13
RV003298,O035542,C04323,4,Good service,2026-05-28
RV003299,O001296,C04162,1,Wrong item received,2025-02-03
RV003300,O039077,C01426,5,Highly recommended,2026-01-27
RV003301,O037833,C05548,4,Nice packaging,2025-12-03
RV003302,O025193,C01156,4,Satisfied,2025-11-23
RV003303,O026953,C03774,5,Excellent quality,2024-08-25
RV003304,O023019,C09764,5,Fast delivery,2025-09-17
RV003305,O034550,C07139,4,Nice packaging,2026-07-19
RV003306,O018257,C01675,4,Good service,2025-12-22
RV003307,O016697,C07641,3,Could be better,2024-10-11
RV003308,O016038,C08353,5,Fast delivery,2024-11-13
RV003309,O038201,C08407,5,Excellent quality,2025-11-03
RV003310,O037533,C05665,4,Good service,2026-07-19
RV003311,O016531,C01759,5,Highly recommended,2025-11-26
RV003312,O009395,C09319,5,Fast delivery,2025-01-13
RV003313,O019882,C09680,5,Fresh products,2025-11-11
RV003314,O020522,C06712,5,Very satisfied,2026-03-18
RV003315,O021249,C08724,4,Value for money,2026-05-11
RV003316,O017186,C09036,5,Very satisfied,2024-09-04
RV003317,O005707,C09077,5,Fresh products,2026-05-22
RV003318,O012985,C06568,4,Good service,2026-03-22
RV003319,O025658,C07718,4,Value for money,2025-04-26
RV003320,O020789,C06893,4,Nice packaging,2026-01-31
RV003321,O007914,C04379,3,Average experience,2026-04-18
RV003322,O029338,C07860,5,Highly recommended,2024-09-22
RV003323,O007304,C00153,5,Highly recommended,2025-01-29
RV003324,O007494,C05480,5,Fresh products,2025-08-11
RV003325,O021562,C01137,5,Excellent quality,2026-01-07
RV003326,O029468,C03276,3,Could be better,2025-01-15
RV003327,O006040,C08577,2,Product quality below expectations,2025-11-19
RV003328,O039938,C09304,2,Product quality below expectations,2026-04-27
RV003329,O026495,C00578,3,Could be better,2026-03-15
RV003330,O002066,C03437,2,Product quality below expectations,2026-07-13
RV003331,O037723,C01380,2,Late delivery,2026-07-13
RV003332,O025314,C05633,5,Fast delivery,2025-01-12
RV003333,O023154,C05914,4,Good service,2026-07-18
RV003334,O030901,C08561,5,Excellent quality,2026-05-14
RV003335,O021770,C07323,4,Nice packaging,2025-08-19
RV003336,O010717,C00408,5,Fast delivery,2024-11-17
RV003337,O012991,C02207,1,Very disappointed,2024-09-22
RV003338,O008600,C02729,5,Very satisfied,2025-11-18
RV003339,O030294,C05747,4,Nice packaging,2026-07-24
RV003340,O020067,C08028,5,Highly recommended,2025-10-09
RV003341,O037483,C08285,5,Excellent quality,2025-09-18
RV003342,O026934,C04197,4,Satisfied,2026-07-30
RV003343,O006887,C03354,5,Very satisfied,2024-09-12
RV003344,O026437,C02291,4,Good service,2026-04-25
RV003345,O037127,C05807,5,Fast delivery,2026-05-10
RV003346,O026376,C02783,5,Fresh products,2024-09-06
RV003347,O004484,C06750,4,Value for money,2024-12-12
RV003348,O016556,C05017,4,Satisfied,2026-06-19
RV003349,O009366,C09722,4,Value for money,2025-01-16
RV003350,O039980,C02759,5,Fresh products,2024-12-01
RV003351,O038383,C04906,5,Excellent quality,2025-07-23
RV003352,O004594,C00026,4,Value for money,2025-07-13
RV003353,O000852,C03398,5,Very satisfied,2025-09-20
RV003354,O023873,C08945,3,Delivery was okay,2025-12-25
RV003355,O025665,C03858,5,Highly recommended,2026-01-09
RV003356,O007116,C04534,5,Fast delivery,2025-09-09
RV003357,O003643,C00538,4,Good service,2025-12-10
RV003358,O019094,C06697,5,Highly recommended,2025-05-08
RV003359,O026179,C07076,5,Fresh products,2025-11-20
RV003360,O037751,C00038,5,Highly recommended,2025-08-27
RV003361,O023021,C00091,4,Satisfied,2024-10-04
RV003362,O005685,C04878,4,Satisfied,2024-08-20
RV003363,O008966,C03994,5,Very satisfied,2026-02-02
RV003364,O017669,C05230,4,Satisfied,2024-11-27
RV003365,O010505,C04625,4,Value for money,2024-12-19
RV003366,O010620,C01649,3,Average experience,2025-12-21
RV003367,O020611,C03690,5,Highly recommended,2025-03-31
RV003368,O002783,C00526,4,Nice packaging,2025-02-24
RV003369,O008946,C04775,4,Nice packaging,2025-03-16
RV003370,O030095,C09345,4,Satisfied,2026-06-19
RV003371,O039632,C00532,5,Fresh products,2026-04-07
RV003372,O010798,C03974,5,Highly recommended,2026-04-15
RV003373,O033256,C05375,5,Very satisfied,2025-08-12
RV003374,O002946,C08952,5,Fresh products,2024-12-15
RV003375,O015577,C01623,5,Fast delivery,2025-11-22
RV003376,O013996,C00312,4,Nice packaging,2026-06-30
RV003377,O024030,C02872,5,Excellent quality,2025-07-02
RV003378,O005126,C04823,2,Product quality below expectations,2025-02-01
RV003379,O036952,C02997,3,Delivery was okay,2024-10-02
RV003380,O014426,C08029,5,Fresh products,2025-05-21
RV003381,O002765,C07882,5,Fast delivery,2025-03-11
RV003382,O008020,C03410,5,Highly recommended,2025-12-10
RV003383,O035424,C09320,4,Satisfied,2025-01-29
RV003384,O011030,C03810,5,Fresh products,2026-01-04
RV003385,O037693,C07229,3,Delivery was okay,2025-05-19
RV003386,O010000,C00250,5,Fast delivery,2026-01-06
RV003387,O036642,C05742,5,Fresh products,2024-08-30
RV003388,O011911,C09544,4,Satisfied,2025-09-28
RV003389,O012651,C08807,5,Fresh products,2024-10-10
RV003390,O017523,C03717,5,Fresh products,2025-01-05
RV003391,O028498,C08952,5,Fresh products,2025-07-22
RV003392,O026870,C07599,5,Fresh products,2025-07-16
RV003393,O002253,C04091,4,Good service,2025-01-09
RV003394,O002579,C03673,4,Nice packaging,2024-12-23
RV003395,O020580,C03540,1,Very disappointed,2026-03-11
RV003396,O039957,C03289,5,Highly recommended,2025-11-26
RV003397,O028660,C02353,4,Nice packaging,2024-09-01
RV003398,O021129,C02937,5,Highly recommended,2025-06-16
RV003399,O031014,C09674,5,Fresh products,2025-01-31
RV003400,O037753,C04564,4,Nice packaging,2024-10-01
RV003401,O039946,C08516,5,Excellent quality,2026-01-05
RV003402,O024041,C09387,5,Excellent quality,2025-03-26
RV003403,O016685,C02459,5,Fast delivery,2025-05-14
RV003404,O016468,C02584,4,Value for money,2024-10-06
RV003405,O001944,C01515,4,Nice packaging,2026-02-13
RV003406,O018752,C01504,5,Excellent quality,2026-05-22
RV003407,O018882,C01841,4,Nice packaging,2026-05-08
RV003408,O018022,C05378,4,Good service,2025-08-20
RV003409,O034196,C07736,3,Delivery was okay,2026-01-16
RV003410,O038534,C02109,5,Fast delivery,2025-08-03
RV003411,O014273,C00290,5,Excellent quality,2026-06-27
RV003412,O023777,C06095,5,Fresh products,2025-03-23
RV003413,O027551,C03182,5,Highly recommended,2025-01-22
RV003414,O009361,C04028,5,Fast delivery,2026-05-06
RV003415,O006410,C01188,4,Satisfied,2025-04-06
RV003416,O015141,C09475,5,Fresh products,2024-12-23
RV003417,O020766,C02169,3,Delivery was okay,2026-06-01
RV003418,O002410,C05568,5,Fast delivery,2025-08-31
RV003419,O000320,C04957,5,Excellent quality,2024-11-28
RV003420,O011466,C03467,5,Highly recommended,2025-10-18
RV003421,O031606,C00346,4,Satisfied,2026-02-27
RV003422,O020210,C07730,5,Very satisfied,2025-07-22
RV003423,O032210,C00381,5,Fast delivery,2025-11-11
RV003424,O020745,C08133,5,Excellent quality,2024-12-20
RV003425,O034394,C00107,5,Fresh products,2025-06-05
RV003426,O006042,C03323,5,Fresh products,2025-09-06
RV003427,O001550,C09443,5,Fast delivery,2025-02-03
RV003428,O021813,C08737,1,Very disappointed,2026-01-13
RV003429,O020048,C02783,5,Very satisfied,2024-08-26
RV003430,O017546,C08724,4,Nice packaging,2026-04-08
RV003431,O031274,C09173,5,Highly recommended,2026-05-27
RV003432,O014376,C05304,3,Delivery was okay,2025-02-01
RV003433,O031680,C01073,2,Product quality below expectations,2026-04-15
RV003434,O022258,C05937,4,Nice packaging,2025-05-04
RV003435,O026511,C02691,5,Very satisfied,2024-10-13
RV003436,O022383,C06529,5,Fresh products,2025-12-07
RV003437,O025285,C09305,4,Value for money,2025-08-05
RV003438,O010896,C04247,5,Fresh products,2026-03-08
RV003439,O024519,C01618,1,Very disappointed,2025-04-14
RV003440,O024124,C09083,3,Average experience,2025-09-12
RV003441,O022647,C06979,4,Nice packaging,2025-10-31
RV003442,O022254,C05113,3,Delivery was okay,2024-12-27
RV003443,O028103,C07639,4,Value for money,2026-03-06
RV003444,O039523,C00943,4,Value for money,2024-10-28
RV003445,O038706,C03879,4,Nice packaging,2025-04-16
RV003446,O011259,C09339,5,Highly recommended,2025-04-26
RV003447,O033234,C01811,5,Very satisfied,2025-07-29
RV003448,O021037,C02947,4,Nice packaging,2024-09-26
RV003449,O031757,C01289,5,Fresh products,2025-11-01
RV003450,O020008,C06512,4,Good service,2024-12-23
RV003451,O005782,C00131,5,Excellent quality,2025-11-03
RV003452,O039450,C00674,5,Very satisfied,2025-11-29
RV003453,O008696,C04270,4,Nice packaging,2026-02-18
RV003454,O023586,C06536,2,Late delivery,2025-05-02
RV003455,O024920,C00893,5,Fast delivery,2026-07-18
RV003456,O008897,C00786,3,Could be better,2024-09-26
RV003457,O016334,C07450,5,Excellent quality,2026-02-07
RV003458,O032269,C04790,5,Highly recommended,2025-02-12
RV003459,O037697,C07243,5,Fast delivery,2026-02-26
RV003460,O009133,C05411,5,Fresh products,2024-10-06
RV003461,O014014,C05500,4,Good service,2025-06-13
RV003462,O013011,C03056,4,Satisfied,2026-05-05
RV003463,O020373,C05913,5,Highly recommended,2024-11-20
RV003464,O010070,C08887,1,Wrong item received,2025-09-19
RV003465,O025578,C06605,5,Highly recommended,2026-03-03
RV003466,O022607,C03108,4,Nice packaging,2025-03-14
RV003467,O012617,C00561,5,Very satisfied,2026-01-31
RV003468,O032284,C01591,5,Fast delivery,2026-06-11
RV003469,O038282,C02546,3,Average experience,2026-05-15
RV003470,O033278,C02478,5,Very satisfied,2024-12-23
RV003471,O022305,C01510,1,Damaged product,2024-09-07
RV003472,O009820,C00589,5,Fast delivery,2025-10-17
RV003473,O017136,C09222,5,Fresh products,2026-08-01
RV003474,O036218,C01607,5,Highly recommended,2025-05-25
RV003475,O038099,C00524,5,Excellent quality,2026-01-12
RV003476,O001161,C04348,5,Very satisfied,2025-07-26
RV003477,O017152,C02526,5,Highly recommended,2026-04-02
RV003478,O039702,C02703,5,Excellent quality,2026-07-19
RV003479,O030226,C08353,3,Could be better,2026-04-21
RV003480,O029511,C08265,3,Average experience,2025-01-22
RV003481,O009403,C02101,4,Good service,2026-01-06
RV003482,O007516,C08209,3,Delivery was okay,2025-08-08
RV003483,O016892,C06882,4,Good service,2026-08-01
RV003484,O007671,C06509,5,Fast delivery,2025-09-17
RV003485,O034319,C00655,2,Late delivery,2025-11-25
RV003486,O022486,C05187,4,Value for money,2024-12-30
RV003487,O034556,C09746,4,Good service,2025-01-04
RV003488,O024408,C02316,1,Very disappointed,2025-03-05
RV003489,O035234,C08963,4,Satisfied,2025-01-10
RV003490,O015543,C06958,5,Fast delivery,2025-10-02
RV003491,O017196,C01717,5,Fresh products,2026-07-24
RV003492,O010045,C07717,5,Excellent quality,2025-11-01
RV003493,O021619,C00669,5,Excellent quality,2025-06-09
RV003494,O001648,C02021,3,Could be better,2025-11-13
RV003495,O009746,C05760,4,Satisfied,2024-12-18
RV003496,O033896,C04694,4,Value for money,2025-08-07
RV003497,O030363,C06639,5,Excellent quality,2026-05-17
RV003498,O011980,C05853,5,Fresh products,2026-01-04
RV003499,O028848,C07979,5,Excellent quality,2026-07-22
RV003500,O012535,C02722,5,Fast delivery,2026-01-21
RV003501,O020354,C08718,4,Value for money,2024-10-13
RV003502,O028025,C01461,5,Very satisfied,2025-08-07
RV003503,O004116,C02062,4,Nice packaging,2024-08-08
RV003504,O000984,C08730,5,Fast delivery,2025-07-11
RV003505,O011306,C03996,5,Fresh products,2024-10-28
RV003506,O029013,C06061,4,Value for money,2026-01-31
RV003507,O017265,C05773,4,Value for money,2024-10-21
RV003508,O002588,C08572,5,Highly recommended,2026-05-28
RV003509,O006771,C00481,2,Late delivery,2025-11-16
RV003510,O019510,C04436,5,Very satisfied,2026-04-20
RV003511,O014684,C08119,4,Nice packaging,2025-07-17
RV003512,O012211,C02117,5,Fresh products,2026-07-13
RV003513,O029779,C01548,5,Fast delivery,2024-09-16
RV003514,O017610,C08195,4,Value for money,2025-01-09
RV003515,O016170,C01316,5,Highly recommended,2026-06-22
RV003516,O007083,C08401,5,Fresh products,2026-07-06
RV003517,O009373,C00718,4,Good service,2025-02-06
RV003518,O038636,C01243,5,Fresh products,2025-03-10
RV003519,O038859,C06455,1,Wrong item received,2025-01-05
RV003520,O037698,C06055,5,Highly recommended,2026-08-04
RV003521,O034183,C05299,5,Very satisfied,2025-12-16
RV003522,O008708,C01640,4,Satisfied,2026-02-10
RV003523,O002926,C07957,2,Late delivery,2025-02-04
RV003524,O038926,C09761,5,Fast delivery,2026-02-21
RV003525,O011257,C00162,5,Highly recommended,2025-03-15
RV003526,O032267,C05516,4,Value for money,2026-08-06
RV003527,O030806,C04953,3,Could be better,2026-03-26
RV003528,O030017,C03319,5,Highly recommended,2025-06-17
RV003529,O005317,C03023,5,Excellent quality,2025-12-08
RV003530,O026189,C09116,1,Wrong item received,2025-01-15
RV003531,O034685,C05558,5,Fast delivery,2024-08-25
RV003532,O028045,C08445,4,Nice packaging,2025-10-17
RV003533,O003549,C07197,4,Value for money,2026-03-10
RV003534,O025935,C01560,5,Highly recommended,2025-05-31
RV003535,O002611,C03474,3,Delivery was okay,2025-03-31
RV003536,O028294,C05329,4,Good service,2025-10-22
RV003537,O030137,C07211,3,Delivery was okay,2026-06-21
RV003538,O002800,C00188,5,Highly recommended,2024-11-28
RV003539,O007584,C01389,5,Excellent quality,2026-07-11
RV003540,O016363,C03427,5,Fresh products,2024-08-30
RV003541,O035412,C05323,4,Nice packaging,2025-01-08
RV003542,O022413,C00921,3,Could be better,2025-12-04
RV003543,O030641,C00292,5,Fresh products,2024-11-18
RV003544,O008581,C08200,5,Fresh products,2026-05-24
RV003545,O027814,C09573,5,Very satisfied,2025-04-09
RV003546,O003355,C05741,5,Fast delivery,2025-02-26
RV003547,O027010,C00063,1,Very disappointed,2025-12-23
RV003548,O034012,C00930,4,Satisfied,2025-06-11
RV003549,O026649,C03003,4,Value for money,2026-03-26
RV003550,O013826,C08975,3,Delivery was okay,2026-01-29
RV003551,O036262,C05252,5,Fast delivery,2025-06-20
RV003552,O032648,C01945,4,Satisfied,2025-01-13
RV003553,O013869,C02603,2,Late delivery,2024-11-23
RV003554,O015638,C00807,5,Highly recommended,2025-10-02
RV003555,O009956,C05381,4,Satisfied,2025-06-28
RV003556,O008263,C05826,4,Value for money,2025-04-07
RV003557,O031395,C05581,5,Excellent quality,2026-03-29
RV003558,O009704,C08733,4,Good service,2024-09-15
RV003559,O019469,C05776,4,Value for money,2024-12-14
RV003560,O004251,C09549,5,Excellent quality,2025-09-08
RV003561,O019167,C04575,5,Highly recommended,2025-12-14
RV003562,O017843,C01516,3,Could be better,2025-01-18
RV003563,O031859,C04317,2,Product quality below expectations,2026-07-23
RV003564,O013482,C09127,4,Satisfied,2025-04-06
RV003565,O023371,C07705,1,Wrong item received,2025-11-25
RV003566,O020170,C03256,5,Excellent quality,2026-02-09
RV003567,O035953,C07988,5,Highly recommended,2024-12-11
RV003568,O010065,C02483,5,Highly recommended,2025-11-17
RV003569,O006737,C03408,5,Highly recommended,2026-04-18
RV003570,O007800,C09425,5,Fast delivery,2025-05-19
RV003571,O005042,C00128,5,Highly recommended,2025-03-07
RV003572,O002816,C09938,5,Highly recommended,2026-03-01
RV003573,O011734,C04956,5,Very satisfied,2025-09-02
RV003574,O014574,C03717,4,Nice packaging,2025-11-21
RV003575,O025527,C08430,5,Excellent quality,2026-01-24
RV003576,O039882,C08343,5,Very satisfied,2024-08-17
RV003577,O020247,C09817,3,Average experience,2024-10-15
RV003578,O017603,C01831,2,Late delivery,2024-12-23
RV003579,O006945,C08766,3,Could be better,2026-01-13
RV003580,O025007,C04881,3,Could be better,2024-12-09
RV003581,O027919,C05182,4,Nice packaging,2026-05-24
RV003582,O001178,C04396,5,Highly recommended,2024-12-01
RV003583,O015475,C00264,5,Fresh products,2025-12-09
RV003584,O032676,C09564,5,Fast delivery,2025-11-24
RV003585,O030458,C08829,2,Product quality below expectations,2025-03-31
RV003586,O034106,C04730,4,Satisfied,2026-07-16
RV003587,O021774,C06492,5,Highly recommended,2024-10-28
RV003588,O018885,C03711,3,Delivery was okay,2025-11-02
RV003589,O013062,C02091,3,Delivery was okay,2024-08-12
RV003590,O017250,C04232,5,Fresh products,2026-06-15
RV003591,O025367,C06343,5,Fast delivery,2026-02-26
RV003592,O019070,C01608,4,Satisfied,2025-05-26
RV003593,O024858,C00126,5,Fresh products,2025-08-25
RV003594,O015642,C02514,5,Fresh products,2026-06-07
RV003595,O022779,C08240,5,Very satisfied,2024-08-08
RV003596,O037003,C03513,2,Product quality below expectations,2024-12-30
RV003597,O021004,C07156,5,Excellent quality,2026-03-20
RV003598,O028392,C02493,3,Could be better,2026-04-20
RV003599,O029766,C06965,4,Satisfied,2026-05-17
RV003600,O028771,C01822,5,Fresh products,2024-09-07
RV003601,O008909,C00456,5,Highly recommended,2025-09-08
RV003602,O035163,C09934,5,Fresh products,2025-06-18
RV003603,O010102,C05640,3,Could be better,2026-07-27
RV003604,O019448,C09180,4,Nice packaging,2024-09-17
RV003605,O030598,C03149,5,Excellent quality,2026-02-08
RV003606,O010697,C02628,4,Value for money,2025-01-11
RV003607,O022896,C01266,4,Value for money,2025-08-04
RV003608,O012204,C05047,4,Nice packaging,2024-12-17
RV003609,O009842,C07204,4,Satisfied,2025-12-06
RV003610,O012402,C03841,5,Highly recommended,2025-06-07
RV003611,O023604,C02371,5,Fresh products,2025-07-11
RV003612,O002997,C05597,5,Very satisfied,2024-11-16
RV003613,O037899,C07440,4,Nice packaging,2025-06-26
RV003614,O003699,C01494,5,Highly recommended,2026-04-04
RV003615,O018873,C00684,5,Fast delivery,2025-05-16
RV003616,O027562,C00976,3,Could be better,2026-04-23
RV003617,O023355,C08641,4,Satisfied,2025-06-11
RV003618,O025514,C09183,5,Fast delivery,2026-02-13
RV003619,O000426,C03248,5,Fast delivery,2025-07-18
RV003620,O004862,C04881,4,Nice packaging,2025-05-31
RV003621,O032013,C02520,4,Value for money,2025-11-26
RV003622,O006614,C07090,5,Highly recommended,2025-11-03
RV003623,O014064,C09678,5,Excellent quality,2025-03-28
RV003624,O028305,C01898,3,Delivery was okay,2025-09-22
RV003625,O013179,C04324,5,Highly recommended,2024-08-06
RV003626,O023418,C04527,5,Excellent quality,2026-07-17
RV003627,O003831,C09747,5,Very satisfied,2026-01-05
RV003628,O015443,C07335,5,Highly recommended,2025-12-16
RV003629,O025506,C03384,5,Very satisfied,2025-02-26
RV003630,O033875,C05699,4,Nice packaging,2025-01-06
RV003631,O038289,C09771,2,Packaging issue,2026-02-03
RV003632,O013964,C01895,4,Nice packaging,2025-10-18
RV003633,O032023,C03034,1,Damaged product,2026-02-26
RV003634,O023863,C01604,5,Fast delivery,2025-07-17
RV003635,O015502,C02640,5,Very satisfied,2025-11-29
RV003636,O013562,C09685,5,Excellent quality,2025-09-20
RV003637,O013173,C07140,5,Fast delivery,2026-01-02
RV003638,O017043,C07598,3,Delivery was okay,2025-04-19
RV003639,O012931,C02574,5,Fresh products,2025-06-04
RV003640,O008022,C08478,4,Satisfied,2025-07-21
RV003641,O019450,C00925,5,Excellent quality,2025-02-28
RV003642,O023934,C03951,5,Fresh products,2025-08-23
RV003643,O001546,C05848,5,Fresh products,2026-06-29
RV003644,O020433,C08636,5,Excellent quality,2025-07-15
RV003645,O029648,C07808,1,Damaged product,2025-05-05
RV003646,O005827,C08670,5,Fast delivery,2025-11-25
RV003647,O033011,C07769,5,Very satisfied,2025-02-04
RV003648,O034176,C08608,5,Fast delivery,2024-08-22
RV003649,O022209,C07706,2,Packaging issue,2024-11-19
RV003650,O004068,C06019,5,Fresh products,2025-04-29
RV003651,O005383,C07103,4,Value for money,2024-12-31
RV003652,O003339,C08331,1,Damaged product,2025-05-09
RV003653,O026254,C00799,5,Excellent quality,2025-01-27
RV003654,O025230,C04067,5,Fresh products,2025-01-23
RV003655,O006411,C02344,5,Excellent quality,2025-07-07
RV003656,O019196,C07694,5,Highly recommended,2025-02-08
RV003657,O019355,C02467,5,Excellent quality,2025-09-05
RV003658,O016649,C01631,5,Fast delivery,2026-03-27
RV003659,O033979,C00409,5,Highly recommended,2026-02-03
RV003660,O015940,C04956,5,Fresh products,2025-10-24
RV003661,O003636,C08633,5,Fast delivery,2025-10-05
RV003662,O016620,C07751,4,Good service,2026-07-19
RV003663,O014989,C02090,5,Fresh products,2025-03-11
RV003664,O001889,C03781,3,Could be better,2025-05-02
RV003665,O005218,C09327,1,Wrong item received,2025-05-13
RV003666,O034179,C03105,5,Very satisfied,2025-07-06
RV003667,O003375,C00683,5,Highly recommended,2025-05-17
RV003668,O016236,C09142,5,Very satisfied,2024-11-17
RV003669,O021440,C00044,5,Highly recommended,2026-03-28
RV003670,O031911,C03170,3,Could be better,2025-07-27
RV003671,O038080,C04030,5,Fresh products,2026-05-09
RV003672,O024354,C07066,4,Nice packaging,2026-07-13
RV003673,O004010,C04637,4,Value for money,2024-11-14
RV003674,O001771,C08457,5,Fast delivery,2025-08-29
RV003675,O033727,C00955,2,Late delivery,2024-12-17
RV003676,O016858,C07734,4,Nice packaging,2026-06-17
RV003677,O038291,C09536,4,Nice packaging,2025-12-21
RV003678,O037107,C04972,5,Fast delivery,2026-05-17
RV003679,O025796,C05035,4,Value for money,2025-11-16
RV003680,O003042,C06935,5,Fast delivery,2025-02-16
RV003681,O006422,C01160,3,Average experience,2024-09-02
RV003682,O021336,C01965,4,Satisfied,2025-12-15
RV003683,O032469,C02036,4,Satisfied,2024-10-26
RV003684,O017003,C09307,4,Nice packaging,2025-04-26
RV003685,O004837,C09339,5,Very satisfied,2026-03-16
RV003686,O037919,C02724,5,Excellent quality,2025-12-02
RV003687,O004878,C02940,5,Excellent quality,2026-02-13
RV003688,O009378,C00017,5,Fresh products,2026-07-06
RV003689,O015799,C02775,5,Excellent quality,2026-05-25
RV003690,O007617,C05684,1,Very disappointed,2026-06-25
RV003691,O003638,C00037,4,Nice packaging,2026-01-25
RV003692,O014496,C09667,2,Packaging issue,2025-06-23
RV003693,O017809,C06435,5,Excellent quality,2025-09-14
RV003694,O019395,C07849,4,Satisfied,2025-08-15
RV003695,O034647,C05172,5,Fresh products,2025-05-09
RV003696,O008208,C04453,5,Very satisfied,2025-12-27
RV003697,O004877,C04989,2,Product quality below expectations,2026-04-30
RV003698,O009258,C04551,3,Average experience,2026-01-18
RV003699,O029310,C08470,5,Very satisfied,2026-01-08
RV003700,O011049,C01666,1,Very disappointed,2026-04-02
RV003701,O008584,C01872,5,Very satisfied,2026-03-05
RV003702,O029119,C01380,5,Fast delivery,2025-02-07
RV003703,O019815,C01725,4,Good service,2025-03-17
RV003704,O035115,C05965,2,Late delivery,2026-01-29
RV003705,O012598,C07899,4,Nice packaging,2025-08-14
RV003706,O029599,C05132,5,Excellent quality,2025-01-21
RV003707,O005938,C08394,5,Highly recommended,2025-11-17
RV003708,O013277,C07282,5,Very satisfied,2025-09-04
RV003709,O015933,C01317,2,Late delivery,2025-09-19
RV003710,O008068,C05470,5,Highly recommended,2024-09-22
RV003711,O021568,C03739,3,Delivery was okay,2025-07-30
RV003712,O031026,C05381,3,Average experience,2025-05-05
RV003713,O026017,C09291,5,Fast delivery,2025-12-22
RV003714,O011523,C05781,5,Excellent quality,2025-06-12
RV003715,O019801,C01577,4,Nice packaging,2026-07-30
RV003716,O038298,C08006,5,Highly recommended,2026-07-24
RV003717,O026459,C02320,4,Good service,2024-09-04
RV003718,O018708,C08685,5,Fast delivery,2024-08-10
RV003719,O003597,C06695,5,Highly recommended,2026-01-26
RV003720,O033051,C08750,4,Nice packaging,2026-07-07
RV003721,O026018,C07597,4,Good service,2025-11-25
RV003722,O001125,C01692,5,Fresh products,2024-10-18
RV003723,O011671,C08688,1,Very disappointed,2025-03-17
RV003724,O038242,C03657,4,Satisfied,2025-10-13
RV003725,O007873,C03108,5,Fast delivery,2026-03-11
RV003726,O034058,C09765,1,Wrong item received,2025-10-06
RV003727,O034474,C01619,4,Value for money,2024-12-27
RV003728,O000032,C07465,5,Excellent quality,2024-10-25
RV003729,O027958,C01605,5,Very satisfied,2025-06-07
RV003730,O018984,C02792,5,Fast delivery,2025-08-11
RV003731,O011475,C00172,5,Highly recommended,2025-02-22
RV003732,O021074,C00573,5,Highly recommended,2025-12-07
RV003733,O007885,C00384,5,Fast delivery,2025-04-26
RV003734,O001762,C04470,4,Good service,2025-12-18
RV003735,O035196,C05769,4,Value for money,2026-06-06
RV003736,O011048,C06875,4,Nice packaging,2025-11-09
RV003737,O016449,C06120,4,Good service,2026-02-03
RV003738,O026287,C09701,4,Satisfied,2026-01-18
RV003739,O020559,C02476,5,Fast delivery,2024-09-21
RV003740,O016782,C02665,5,Excellent quality,2025-02-02
RV003741,O004957,C03100,3,Could be better,2026-03-16
RV003742,O021679,C02711,2,Late delivery,2025-02-19
RV003743,O009334,C08767,5,Highly recommended,2026-04-23
RV003744,O006325,C00387,5,Highly recommended,2025-12-06
RV003745,O030954,C04911,5,Excellent quality,2024-11-01
RV003746,O032444,C03497,2,Product quality below expectations,2025-10-05
RV003747,O029996,C02629,5,Very satisfied,2025-11-23
RV003748,O025971,C03940,5,Very satisfied,2024-09-25
RV003749,O032720,C03713,5,Very satisfied,2026-04-29
RV003750,O017742,C08768,3,Delivery was okay,2026-05-30
RV003751,O023350,C08135,1,Very disappointed,2025-07-30
RV003752,O014555,C08423,4,Value for money,2026-03-30
RV003753,O031692,C07788,4,Nice packaging,2025-06-04
RV003754,O038497,C02666,3,Average experience,2026-02-26
RV003755,O000680,C05023,5,Fast delivery,2024-12-02
RV003756,O006648,C04920,4,Satisfied,2025-02-25
RV003757,O019149,C06649,5,Excellent quality,2026-04-14
RV003758,O024392,C08035,5,Highly recommended,2026-07-11
RV003759,O026355,C00776,5,Fast delivery,2026-04-17
RV003760,O002404,C01114,4,Value for money,2026-03-02
RV003761,O010510,C03138,5,Fast delivery,2025-07-03
RV003762,O034597,C02159,5,Very satisfied,2025-07-03
RV003763,O030547,C06886,3,Delivery was okay,2025-04-28
RV003764,O037431,C00169,5,Very satisfied,2026-07-26
RV003765,O005246,C01770,1,Very disappointed,2026-02-21
RV003766,O035126,C05477,4,Satisfied,2025-03-28
RV003767,O028354,C05185,5,Fast delivery,2026-03-05
RV003768,O023072,C06380,3,Delivery was okay,2025-10-13
RV003769,O037542,C07992,3,Average experience,2026-07-25
RV003770,O015478,C07316,5,Fresh products,2025-12-22
RV003771,O037946,C04798,5,Very satisfied,2025-05-01
RV003772,O034907,C05488,5,Highly recommended,2025-05-02
RV003773,O023574,C07348,4,Good service,2024-08-11
RV003774,O012213,C01617,1,Damaged product,2025-11-20
RV003775,O025229,C04682,5,Very satisfied,2025-04-19
RV003776,O033560,C02066,4,Nice packaging,2024-11-30
RV003777,O031048,C08052,4,Value for money,2025-06-24
RV003778,O031442,C07415,3,Could be better,2025-07-25
RV003779,O000949,C04756,1,Wrong item received,2024-11-12
RV003780,O019665,C00897,4,Satisfied,2025-01-02
RV003781,O000791,C06784,4,Nice packaging,2025-09-17
RV003782,O008102,C05228,5,Fast delivery,2025-04-04
RV003783,O014037,C02559,4,Satisfied,2025-12-28
RV003784,O001536,C03970,4,Value for money,2024-11-26
RV003785,O020310,C07990,5,Highly recommended,2025-03-16
RV003786,O009839,C02692,5,Fast delivery,2025-08-11
RV003787,O036564,C04078,1,Wrong item received,2024-10-29
RV003788,O018612,C03585,3,Delivery was okay,2024-09-28
RV003789,O006349,C04998,4,Value for money,2024-10-16
RV003790,O039005,C04630,4,Value for money,2025-05-16
RV003791,O029513,C01930,3,Delivery was okay,2024-11-23
RV003792,O017179,C06801,3,Average experience,2025-10-11
RV003793,O019752,C04110,4,Good service,2025-10-27
RV003794,O025032,C00988,4,Value for money,2026-07-13
RV003795,O020513,C02242,5,Excellent quality,2025-09-15
RV003796,O003057,C06651,5,Fresh products,2025-12-19
RV003797,O015946,C09316,5,Excellent quality,2025-06-14
RV003798,O025843,C01833,5,Very satisfied,2024-12-23
RV003799,O009423,C07303,4,Nice packaging,2024-10-01
RV003800,O039316,C07338,4,Good service,2025-10-06
RV003801,O007383,C07260,4,Good service,2026-02-16
RV003802,O005613,C09047,5,Highly recommended,2026-04-28
RV003803,O003023,C00234,2,Packaging issue,2025-10-08
RV003804,O035759,C02358,5,Fast delivery,2026-04-15
RV003805,O004734,C00543,3,Could be better,2024-10-23
RV003806,O026507,C02723,4,Good service,2025-03-11
RV003807,O002839,C07056,5,Fresh products,2026-04-24
RV003808,O016851,C00910,5,Excellent quality,2026-04-29
RV003809,O028503,C05152,5,Excellent quality,2025-04-26
RV003810,O039429,C03657,5,Fast delivery,2026-01-27
RV003811,O023226,C06770,5,Very satisfied,2026-05-20
RV003812,O007170,C04540,4,Value for money,2026-06-18
RV003813,O036684,C09092,5,Fast delivery,2025-09-10
RV003814,O013548,C07169,4,Nice packaging,2025-11-09
RV003815,O034463,C09001,5,Very satisfied,2025-05-08
RV003816,O024734,C02347,4,Satisfied,2024-11-21
RV003817,O017744,C03800,3,Delivery was okay,2026-01-05
RV003818,O016190,C03147,5,Fresh products,2026-05-25
RV003819,O035951,C03799,5,Fast delivery,2024-10-01
RV003820,O019828,C01461,5,Very satisfied,2025-08-24
RV003821,O000332,C07473,5,Excellent quality,2026-05-02
RV003822,O007998,C00751,5,Fast delivery,2025-10-03
RV003823,O003095,C05565,5,Excellent quality,2025-05-30
RV003824,O012683,C06510,2,Packaging issue,2025-03-27
RV003825,O021309,C02874,5,Very satisfied,2024-12-20
RV003826,O028011,C09125,1,Damaged product,2025-11-15
RV003827,O004345,C07024,5,Fresh products,2024-09-23
RV003828,O012733,C08473,5,Highly recommended,2026-02-05
RV003829,O023432,C06700,4,Nice packaging,2026-03-26
RV003830,O034304,C07511,3,Delivery was okay,2026-02-15
RV003831,O018068,C08753,5,Very satisfied,2024-09-23
RV003832,O008202,C01214,5,Highly recommended,2024-09-14
RV003833,O000549,C03401,5,Fast delivery,2025-11-17
RV003834,O026469,C09054,5,Excellent quality,2024-10-23
RV003835,O004739,C00708,1,Very disappointed,2026-01-23
RV003836,O018052,C04452,3,Could be better,2025-07-14
RV003837,O015088,C02277,5,Fast delivery,2025-09-15
RV003838,O011635,C03888,4,Satisfied,2026-03-18
RV003839,O012661,C02843,4,Value for money,2025-12-16
RV003840,O037075,C06906,5,Fast delivery,2024-12-18
RV003841,O039794,C05630,5,Fresh products,2025-12-20
RV003842,O024659,C03042,4,Nice packaging,2026-05-14
RV003843,O011505,C05657,4,Nice packaging,2026-07-01
RV003844,O019480,C04773,5,Fresh products,2025-12-31
RV003845,O014978,C04214,2,Product quality below expectations,2026-04-09
RV003846,O003176,C02549,2,Late delivery,2025-09-27
RV003847,O008801,C02055,3,Average experience,2025-12-31
RV003848,O036530,C04901,5,Fast delivery,2024-11-16
RV003849,O039410,C08224,5,Fast delivery,2025-04-16
RV003850,O031918,C03650,1,Wrong item received,2026-05-13
RV003851,O003482,C05744,4,Nice packaging,2026-04-14
RV003852,O034040,C03770,4,Value for money,2026-02-24
RV003853,O000859,C02872,5,Excellent quality,2025-02-23
RV003854,O017905,C04149,5,Fresh products,2025-08-04
RV003855,O024012,C06334,1,Damaged product,2026-05-09
RV003856,O001227,C03857,5,Fresh products,2024-11-19
RV003857,O038492,C05357,5,Excellent quality,2024-09-07
RV003858,O003421,C02179,5,Very satisfied,2024-08-15
RV003859,O019635,C01209,5,Very satisfied,2024-10-23
RV003860,O003490,C09843,4,Nice packaging,2025-11-05
RV003861,O016517,C02567,5,Very satisfied,2025-01-12
RV003862,O032111,C03513,4,Nice packaging,2024-08-24
RV003863,O034003,C06821,5,Highly recommended,2026-02-10
RV003864,O030979,C02080,2,Packaging issue,2024-08-04
RV003865,O031163,C01710,5,Excellent quality,2026-04-06
RV003866,O002963,C02561,4,Nice packaging,2024-12-04
RV003867,O000022,C05067,5,Highly recommended,2025-04-24
RV003868,O001090,C09624,5,Excellent quality,2026-07-17
RV003869,O024693,C06897,4,Value for money,2025-05-11
RV003870,O018206,C04817,2,Product quality below expectations,2024-10-06
RV003871,O033237,C09195,5,Very satisfied,2025-11-16
RV003872,O037412,C00865,3,Could be better,2025-11-28
RV003873,O012949,C04697,2,Packaging issue,2026-05-01
RV003874,O012874,C01115,3,Could be better,2026-05-27
RV003875,O031167,C04340,3,Delivery was okay,2025-06-20
RV003876,O026196,C01831,4,Good service,2024-11-15
RV003877,O012782,C03650,5,Fresh products,2025-04-04
RV003878,O009835,C04752,5,Excellent quality,2025-07-04
RV003879,O017946,C06994,4,Satisfied,2024-11-15
RV003880,O025310,C07574,5,Fresh products,2025-01-16
RV003881,O000010,C09550,3,Average experience,2026-03-26
RV003882,O034126,C05692,5,Highly recommended,2025-04-01
RV003883,O002619,C07467,5,Very satisfied,2025-07-04
RV003884,O036895,C07766,4,Value for money,2025-03-17
RV003885,O015950,C01277,2,Product quality below expectations,2026-05-14
RV003886,O039821,C04857,4,Nice packaging,2026-04-12
RV003887,O020894,C08669,2,Packaging issue,2024-07-31
RV003888,O037497,C03555,5,Fast delivery,2024-11-06
RV003889,O023231,C05426,5,Highly recommended,2025-03-29
RV003890,O038992,C06204,4,Good service,2024-10-18
RV003891,O000917,C06086,2,Packaging issue,2025-01-16
RV003892,O018521,C07578,5,Excellent quality,2025-08-26
RV003893,O029265,C07370,2,Packaging issue,2024-12-15
RV003894,O038641,C03287,5,Very satisfied,2026-03-31
RV003895,O022925,C08712,5,Very satisfied,2025-05-03
RV003896,O021260,C04174,3,Average experience,2026-04-09
RV003897,O006724,C00267,5,Fresh products,2025-07-07
RV003898,O005659,C01734,5,Highly recommended,2025-10-23
RV003899,O020472,C00572,5,Highly recommended,2026-06-17
RV003900,O006634,C05248,5,Excellent quality,2024-10-15
RV003901,O038682,C04454,5,Fresh products,2025-12-20
RV003902,O022958,C01072,5,Fresh products,2026-06-01
RV003903,O036398,C03187,4,Value for money,2026-01-26
RV003904,O022079,C02044,1,Wrong item received,2024-12-14
RV003905,O026246,C03365,2,Packaging issue,2025-02-25
RV003906,O033036,C00188,4,Value for money,2024-10-19
RV003907,O021250,C01687,5,Excellent quality,2025-10-18
RV003908,O011581,C03001,5,Excellent quality,2025-06-07
RV003909,O022127,C08421,5,Very satisfied,2025-04-17
RV003910,O032627,C04014,5,Fresh products,2024-09-21
RV003911,O025876,C06386,5,Very satisfied,2025-03-16
RV003912,O000625,C03041,4,Good service,2024-09-12
RV003913,O014462,C07154,5,Fast delivery,2026-02-21
RV003914,O017044,C02376,5,Fresh products,2026-05-28
RV003915,O002921,C02575,4,Nice packaging,2026-03-19
RV003916,O000301,C02070,2,Late delivery,2024-12-17
RV003917,O030238,C03199,5,Excellent quality,2024-08-21
RV003918,O024060,C06202,4,Satisfied,2025-08-02
RV003919,O016196,C09307,5,Fresh products,2024-12-11
RV003920,O012739,C03108,5,Very satisfied,2024-12-08
RV003921,O005122,C07221,5,Excellent quality,2024-07-30
RV003922,O024969,C03835,5,Highly recommended,2025-07-17
RV003923,O001042,C05587,5,Fresh products,2025-02-02
RV003924,O037205,C02287,2,Product quality below expectations,2025-12-31
RV003925,O001295,C01319,4,Good service,2025-08-23
RV003926,O004984,C03962,5,Fast delivery,2026-01-04
RV003927,O032319,C09640,5,Fresh products,2026-05-30
RV003928,O022457,C06829,4,Satisfied,2025-11-02
RV003929,O025674,C08691,5,Very satisfied,2026-06-22
RV003930,O026844,C06097,5,Fresh products,2025-11-17
RV003931,O008895,C08634,5,Excellent quality,2026-07-09
RV003932,O000395,C00148,5,Excellent quality,2025-02-02
RV003933,O028243,C09886,5,Very satisfied,2025-10-29
RV003934,O006632,C09935,5,Very satisfied,2025-01-30
RV003935,O014993,C07374,4,Satisfied,2026-03-25
RV003936,O010568,C02875,4,Good service,2025-03-08
RV003937,O014326,C07500,5,Excellent quality,2025-09-19
RV003938,O032519,C06841,5,Highly recommended,2025-11-09
RV003939,O014188,C03234,4,Value for money,2025-07-26
RV003940,O032645,C01325,5,Fresh products,2025-05-06
RV003941,O034812,C00139,3,Average experience,2026-06-11
RV003942,O018236,C00284,4,Good service,2024-12-01
RV003943,O026317,C09356,5,Very satisfied,2025-11-02
RV003944,O010686,C07152,5,Fast delivery,2024-09-01
RV003945,O031119,C04989,4,Good service,2026-02-21
RV003946,O004072,C07207,5,Excellent quality,2025-05-02
RV003947,O032792,C02040,4,Satisfied,2024-12-15
RV003948,O028391,C02275,5,Fast delivery,2025-05-31
RV003949,O004448,C06278,4,Nice packaging,2024-11-20
RV003950,O001936,C07426,4,Good service,2025-07-31
RV003951,O028235,C00645,4,Satisfied,2024-12-23
RV003952,O018922,C09448,4,Value for money,2025-11-10
RV003953,O023531,C01950,5,Highly recommended,2025-02-10
RV003954,O020183,C04255,5,Fresh products,2025-09-23
RV003955,O018224,C06301,5,Fast delivery,2026-04-03
RV003956,O017564,C00379,4,Good service,2024-11-15
RV003957,O032100,C06785,4,Nice packaging,2025-06-11
RV003958,O034144,C07440,5,Excellent quality,2025-07-03
RV003959,O008136,C01334,4,Value for money,2025-11-19
RV003960,O032787,C08263,4,Nice packaging,2026-04-06
RV003961,O013841,C04393,1,Damaged product,2024-10-01
RV003962,O000504,C01159,4,Nice packaging,2025-03-12
RV003963,O020623,C03944,4,Nice packaging,2025-10-08
RV003964,O011944,C04338,3,Average experience,2025-03-11
RV003965,O037085,C02239,2,Late delivery,2025-10-27
RV003966,O012445,C01347,3,Could be better,2026-03-16
RV003967,O014070,C07150,5,Highly recommended,2026-05-15
RV003968,O003865,C02763,5,Very satisfied,2025-09-27
RV003969,O039800,C03949,5,Fresh products,2024-12-19
RV003970,O008161,C07802,5,Fast delivery,2024-10-03
RV003971,O032806,C00954,4,Good service,2025-08-29
RV003972,O015924,C09319,1,Damaged product,2025-02-21
RV003973,O037254,C03808,5,Excellent quality,2025-04-29
RV003974,O003390,C01107,4,Nice packaging,2025-04-25
RV003975,O022766,C01816,5,Fast delivery,2025-05-13
RV003976,O026799,C05523,2,Packaging issue,2026-07-06
RV003977,O030063,C07728,4,Nice packaging,2026-07-26
RV003978,O015252,C08863,5,Very satisfied,2025-07-05
RV003979,O007410,C02278,1,Wrong item received,2025-04-08
RV003980,O036623,C04730,5,Excellent quality,2025-08-09
RV003981,O005530,C07151,3,Could be better,2025-05-04
RV003982,O018001,C06320,2,Packaging issue,2024-09-17
RV003983,O009493,C06432,5,Fresh products,2026-02-22
RV003984,O035282,C04960,3,Could be better,2024-08-18
RV003985,O023124,C02607,5,Excellent quality,2025-05-18
RV003986,O005443,C07867,4,Good service,2025-03-21
RV003987,O004963,C08790,5,Excellent quality,2024-10-22
RV003988,O011457,C09832,5,Fast delivery,2025-09-26
RV003989,O031644,C02347,2,Product quality below expectations,2025-02-09
RV003990,O007320,C04116,5,Excellent quality,2025-07-02
RV003991,O032921,C05860,4,Value for money,2026-01-15
RV003992,O021017,C04495,5,Excellent quality,2024-08-28
RV003993,O038501,C04107,5,Fast delivery,2025-08-18
RV003994,O038637,C05447,5,Fresh products,2025-03-16
RV003995,O022112,C09573,3,Could be better,2025-01-24
RV003996,O016987,C08656,4,Good service,2024-08-12
RV003997,O020196,C02437,5,Excellent quality,2026-08-01
RV003998,O005233,C03935,5,Highly recommended,2025-07-02
RV003999,O019057,C03203,5,Excellent quality,2025-08-05
RV004000,O018280,C04937,4,Satisfied,2026-02-15
RV004001,O024730,C04305,2,Late delivery,2025-09-02
RV004002,O026055,C07216,5,Fast delivery,2025-03-04
RV004003,O039662,C01890,5,Very satisfied,2025-11-28
RV004004,O014547,C09577,5,Excellent quality,2026-03-15
RV004005,O021495,C05877,5,Highly recommended,2025-02-06
RV004006,O025886,C06956,5,Very satisfied,2025-02-03
RV004007,O012819,C08386,5,Very satisfied,2025-03-16
RV004008,O008883,C03392,5,Excellent quality,2025-03-08
RV004009,O011529,C07794,5,Fresh products,2025-07-14
RV004010,O006308,C07300,2,Packaging issue,2026-01-31
RV004011,O029957,C07758,5,Fast delivery,2024-10-04
RV004012,O019385,C06179,3,Could be better,2025-07-13
RV004013,O035602,C02385,5,Fast delivery,2025-06-12
RV004014,O033569,C09319,5,Fast delivery,2024-09-10
RV004015,O024093,C05516,4,Value for money,2026-04-24
RV004016,O007566,C01183,4,Good service,2025-12-27
RV004017,O037464,C01822,3,Average experience,2025-07-31
RV004018,O004156,C04536,4,Satisfied,2026-05-01
RV004019,O006237,C00183,5,Fresh products,2025-04-03
RV004020,O014687,C01608,4,Good service,2026-01-30
RV004021,O025638,C01111,4,Value for money,2024-12-20
RV004022,O032586,C01339,3,Could be better,2025-06-04
RV004023,O021125,C00941,4,Satisfied,2025-06-16
RV004024,O029903,C09228,4,Good service,2025-09-10
RV004025,O025663,C04597,5,Fresh products,2026-07-07
RV004026,O012835,C03851,1,Damaged product,2026-07-13
RV004027,O028367,C09285,5,Very satisfied,2025-08-07
RV004028,O007214,C09752,5,Highly recommended,2025-01-22
RV004029,O003668,C01791,5,Fast delivery,2025-08-24
RV004030,O035597,C03216,5,Fast delivery,2025-03-19
RV004031,O035034,C06506,3,Average experience,2025-09-01
RV004032,O017716,C08059,5,Highly recommended,2025-01-06
RV004033,O018218,C08541,4,Nice packaging,2025-01-21
RV004034,O009667,C06111,4,Nice packaging,2025-09-20
RV004035,O037157,C04460,4,Value for money,2026-04-06
RV004036,O039163,C01081,5,Very satisfied,2024-09-07
RV004037,O002725,C04770,4,Good service,2025-06-14
RV004038,O027754,C07825,5,Highly recommended,2026-02-05
RV004039,O016134,C05870,3,Delivery was okay,2024-12-08
RV004040,O033282,C07322,5,Excellent quality,2024-08-03
RV004041,O025442,C09321,5,Excellent quality,2025-06-13
RV004042,O007134,C00393,5,Fast delivery,2026-02-24
RV004043,O019973,C08499,3,Delivery was okay,2024-10-25
RV004044,O000362,C07467,5,Very satisfied,2024-11-19
RV004045,O010235,C07923,5,Excellent quality,2026-07-24
RV004046,O001215,C02876,5,Very satisfied,2025-07-23
RV004047,O029492,C09498,3,Delivery was okay,2024-10-16
RV004048,O038697,C02331,5,Fast delivery,2024-10-23
RV004049,O003443,C02821,3,Average experience,2025-07-09
RV004050,O015352,C06040,4,Satisfied,2024-10-07
RV004051,O037335,C03889,3,Delivery was okay,2025-09-25
RV004052,O034373,C03159,4,Satisfied,2025-12-15
RV004053,O006691,C08028,4,Satisfied,2025-06-28
RV004054,O030709,C02794,5,Excellent quality,2024-11-01
RV004055,O039767,C08081,2,Late delivery,2026-07-09
RV004056,O039843,C04676,2,Packaging issue,2024-08-29
RV004057,O005087,C01242,2,Late delivery,2024-09-27
RV004058,O022582,C09548,3,Delivery was okay,2025-09-18
RV004059,O007174,C07045,5,Excellent quality,2025-08-28
RV004060,O010117,C04669,5,Excellent quality,2025-08-17
RV004061,O001576,C08140,5,Highly recommended,2026-02-05
RV004062,O037869,C09942,4,Satisfied,2026-07-12
RV004063,O025838,C06100,4,Satisfied,2024-10-31
RV004064,O031846,C04055,5,Highly recommended,2025-06-08
RV004065,O020895,C01378,5,Very satisfied,2024-10-28
RV004066,O004755,C07415,5,Fast delivery,2025-02-20
RV004067,O028946,C03084,5,Fresh products,2026-03-15
RV004068,O004337,C06624,4,Value for money,2025-01-30
RV004069,O006216,C09254,5,Fresh products,2025-08-24
RV004070,O027784,C05524,5,Very satisfied,2025-08-02
RV004071,O037661,C00380,5,Excellent quality,2025-12-27
RV004072,O000865,C06388,5,Fresh products,2025-03-23
RV004073,O024394,C03909,5,Highly recommended,2026-07-11
RV004074,O006261,C05021,5,Fresh products,2024-11-06
RV004075,O023057,C04098,1,Damaged product,2026-05-03
RV004076,O008099,C07813,4,Good service,2024-08-31
RV004077,O021471,C09472,4,Good service,2024-09-16
RV004078,O005092,C07381,5,Excellent quality,2025-01-30
RV004079,O013936,C03701,5,Fresh products,2024-10-02
RV004080,O021593,C06524,4,Nice packaging,2026-04-13
RV004081,O000613,C07293,4,Satisfied,2025-07-10
RV004082,O033786,C05423,3,Could be better,2025-01-31
RV004083,O039281,C06574,5,Fast delivery,2024-09-06
RV004084,O028755,C03894,5,Fresh products,2026-04-26
RV004085,O015728,C00739,3,Could be better,2025-02-14
RV004086,O012229,C08279,5,Very satisfied,2024-09-14
RV004087,O026855,C04953,5,Very satisfied,2024-11-05
RV004088,O007675,C04191,5,Fresh products,2026-01-20
RV004089,O025330,C09705,5,Fresh products,2025-10-17
RV004090,O001181,C07304,5,Fresh products,2026-07-07
RV004091,O025026,C02915,2,Packaging issue,2026-03-18
RV004092,O009866,C02826,3,Average experience,2026-05-11
RV004093,O019194,C06951,5,Fresh products,2025-04-26
RV004094,O004191,C00793,5,Highly recommended,2024-08-28
RV004095,O008479,C06998,5,Excellent quality,2024-08-09
RV004096,O024819,C03634,3,Could be better,2025-01-04
RV004097,O029360,C02180,4,Value for money,2026-02-12
RV004098,O037495,C07412,1,Wrong item received,2026-02-07
RV004099,O033239,C00823,5,Fresh products,2025-08-25
RV004100,O027167,C04280,4,Good service,2026-02-02
RV004101,O036752,C03214,2,Late delivery,2026-03-18
RV004102,O020213,C07319,4,Good service,2025-06-05
RV004103,O003599,C00584,1,Very disappointed,2025-02-23
RV004104,O009000,C08367,4,Value for money,2024-09-18
RV004105,O014468,C02019,5,Very satisfied,2025-02-20
RV004106,O027923,C00589,4,Value for money,2025-10-10
RV004107,O036020,C09049,3,Delivery was okay,2024-09-08
RV004108,O031110,C06679,5,Excellent quality,2026-04-29
RV004109,O004067,C06438,4,Value for money,2025-11-02
RV004110,O034787,C01946,1,Damaged product,2024-12-29
RV004111,O005074,C01621,5,Very satisfied,2026-02-19
RV004112,O029940,C06124,3,Could be better,2024-12-21
RV004113,O004346,C05574,4,Nice packaging,2025-03-14
RV004114,O023734,C01403,5,Fast delivery,2024-11-22
RV004115,O031683,C09875,5,Highly recommended,2025-11-01
RV004116,O034266,C06569,4,Satisfied,2025-03-26
RV004117,O000258,C05795,4,Value for money,2024-11-07
RV004118,O012956,C02913,5,Very satisfied,2025-12-14
RV004119,O008610,C08409,5,Highly recommended,2025-06-05
RV004120,O037213,C09156,5,Very satisfied,2025-10-02
RV004121,O020734,C01056,3,Average experience,2026-04-30
RV004122,O001955,C06370,5,Fast delivery,2025-10-01
RV004123,O003322,C00999,5,Fresh products,2024-09-14
RV004124,O032682,C02954,4,Good service,2026-01-20
RV004125,O014665,C07288,4,Good service,2025-07-03
RV004126,O010415,C06778,4,Good service,2025-10-06
RV004127,O007511,C02023,4,Good service,2025-06-28
RV004128,O017425,C03065,5,Very satisfied,2026-04-23
RV004129,O037681,C09044,4,Value for money,2026-02-08
RV004130,O028176,C08202,4,Good service,2025-10-08
RV004131,O008982,C04360,5,Fast delivery,2026-06-28
RV004132,O014161,C09862,4,Satisfied,2025-12-07
RV004133,O008010,C07670,5,Excellent quality,2024-10-08
RV004134,O038965,C08103,5,Fast delivery,2024-11-05
RV004135,O012193,C07638,5,Fast delivery,2026-05-08
RV004136,O016995,C07708,4,Good service,2025-05-15
RV004137,O028528,C06282,5,Highly recommended,2026-04-28
RV004138,O027092,C07501,4,Good service,2025-04-20
RV004139,O013047,C02610,3,Delivery was okay,2024-08-12
RV004140,O017683,C04995,5,Excellent quality,2025-03-07
RV004141,O024480,C07710,4,Nice packaging,2024-11-21
RV004142,O002876,C05908,5,Fast delivery,2025-01-29
RV004143,O015598,C02233,5,Fresh products,2025-04-28
RV004144,O003674,C02866,5,Very satisfied,2025-03-19
RV004145,O017013,C05514,4,Value for money,2024-11-27
RV004146,O032442,C04717,5,Fresh products,2026-07-07
RV004147,O017678,C00373,5,Highly recommended,2024-12-31
RV004148,O009214,C06434,5,Excellent quality,2025-08-06
RV004149,O033102,C03198,5,Excellent quality,2025-05-16
RV004150,O018682,C09886,4,Value for money,2024-08-18
RV004151,O030733,C01443,5,Fast delivery,2025-07-04
RV004152,O012536,C02857,5,Fresh products,2026-01-11
RV004153,O009153,C06921,3,Delivery was okay,2024-11-23
RV004154,O014960,C02017,5,Fresh products,2026-05-16
RV004155,O005211,C01943,4,Value for money,2026-06-05
RV004156,O017014,C03868,4,Nice packaging,2025-08-04
RV004157,O018379,C01606,3,Delivery was okay,2025-04-17
RV004158,O019627,C09377,4,Nice packaging,2026-01-29
RV004159,O037129,C07477,3,Could be better,2025-09-26
RV004160,O028390,C00341,5,Fast delivery,2025-12-07
RV004161,O036266,C04459,5,Fresh products,2025-07-27
RV004162,O037831,C03796,4,Value for money,2024-12-13
RV004163,O022541,C06664,5,Very satisfied,2024-11-01
RV004164,O018421,C05272,5,Fresh products,2024-11-15
RV004165,O031756,C01507,4,Value for money,2025-09-05
RV004166,O009110,C05587,5,Fast delivery,2025-03-23
RV004167,O016597,C02767,2,Late delivery,2026-07-25
RV004168,O004012,C02407,5,Very satisfied,2024-08-26
RV004169,O029527,C06807,3,Delivery was okay,2026-07-06
RV004170,O012746,C00329,5,Fast delivery,2025-05-04
RV004171,O018345,C08077,4,Good service,2025-11-08
RV004172,O032575,C09305,5,Excellent quality,2026-06-14
RV004173,O009993,C06237,5,Fast delivery,2026-04-15
RV004174,O035385,C01966,5,Very satisfied,2025-12-21
RV004175,O037507,C09729,5,Highly recommended,2024-11-08
RV004176,O017451,C02267,4,Value for money,2025-08-17
RV004177,O006898,C07718,5,Fast delivery,2025-01-10
RV004178,O037423,C04092,4,Satisfied,2026-01-06
RV004179,O017660,C03618,2,Packaging issue,2024-11-23
RV004180,O000472,C01481,5,Highly recommended,2025-11-06
RV004181,O035400,C01555,5,Highly recommended,2025-09-07
RV004182,O011243,C05874,5,Fresh products,2025-08-09
RV004183,O015094,C03739,5,Fast delivery,2026-07-09
RV004184,O026226,C06943,3,Delivery was okay,2025-08-19
RV004185,O029701,C09309,5,Very satisfied,2025-07-10
RV004186,O022341,C03191,3,Delivery was okay,2024-10-31
RV004187,O035757,C07217,5,Fresh products,2025-05-24
RV004188,O012942,C09091,5,Fast delivery,2024-08-17
RV004189,O039292,C05331,1,Damaged product,2025-03-28
RV004190,O012032,C05847,5,Fresh products,2024-11-15
RV004191,O033015,C09809,5,Very satisfied,2024-08-27
RV004192,O006062,C05419,5,Fast delivery,2026-04-29
RV004193,O031481,C03696,3,Average experience,2026-01-23
RV004194,O011649,C04453,4,Nice packaging,2026-01-10
RV004195,O010161,C02615,5,Very satisfied,2025-07-28
RV004196,O021117,C02222,5,Very satisfied,2026-06-19
RV004197,O008934,C02541,4,Value for money,2025-06-30
RV004198,O022170,C09806,5,Highly recommended,2025-10-15
RV004199,O020236,C01221,5,Very satisfied,2024-11-28
RV004200,O028440,C02121,3,Delivery was okay,2025-07-15
RV004201,O036075,C00125,2,Packaging issue,2024-12-27
RV004202,O010250,C04982,2,Late delivery,2024-09-14
RV004203,O032895,C04329,5,Excellent quality,2025-05-14
RV004204,O007333,C08919,4,Value for money,2026-05-03
RV004205,O027156,C00118,5,Fast delivery,2024-12-13
RV004206,O020458,C07559,2,Packaging issue,2026-04-06
RV004207,O000727,C08655,5,Excellent quality,2024-09-03
RV004208,O014231,C02180,5,Very satisfied,2025-03-03
RV004209,O010788,C01414,4,Good service,2026-03-31
RV004210,O030558,C09479,5,Fresh products,2026-02-25
RV004211,O008788,C09226,3,Delivery was okay,2025-12-26
RV004212,O008491,C07038,4,Satisfied,2025-04-03
RV004213,O029607,C00778,5,Excellent quality,2026-03-17
RV004214,O007445,C03745,5,Highly recommended,2025-02-27
RV004215,O024173,C00307,5,Very satisfied,2026-07-30
RV004216,O002269,C08141,2,Product quality below expectations,2024-10-26
RV004217,O013174,C04212,5,Fresh products,2025-10-07
RV004218,O010789,C09119,5,Highly recommended,2025-10-10
RV004219,O030984,C08960,3,Delivery was okay,2024-10-11
RV004220,O011701,C07926,5,Fast delivery,2025-04-06
RV004221,O006362,C02851,4,Good service,2026-03-15
RV004222,O021010,C02515,4,Nice packaging,2025-09-30
RV004223,O012986,C08651,5,Fresh products,2026-03-30
RV004224,O011313,C01061,2,Product quality below expectations,2025-06-20
RV004225,O039685,C05685,5,Very satisfied,2024-11-20
RV004226,O009298,C09897,5,Excellent quality,2026-06-14
RV004227,O014534,C03682,5,Fast delivery,2025-07-04
RV004228,O003528,C08569,4,Satisfied,2025-12-21
RV004229,O003926,C06733,5,Fresh products,2025-09-21
RV004230,O030128,C00375,4,Nice packaging,2025-05-08
RV004231,O000045,C07493,5,Very satisfied,2024-09-30
RV004232,O034738,C06119,5,Fresh products,2025-11-29
RV004233,O008561,C06709,4,Value for money,2025-03-21
RV004234,O028962,C04661,5,Excellent quality,2025-09-30
RV004235,O015012,C02664,5,Fresh products,2025-09-17
RV004236,O037393,C01702,5,Fast delivery,2025-03-17
RV004237,O014121,C01107,5,Fast delivery,2024-11-27
RV004238,O002348,C00112,5,Highly recommended,2026-07-11
RV004239,O032351,C06588,4,Value for money,2025-07-28
RV004240,O024777,C03036,2,Late delivery,2024-11-16
RV004241,O029044,C07082,2,Product quality below expectations,2024-12-07
RV004242,O019093,C08117,5,Excellent quality,2025-04-19
RV004243,O004652,C05209,5,Highly recommended,2025-09-22
RV004244,O038489,C06099,4,Satisfied,2026-03-16
RV004245,O012233,C04898,5,Fresh products,2025-08-13
RV004246,O010820,C05599,5,Fresh products,2025-07-12
RV004247,O004603,C06452,5,Highly recommended,2024-08-07
RV004248,O014506,C07142,5,Highly recommended,2025-05-21
RV004249,O010299,C04531,1,Wrong item received,2025-02-20
RV004250,O021588,C03717,5,Very satisfied,2026-06-30
RV004251,O017221,C09947,5,Fast delivery,2025-01-18
RV004252,O010360,C00512,4,Good service,2024-09-17
RV004253,O026501,C08095,5,Very satisfied,2026-04-27
RV004254,O030637,C00845,5,Fast delivery,2025-12-09
RV004255,O025441,C08339,5,Fresh products,2025-01-17
RV004256,O029551,C09035,5,Highly recommended,2025-09-27
RV004257,O033932,C07074,4,Value for money,2024-12-15
RV004258,O019373,C06403,5,Highly recommended,2026-03-04
RV004259,O008347,C05509,5,Excellent quality,2026-03-02
RV004260,O029222,C04431,4,Nice packaging,2026-03-01
RV004261,O029749,C01531,5,Fast delivery,2026-05-04
RV004262,O021582,C07373,4,Nice packaging,2024-10-07
RV004263,O000870,C04942,5,Fresh products,2025-01-10
RV004264,O039579,C08571,5,Excellent quality,2024-09-01
RV004265,O016148,C08758,5,Highly recommended,2026-07-10
RV004266,O007669,C01444,4,Satisfied,2025-08-09
RV004267,O009412,C07802,4,Nice packaging,2024-09-28
RV004268,O034783,C09001,4,Good service,2025-09-20
RV004269,O012939,C07922,4,Satisfied,2025-10-22
RV004270,O016616,C07486,4,Satisfied,2026-06-09
RV004271,O002251,C06245,3,Delivery was okay,2026-05-23
RV004272,O017845,C04725,4,Value for money,2025-03-09
RV004273,O005501,C03720,5,Highly recommended,2026-07-19
RV004274,O031428,C06312,5,Highly recommended,2025-11-26
RV004275,O039557,C07471,4,Nice packaging,2025-12-12
RV004276,O031117,C05444,5,Fast delivery,2024-09-22
RV004277,O028192,C07101,5,Fresh products,2025-12-13
RV004278,O018126,C01487,4,Nice packaging,2026-06-20
RV004279,O019023,C04969,5,Fresh products,2026-06-20
RV004280,O027986,C02999,5,Very satisfied,2026-05-29
RV004281,O017553,C06913,5,Fast delivery,2024-10-26
RV004282,O022007,C06435,4,Good service,2025-10-04
RV004283,O013298,C05669,4,Nice packaging,2025-09-12
RV004284,O022916,C07468,5,Highly recommended,2026-04-26
RV004285,O031770,C02040,5,Fresh products,2025-05-09
RV004286,O003874,C09545,5,Very satisfied,2026-03-16
RV004287,O026716,C01187,4,Satisfied,2025-02-07
RV004288,O025500,C00177,3,Average experience,2025-04-16
RV004289,O017381,C09591,5,Fresh products,2025-03-11
RV004290,O011083,C04456,5,Highly recommended,2025-11-06
RV004291,O017485,C07196,5,Highly recommended,2025-09-14
RV004292,O019310,C05091,5,Fast delivery,2025-08-31
RV004293,O034175,C05257,5,Highly recommended,2025-02-28
RV004294,O007612,C08762,5,Very satisfied,2024-09-21
RV004295,O028614,C08636,4,Nice packaging,2025-02-09
RV004296,O005226,C07840,4,Value for money,2025-02-23
RV004297,O034355,C02959,5,Highly recommended,2026-07-19
RV004298,O023102,C02974,3,Average experience,2025-02-11
RV004299,O007362,C06106,4,Value for money,2026-01-09
RV004300,O010610,C03710,4,Nice packaging,2024-12-08
RV004301,O015480,C02486,5,Very satisfied,2026-05-17
RV004302,O034956,C01277,5,Very satisfied,2025-01-16
RV004303,O010744,C05443,5,Very satisfied,2025-10-02
RV004304,O016999,C06535,5,Very satisfied,2024-09-14
RV004305,O005555,C00585,5,Highly recommended,2025-01-27
RV004306,O023009,C07352,5,Very satisfied,2026-02-18
RV004307,O031325,C02417,5,Fast delivery,2025-08-16
RV004308,O031178,C01862,5,Fast delivery,2024-08-07
RV004309,O025974,C06671,3,Could be better,2024-09-05
RV004310,O039424,C01506,5,Highly recommended,2025-08-17
RV004311,O025273,C05214,5,Fresh products,2024-11-26
RV004312,O004912,C09114,4,Nice packaging,2025-03-28
RV004313,O023194,C00640,5,Very satisfied,2025-12-06
RV004314,O028793,C02766,4,Satisfied,2025-12-22
RV004315,O025132,C06111,5,Highly recommended,2026-05-17
RV004316,O036259,C00193,5,Highly recommended,2024-11-09
RV004317,O014854,C05433,5,Highly recommended,2025-08-01
RV004318,O012499,C04202,4,Nice packaging,2025-09-14
RV004319,O014039,C08523,4,Value for money,2025-11-23
RV004320,O035176,C00317,5,Very satisfied,2025-02-24
RV004321,O036601,C07504,3,Delivery was okay,2025-10-05
RV004322,O013426,C04812,3,Could be better,2025-05-12
RV004323,O017937,C07824,2,Late delivery,2026-03-09
RV004324,O018107,C03116,5,Excellent quality,2026-02-20
RV004325,O002014,C09079,3,Could be better,2026-03-23
RV004326,O028037,C07779,4,Good service,2024-08-31
RV004327,O029211,C09802,5,Excellent quality,2025-04-22
RV004328,O029745,C02823,4,Good service,2026-07-10
RV004329,O036136,C06540,5,Fast delivery,2025-12-07
RV004330,O013256,C05617,4,Satisfied,2026-03-06
RV004331,O029416,C05632,5,Fast delivery,2026-07-17
RV004332,O017533,C05353,5,Highly recommended,2025-01-03
RV004333,O032488,C03642,2,Product quality below expectations,2025-04-04
RV004334,O003836,C03112,5,Fresh products,2025-02-13
RV004335,O039151,C00149,5,Excellent quality,2026-06-04
RV004336,O021521,C00843,5,Highly recommended,2026-05-27
RV004337,O005806,C00633,5,Excellent quality,2026-04-13
RV004338,O029891,C00220,3,Delivery was okay,2024-10-22
RV004339,O003756,C05905,4,Satisfied,2025-03-21
RV004340,O000922,C09397,5,Excellent quality,2025-06-10
RV004341,O027982,C09664,4,Value for money,2025-10-17
RV004342,O002528,C03273,3,Average experience,2025-01-28
RV004343,O004955,C06866,5,Excellent quality,2025-05-25
RV004344,O033725,C01389,5,Fast delivery,2024-11-24
RV004345,O017438,C03609,5,Very satisfied,2024-11-10
RV004346,O028207,C02860,4,Satisfied,2026-01-16
RV004347,O023074,C09982,2,Product quality below expectations,2024-12-17
RV004348,O020491,C04175,5,Very satisfied,2025-09-27
RV004349,O036843,C01109,4,Value for money,2025-10-11
RV004350,O001288,C09124,5,Fast delivery,2025-10-02
RV004351,O035160,C03743,5,Fast delivery,2025-06-30
RV004352,O001134,C00755,5,Fast delivery,2026-07-14
RV004353,O013378,C03670,5,Excellent quality,2025-11-21
RV004354,O035088,C07959,5,Highly recommended,2025-12-17
RV004355,O009504,C03104,5,Highly recommended,2024-12-06
RV004356,O036237,C03065,4,Value for money,2026-04-23
RV004357,O006484,C09540,5,Fast delivery,2024-09-02
RV004358,O002451,C09964,5,Fast delivery,2025-03-25
RV004359,O008625,C09733,4,Nice packaging,2026-03-26
RV004360,O034134,C00778,2,Late delivery,2025-01-12
RV004361,O005625,C07282,5,Fast delivery,2025-10-18
RV004362,O014961,C00059,4,Satisfied,2025-01-07
RV004363,O032697,C09818,5,Very satisfied,2024-12-19
RV004364,O014517,C06779,4,Good service,2025-08-05
RV004365,O026728,C01643,4,Value for money,2025-05-27
RV004366,O016176,C02229,5,Very satisfied,2025-04-26
RV004367,O009514,C06028,4,Good service,2026-02-14
RV004368,O005283,C05870,5,Fresh products,2025-02-10
RV004369,O039428,C08507,2,Packaging issue,2025-02-08
RV004370,O013545,C06298,5,Fast delivery,2026-01-02
RV004371,O007213,C04057,4,Value for money,2024-10-08
RV004372,O037166,C08912,2,Late delivery,2025-03-25
RV004373,O033473,C01159,4,Nice packaging,2025-04-21
RV004374,O031460,C03908,5,Very satisfied,2024-12-20
RV004375,O034356,C09533,4,Good service,2025-03-10
RV004376,O002303,C04120,4,Satisfied,2025-02-27
RV004377,O026269,C04914,5,Fast delivery,2024-09-13
RV004378,O009109,C06651,3,Delivery was okay,2025-09-05
RV004379,O003667,C00290,5,Fast delivery,2025-04-20
RV004380,O035268,C03001,5,Fast delivery,2025-04-14
RV004381,O020607,C02409,4,Nice packaging,2026-04-18
RV004382,O039972,C05950,4,Value for money,2025-09-15
RV004383,O037565,C00823,5,Fresh products,2024-12-26
RV004384,O022528,C04292,4,Satisfied,2025-02-21
RV004385,O039966,C05780,5,Fast delivery,2025-10-19
RV004386,O038044,C07536,4,Value for money,2025-08-09
RV004387,O003891,C04095,2,Packaging issue,2025-12-23
RV004388,O026438,C02689,5,Highly recommended,2025-12-04
RV004389,O028893,C07898,4,Nice packaging,2025-12-18
RV004390,O015216,C07839,5,Highly recommended,2025-11-13
RV004391,O016355,C01392,5,Highly recommended,2025-07-17
RV004392,O004507,C06778,5,Very satisfied,2026-08-01
RV004393,O003733,C08195,4,Satisfied,2025-05-16
RV004394,O016964,C02349,4,Value for money,2026-07-24
RV004395,O004815,C00906,5,Highly recommended,2026-06-26
RV004396,O028303,C03094,5,Very satisfied,2026-02-23
RV004397,O039757,C02741,5,Highly recommended,2026-06-22
RV004398,O034945,C01017,4,Nice packaging,2025-12-17
RV004399,O021077,C00267,5,Excellent quality,2026-03-04
RV004400,O017317,C02994,5,Very satisfied,2026-07-28
RV004401,O025613,C01622,2,Packaging issue,2025-07-22
RV004402,O022083,C02900,5,Highly recommended,2025-04-14
RV004403,O002667,C01678,5,Fresh products,2025-09-19
RV004404,O031151,C02230,4,Value for money,2025-12-13
RV004405,O017828,C02558,4,Satisfied,2025-04-08
RV004406,O031561,C02448,5,Very satisfied,2025-02-12
RV004407,O026156,C05047,3,Could be better,2024-08-25
RV004408,O006866,C09227,5,Fresh products,2025-06-01
RV004409,O004576,C08981,5,Highly recommended,2024-10-17
RV004410,O024463,C02472,5,Very satisfied,2025-07-23
RV004411,O017871,C03040,5,Excellent quality,2025-11-21
RV004412,O003897,C02071,5,Fast delivery,2026-02-12
RV004413,O031355,C09015,4,Value for money,2024-08-03
RV004414,O015259,C05913,3,Could be better,2025-08-24
RV004415,O001316,C09009,4,Nice packaging,2024-08-17
RV004416,O007614,C03045,3,Delivery was okay,2025-11-17
RV004417,O039630,C02906,5,Fresh products,2025-05-29
RV004418,O001675,C04972,5,Fresh products,2024-09-06
RV004419,O016220,C06793,3,Average experience,2026-01-18
RV004420,O015554,C08891,5,Highly recommended,2025-12-10
RV004421,O020742,C02616,5,Excellent quality,2026-05-25
RV004422,O031125,C01236,4,Good service,2026-03-04
RV004423,O028582,C05336,5,Fresh products,2026-04-28
RV004424,O016781,C00889,4,Value for money,2026-08-06
RV004425,O002510,C05419,5,Highly recommended,2026-05-06
RV004426,O038790,C03478,5,Highly recommended,2026-03-03
RV004427,O019844,C07979,4,Satisfied,2025-05-21
RV004428,O022171,C08562,5,Fresh products,2025-05-15
RV004429,O026313,C06227,5,Very satisfied,2026-03-20
RV004430,O025944,C08426,3,Delivery was okay,2026-08-03
RV004431,O018334,C03389,2,Packaging issue,2025-09-21
RV004432,O007783,C09307,5,Very satisfied,2026-01-28
RV004433,O003976,C01884,4,Good service,2025-02-27
RV004434,O013632,C09562,5,Very satisfied,2025-12-22
RV004435,O033283,C01233,5,Fast delivery,2025-03-14
RV004436,O033064,C04570,5,Excellent quality,2025-04-17
RV004437,O033219,C06453,1,Wrong item received,2025-03-19
RV004438,O002851,C00434,5,Highly recommended,2024-11-08
RV004439,O006015,C06932,4,Satisfied,2025-01-06
RV004440,O016262,C08834,5,Fresh products,2025-12-11
RV004441,O037336,C00541,4,Nice packaging,2025-04-22
RV004442,O035506,C00118,2,Late delivery,2025-05-03
RV004443,O031275,C00900,5,Fast delivery,2026-04-01
RV004444,O020001,C09782,5,Very satisfied,2024-12-16
RV004445,O000634,C00240,5,Very satisfied,2025-09-21
RV004446,O019492,C04010,5,Fast delivery,2026-02-28
RV004447,O009879,C01146,3,Average experience,2025-11-29
RV004448,O015201,C08470,5,Excellent quality,2026-03-17
RV004449,O034991,C05810,4,Nice packaging,2024-09-01
RV004450,O039918,C00553,4,Value for money,2025-11-23
RV004451,O033928,C02801,3,Average experience,2025-05-19
RV004452,O024593,C09199,5,Fast delivery,2026-03-05
RV004453,O005637,C04984,5,Very satisfied,2024-08-23
RV004454,O012100,C08428,5,Fresh products,2025-10-04
RV004455,O007024,C02168,5,Excellent quality,2026-02-15
RV004456,O029803,C02808,5,Fast delivery,2025-12-31
RV004457,O015656,C03708,5,Highly recommended,2024-08-31
RV004458,O031546,C00820,5,Highly recommended,2025-04-18
RV004459,O030951,C03635,5,Highly recommended,2025-03-14
RV004460,O006316,C09114,2,Late delivery,2026-01-19
RV004461,O018738,C04805,3,Delivery was okay,2024-09-15
RV004462,O023636,C00549,5,Highly recommended,2024-10-01
RV004463,O037781,C03860,5,Excellent quality,2026-06-15
RV004464,O021110,C04804,3,Delivery was okay,2026-05-02
RV004465,O001877,C08758,4,Satisfied,2026-07-19
RV004466,O028941,C05911,4,Satisfied,2026-03-18
RV004467,O023658,C01388,5,Very satisfied,2025-12-06
RV004468,O011539,C09251,2,Product quality below expectations,2025-12-16
RV004469,O030081,C06258,2,Product quality below expectations,2024-09-04
RV004470,O032744,C03216,5,Fresh products,2024-11-07
RV004471,O002501,C01208,4,Value for money,2026-07-01
RV004472,O028950,C08040,5,Highly recommended,2026-06-01
RV004473,O039170,C08298,5,Fast delivery,2025-04-15
RV004474,O023387,C01998,3,Average experience,2026-04-11
RV004475,O021504,C03311,4,Satisfied,2024-10-29
RV004476,O004611,C06847,5,Excellent quality,2025-03-31
RV004477,O002225,C06186,5,Excellent quality,2026-03-23
RV004478,O008065,C08133,5,Fresh products,2025-01-20
RV004479,O002126,C09308,5,Fast delivery,2026-04-01
RV004480,O011419,C08123,5,Very satisfied,2026-01-04
RV004481,O038437,C01229,5,Fresh products,2025-05-31
RV004482,O027100,C06712,5,Very satisfied,2025-04-12
RV004483,O017687,C03932,3,Average experience,2026-04-26
RV004484,O034954,C06024,4,Nice packaging,2026-05-28
RV004485,O038890,C09070,2,Product quality below expectations,2024-12-10
RV004486,O017747,C03018,5,Fresh products,2026-05-13
RV004487,O011201,C01992,4,Satisfied,2024-12-30
RV004488,O023115,C01441,4,Value for money,2025-01-08
RV004489,O002655,C02738,4,Good service,2025-03-17
RV004490,O020124,C00909,5,Fast delivery,2025-05-03
RV004491,O012864,C09766,5,Fast delivery,2024-09-23
RV004492,O036934,C08390,5,Excellent quality,2024-10-20
RV004493,O009730,C02127,5,Very satisfied,2025-05-29
RV004494,O002220,C08954,5,Highly recommended,2026-05-17
RV004495,O016408,C05062,5,Highly recommended,2025-06-02
RV004496,O024979,C05242,4,Value for money,2025-07-10
RV004497,O022893,C04633,5,Fresh products,2025-04-11
RV004498,O015991,C05755,5,Fresh products,2025-11-09
RV004499,O014954,C09283,3,Delivery was okay,2026-01-24
RV004500,O006266,C05095,5,Highly recommended,2025-01-16
RV004501,O032828,C07309,5,Fast delivery,2025-12-16
RV004502,O024453,C05534,5,Fast delivery,2024-12-04
RV004503,O019849,C00960,5,Highly recommended,2025-05-08
RV004504,O034369,C06378,5,Highly recommended,2025-10-01
RV004505,O000681,C02674,1,Damaged product,2025-05-20
RV004506,O014662,C04893,4,Nice packaging,2026-02-16
RV004507,O012119,C06291,4,Satisfied,2026-03-12
RV004508,O017088,C09163,4,Value for money,2025-01-16
RV004509,O031347,C00614,5,Highly recommended,2026-07-22
RV004510,O033247,C02898,5,Very satisfied,2024-08-14
RV004511,O008335,C09600,5,Excellent quality,2024-09-16
RV004512,O005564,C02889,3,Could be better,2024-10-18
RV004513,O036228,C08913,5,Fresh products,2026-03-05
RV004514,O009022,C04908,3,Could be better,2025-10-30
RV004515,O005079,C03793,3,Delivery was okay,2024-10-07
RV004516,O011008,C01882,5,Fresh products,2024-11-04
RV004517,O011617,C01224,4,Nice packaging,2025-04-03
RV004518,O034457,C02394,5,Highly recommended,2026-01-30
RV004519,O010673,C05042,5,Highly recommended,2026-01-04
RV004520,O004133,C04954,3,Average experience,2025-03-01
RV004521,O002802,C04688,3,Delivery was okay,2025-01-08
RV004522,O023326,C03132,4,Satisfied,2025-10-09
RV004523,O026075,C01331,5,Excellent quality,2024-11-03
RV004524,O004986,C06772,5,Very satisfied,2026-02-22
RV004525,O036004,C02235,5,Highly recommended,2026-04-30
RV004526,O039650,C05045,5,Fast delivery,2026-02-18
RV004527,O017641,C06039,1,Very disappointed,2026-01-17
RV004528,O025392,C06759,5,Excellent quality,2025-10-02
RV004529,O030434,C00016,5,Fast delivery,2026-02-12
RV004530,O022995,C00798,4,Satisfied,2026-06-05
RV004531,O010538,C03799,4,Good service,2025-11-17
RV004532,O019848,C01871,5,Excellent quality,2025-06-01
RV004533,O017672,C05860,3,Could be better,2025-09-19
RV004534,O034906,C00109,5,Fast delivery,2025-07-04
RV004535,O006640,C06613,5,Excellent quality,2024-08-04
RV004536,O028057,C06356,5,Fast delivery,2025-05-30
RV004537,O000823,C02750,5,Highly recommended,2025-08-26
RV004538,O036646,C02025,5,Fast delivery,2026-03-23
RV004539,O011276,C04557,3,Average experience,2025-11-18
RV004540,O015911,C02404,4,Nice packaging,2024-11-03
RV004541,O004942,C05855,5,Fast delivery,2025-11-13
RV004542,O011651,C02209,5,Fast delivery,2024-09-28
RV004543,O015390,C01594,5,Very satisfied,2026-06-18
RV004544,O037103,C02539,4,Satisfied,2026-01-31
RV004545,O036891,C01184,4,Nice packaging,2024-09-28
RV004546,O004971,C07192,2,Packaging issue,2026-06-09
RV004547,O037676,C05746,5,Highly recommended,2025-07-28
RV004548,O032082,C00165,5,Very satisfied,2025-03-14
RV004549,O038761,C01504,1,Very disappointed,2026-01-25
RV004550,O008181,C02774,2,Product quality below expectations,2026-07-06
RV004551,O005310,C04395,4,Nice packaging,2026-01-07
RV004552,O002308,C01645,2,Packaging issue,2024-10-09
RV004553,O030868,C08579,4,Good service,2025-06-06
RV004554,O008053,C08061,5,Fresh products,2025-07-11
RV004555,O010156,C01575,4,Good service,2025-03-21
RV004556,O035265,C06306,5,Fresh products,2024-10-15
RV004557,O018547,C02651,5,Excellent quality,2025-01-27
RV004558,O032981,C06020,4,Nice packaging,2026-02-24
RV004559,O029530,C07738,4,Value for money,2025-03-13
RV004560,O024824,C06796,3,Delivery was okay,2025-10-01
RV004561,O002019,C03882,5,Fast delivery,2025-11-01
RV004562,O009883,C01312,3,Could be better,2026-03-26
RV004563,O034698,C08940,4,Value for money,2024-12-16
RV004564,O003814,C06096,5,Highly recommended,2025-01-02
RV004565,O010351,C08274,5,Very satisfied,2026-03-18
RV004566,O008401,C03013,5,Excellent quality,2026-07-05
RV004567,O022734,C08163,3,Delivery was okay,2024-09-01
RV004568,O025269,C04117,5,Fast delivery,2025-04-12
RV004569,O031287,C08671,3,Average experience,2026-01-15
RV004570,O035623,C04492,5,Fresh products,2024-11-21
RV004571,O021552,C09025,5,Fast delivery,2026-07-07
RV004572,O003275,C09889,5,Excellent quality,2025-03-27
RV004573,O021597,C01910,4,Good service,2024-11-25
RV004574,O003063,C00174,5,Highly recommended,2024-12-07
RV004575,O024554,C08629,5,Excellent quality,2026-03-10
RV004576,O028175,C08633,5,Highly recommended,2024-10-16
RV004577,O017361,C05106,5,Fast delivery,2026-03-24
RV004578,O037367,C09652,2,Late delivery,2025-06-01
RV004579,O017876,C00184,5,Excellent quality,2026-06-29
RV004580,O001018,C01405,5,Fast delivery,2026-01-16
RV004581,O034209,C09688,4,Nice packaging,2024-12-27
RV004582,O023347,C07267,5,Excellent quality,2026-05-19
RV004583,O004889,C00382,4,Nice packaging,2025-11-03
RV004584,O014957,C07200,4,Value for money,2024-10-16
RV004585,O003170,C01003,2,Late delivery,2024-12-18
RV004586,O001448,C06742,4,Value for money,2025-04-09
RV004587,O000777,C02831,5,Highly recommended,2025-04-04
RV004588,O024738,C01458,4,Good service,2026-05-05
RV004589,O035752,C07212,4,Good service,2025-10-12
RV004590,O032120,C07534,5,Fast delivery,2026-01-21
RV004591,O032843,C04477,5,Excellent quality,2024-09-08
RV004592,O011971,C01126,5,Very satisfied,2025-12-24
RV004593,O003283,C05587,5,Fresh products,2026-01-21
RV004594,O020826,C04963,5,Highly recommended,2025-06-12
RV004595,O024223,C08851,4,Value for money,2025-04-11
RV004596,O030521,C01414,3,Average experience,2026-03-12
RV004597,O037275,C00286,5,Very satisfied,2025-12-11
RV004598,O020191,C03843,4,Satisfied,2025-12-19
RV004599,O007852,C06673,5,Excellent quality,2025-07-06
RV004600,O036538,C09792,5,Excellent quality,2024-10-12
RV004601,O025610,C01638,4,Satisfied,2025-07-31
RV004602,O027053,C08546,5,Highly recommended,2025-09-08
RV004603,O010457,C02258,5,Fresh products,2026-04-20
RV004604,O001730,C07690,5,Very satisfied,2026-01-18
RV004605,O036061,C02663,5,Highly recommended,2025-05-26
RV004606,O037239,C06812,5,Very satisfied,2024-09-30
RV004607,O039084,C09454,5,Highly recommended,2025-06-03
RV004608,O038214,C02993,5,Fresh products,2025-05-21
RV004609,O004272,C06162,5,Very satisfied,2025-10-17
RV004610,O031008,C07851,4,Value for money,2026-07-15
RV004611,O021867,C02082,5,Very satisfied,2025-10-23
RV004612,O029613,C01059,4,Value for money,2025-07-03
RV004613,O034459,C07994,2,Late delivery,2026-06-30
RV004614,O036626,C02831,4,Good service,2026-05-22
RV004615,O015881,C06109,5,Excellent quality,2024-10-01
RV004616,O014868,C01928,4,Value for money,2025-04-14
RV004617,O000756,C06490,5,Excellent quality,2026-07-08
RV004618,O031385,C01181,4,Nice packaging,2025-04-20
RV004619,O012492,C00907,5,Very satisfied,2026-06-14
RV004620,O024612,C01782,5,Excellent quality,2025-08-06
RV004621,O021961,C06134,4,Good service,2025-01-08
RV004622,O028728,C03613,4,Good service,2025-08-27
RV004623,O032328,C01122,5,Highly recommended,2024-10-17
RV004624,O007910,C04947,5,Fresh products,2025-01-10
RV004625,O024875,C01151,5,Excellent quality,2025-08-31
RV004626,O008718,C07564,5,Fresh products,2026-04-09
RV004627,O024109,C00153,4,Good service,2025-06-04
RV004628,O039514,C02265,2,Product quality below expectations,2026-02-28
RV004629,O009585,C07173,4,Satisfied,2024-09-29
RV004630,O024315,C07980,4,Good service,2025-07-13
RV004631,O030204,C05190,1,Damaged product,2025-10-25
RV004632,O037800,C05128,5,Fresh products,2025-01-10
RV004633,O009437,C03564,4,Value for money,2024-09-06
RV004634,O004476,C02952,4,Nice packaging,2025-05-15
RV004635,O017087,C00041,4,Value for money,2025-10-02
RV004636,O014936,C03311,4,Nice packaging,2025-07-17
RV004637,O012465,C02068,5,Fast delivery,2026-01-11
RV004638,O000208,C07155,2,Product quality below expectations,2025-02-27
RV004639,O025407,C03418,5,Fast delivery,2026-04-14
RV004640,O006401,C04909,5,Fresh products,2024-08-17
RV004641,O002241,C06217,5,Fast delivery,2025-11-21
RV004642,O027277,C08858,3,Average experience,2026-02-16
RV004643,O039389,C06418,5,Fast delivery,2026-07-15
RV004644,O023338,C00058,5,Fresh products,2026-05-17
RV004645,O031134,C08323,5,Highly recommended,2025-09-07
RV004646,O016553,C04461,5,Highly recommended,2024-12-25
RV004647,O020444,C01077,1,Very disappointed,2025-12-03
RV004648,O002817,C03936,4,Satisfied,2025-11-20
RV004649,O026755,C02265,5,Fast delivery,2024-09-05
RV004650,O027716,C08311,2,Product quality below expectations,2025-11-11
RV004651,O038722,C01254,5,Fast delivery,2026-02-18
RV004652,O017226,C03473,4,Nice packaging,2026-07-05
RV004653,O034032,C09456,5,Excellent quality,2024-09-06
RV004654,O023092,C06344,4,Value for money,2026-03-09
RV004655,O008280,C04044,3,Could be better,2026-04-13
RV004656,O037449,C05226,2,Late delivery,2026-07-12
RV004657,O017090,C06691,1,Very disappointed,2024-08-29
RV004658,O033520,C03703,5,Fresh products,2025-03-11
RV004659,O027493,C01707,5,Excellent quality,2024-12-21
RV004660,O009508,C04919,5,Fresh products,2025-08-03
RV004661,O034659,C07764,5,Fast delivery,2025-09-30
RV004662,O003454,C09793,5,Very satisfied,2025-04-15
RV004663,O013554,C03897,5,Highly recommended,2024-12-31
RV004664,O003632,C00058,3,Average experience,2026-07-24
RV004665,O006263,C06730,4,Value for money,2025-07-16
RV004666,O018469,C01236,5,Highly recommended,2025-04-28
RV004667,O003329,C05148,5,Highly recommended,2026-07-07
RV004668,O026053,C03665,5,Very satisfied,2026-02-18
RV004669,O006232,C09106,3,Delivery was okay,2026-01-03
RV004670,O005999,C03891,5,Very satisfied,2026-05-30
RV004671,O012126,C02899,5,Fresh products,2025-03-07
RV004672,O031579,C02419,5,Fresh products,2024-11-03
RV004673,O027033,C03421,5,Fresh products,2026-04-04
RV004674,O024509,C01536,5,Highly recommended,2025-08-06
RV004675,O016638,C06184,5,Fast delivery,2024-10-08
RV004676,O034188,C06293,4,Nice packaging,2024-09-27
RV004677,O004976,C00637,4,Satisfied,2026-06-03
RV004678,O036949,C09638,5,Fast delivery,2026-01-28
RV004679,O029100,C03764,5,Excellent quality,2026-07-30
RV004680,O022706,C03904,5,Highly recommended,2025-03-19
RV004681,O018740,C04992,5,Fast delivery,2025-07-29
RV004682,O020806,C04783,5,Fresh products,2026-02-22
RV004683,O004923,C00186,5,Fast delivery,2025-02-17
RV004684,O013385,C02649,5,Fast delivery,2025-01-04
RV004685,O024042,C03652,3,Average experience,2025-07-28
RV004686,O003365,C08542,3,Delivery was okay,2024-11-29
RV004687,O014144,C02133,5,Excellent quality,2024-09-25
RV004688,O017331,C09858,5,Fresh products,2026-01-24
RV004689,O003527,C09718,5,Fresh products,2025-02-03
RV004690,O037145,C04046,5,Highly recommended,2026-02-18
RV004691,O002334,C07157,5,Fresh products,2026-05-07
RV004692,O018834,C01792,5,Fresh products,2025-04-16
RV004693,O024472,C05135,5,Highly recommended,2025-07-02
RV004694,O022286,C09272,2,Late delivery,2026-01-10
RV004695,O036950,C06793,3,Average experience,2024-09-01
RV004696,O004407,C00788,5,Highly recommended,2025-01-17
RV004697,O033583,C01343,5,Highly recommended,2025-07-21
RV004698,O024448,C09071,3,Average experience,2025-12-04
RV004699,O002683,C01269,5,Highly recommended,2025-12-24
RV004700,O028625,C05380,2,Packaging issue,2024-11-25
RV004701,O006824,C09999,5,Fast delivery,2026-05-22
RV004702,O000647,C01293,5,Very satisfied,2026-02-19
RV004703,O013361,C08429,4,Value for money,2025-11-13
RV004704,O028591,C09839,3,Could be better,2026-03-21
RV004705,O037187,C08221,4,Satisfied,2024-11-18
RV004706,O034422,C09664,4,Satisfied,2026-06-13
RV004707,O012154,C08985,5,Fresh products,2025-10-25
RV004708,O010375,C07103,4,Satisfied,2026-06-06
RV004709,O011796,C00218,5,Highly recommended,2025-03-22
RV004710,O009268,C05215,5,Highly recommended,2026-04-01
RV004711,O034226,C00901,5,Excellent quality,2025-12-21
RV004712,O002862,C08814,5,Very satisfied,2026-03-28
RV004713,O023061,C07938,1,Very disappointed,2025-05-12
RV004714,O038710,C03897,4,Nice packaging,2024-11-24
RV004715,O015943,C03983,5,Excellent quality,2024-11-03
RV004716,O023063,C00876,5,Very satisfied,2024-11-19
RV004717,O003995,C06768,4,Value for money,2026-07-08
RV004718,O008857,C09721,4,Satisfied,2025-09-10
RV004719,O017419,C08331,5,Excellent quality,2024-10-24
RV004720,O007902,C08407,2,Late delivery,2025-09-23
RV004721,O024047,C06731,3,Average experience,2024-08-12
RV004722,O017673,C00144,5,Fresh products,2024-11-21
RV004723,O023246,C01897,3,Could be better,2025-12-18
RV004724,O035816,C02150,2,Packaging issue,2026-01-17
RV004725,O000386,C05214,4,Nice packaging,2024-08-09
RV004726,O038279,C04370,1,Wrong item received,2025-08-07
RV004727,O016319,C00281,2,Late delivery,2025-04-07
RV004728,O035002,C07827,3,Average experience,2026-01-12
RV004729,O019783,C07727,3,Could be better,2024-12-15
RV004730,O009681,C05102,5,Excellent quality,2026-04-28
RV004731,O011680,C03831,5,Excellent quality,2025-10-31
RV004732,O009148,C00435,4,Good service,2026-02-08
RV004733,O025662,C02786,5,Highly recommended,2026-01-22
RV004734,O038474,C06629,5,Highly recommended,2026-05-25
RV004735,O039143,C07161,5,Excellent quality,2025-01-16
RV004736,O012271,C01875,5,Excellent quality,2025-07-19
RV004737,O017846,C02900,5,Very satisfied,2025-11-14
RV004738,O013696,C02490,5,Very satisfied,2026-03-22
RV004739,O025436,C08551,3,Delivery was okay,2026-01-22
RV004740,O032320,C01845,2,Product quality below expectations,2025-10-27
RV004741,O018675,C09339,5,Very satisfied,2025-07-15
RV004742,O012118,C02412,5,Fresh products,2025-12-29
RV004743,O019682,C02088,1,Very disappointed,2025-01-02
RV004744,O000406,C06587,5,Highly recommended,2026-01-23
RV004745,O039182,C06968,5,Excellent quality,2025-08-19
RV004746,O023916,C02752,5,Fresh products,2024-09-02
RV004747,O036765,C07497,2,Packaging issue,2026-06-10
RV004748,O030974,C02177,5,Highly recommended,2024-11-24
RV004749,O039275,C08160,4,Nice packaging,2025-07-24
RV004750,O021007,C04040,5,Fast delivery,2025-02-15
RV004751,O025643,C01331,5,Fast delivery,2026-05-19
RV004752,O020518,C03519,3,Average experience,2026-04-03
RV004753,O000967,C08139,5,Fast delivery,2024-11-05
RV004754,O020323,C04533,4,Good service,2026-06-28
RV004755,O038702,C06939,4,Nice packaging,2026-04-25
RV004756,O026315,C07809,5,Excellent quality,2025-02-18
RV004757,O039098,C08620,4,Nice packaging,2024-10-29
RV004758,O032920,C00566,5,Fresh products,2026-07-20
RV004759,O004828,C01089,5,Highly recommended,2026-01-17
RV004760,O001769,C05127,4,Satisfied,2024-09-21
RV004761,O029355,C03074,5,Fast delivery,2025-06-12
RV004762,O028090,C08487,5,Fresh products,2026-04-06
RV004763,O005746,C08451,1,Very disappointed,2025-10-28
RV004764,O009734,C02470,3,Average experience,2026-03-01
RV004765,O031285,C05015,5,Fresh products,2025-01-04
RV004766,O032222,C00621,5,Excellent quality,2025-12-10
RV004767,O022982,C00548,5,Very satisfied,2025-01-31
RV004768,O003991,C06554,4,Nice packaging,2025-09-01
RV004769,O026733,C03638,5,Excellent quality,2025-10-27
RV004770,O011625,C06059,4,Satisfied,2024-10-05
RV004771,O003616,C09667,3,Average experience,2025-02-11
RV004772,O036211,C06978,5,Fast delivery,2026-03-18
RV004773,O004790,C06163,5,Highly recommended,2024-11-19
RV004774,O039224,C06014,5,Highly recommended,2026-07-01
RV004775,O000555,C07768,5,Fast delivery,2026-01-23
RV004776,O012533,C00074,4,Value for money,2024-08-10
RV004777,O001708,C09233,5,Excellent quality,2025-06-29
RV004778,O000346,C05834,4,Value for money,2024-11-08
RV004779,O025236,C06718,5,Very satisfied,2026-04-30
RV004780,O035022,C03506,5,Fast delivery,2025-08-09
RV004781,O015505,C05126,5,Highly recommended,2026-06-07
RV004782,O006297,C03966,4,Value for money,2024-11-22
RV004783,O011139,C07832,4,Value for money,2025-08-30
RV004784,O018875,C05491,3,Delivery was okay,2026-06-03
RV004785,O016116,C08594,5,Fast delivery,2024-09-25
RV004786,O014330,C01532,3,Average experience,2026-06-16
RV004787,O036954,C02829,5,Very satisfied,2025-12-18
RV004788,O013778,C01706,2,Packaging issue,2026-04-24
RV004789,O002511,C00433,5,Fresh products,2025-05-13
RV004790,O023332,C07693,4,Satisfied,2025-10-07
RV004791,O036782,C02409,5,Excellent quality,2026-07-05
RV004792,O035495,C07570,5,Highly recommended,2024-12-24
RV004793,O031059,C09021,3,Could be better,2026-04-18
RV004794,O021767,C00308,5,Very satisfied,2026-02-18
RV004795,O021725,C03931,3,Could be better,2025-12-14
RV004796,O027978,C05865,5,Fast delivery,2025-10-23
RV004797,O030986,C04282,3,Delivery was okay,2026-04-20
RV004798,O023161,C02759,3,Average experience,2025-06-18
RV004799,O017488,C05622,4,Satisfied,2026-05-25
RV004800,O015935,C06137,3,Could be better,2024-07-31
RV004801,O023614,C05406,5,Fast delivery,2025-12-30
RV004802,O031225,C06389,3,Could be better,2026-01-28
RV004803,O027515,C08116,4,Satisfied,2025-09-19
RV004804,O028466,C08209,5,Fast delivery,2025-02-17
RV004805,O022032,C09878,5,Fresh products,2025-07-18
RV004806,O028377,C04439,5,Fresh products,2025-03-04
RV004807,O025250,C09689,4,Nice packaging,2026-05-21
RV004808,O035080,C04954,3,Average experience,2026-03-31
RV004809,O017653,C06160,4,Good service,2025-01-06
RV004810,O002828,C07472,4,Good service,2025-08-19
RV004811,O021314,C01168,5,Fast delivery,2025-12-29
RV004812,O002672,C05891,5,Highly recommended,2025-01-30
RV004813,O005743,C01954,5,Fresh products,2024-12-25
RV004814,O007119,C07456,3,Could be better,2025-11-05
RV004815,O028978,C06323,5,Fast delivery,2026-06-28
RV004816,O020266,C05447,4,Good service,2026-07-20
RV004817,O008090,C05003,5,Fast delivery,2026-05-21
RV004818,O025715,C07271,5,Fast delivery,2026-01-08
RV004819,O016151,C05136,4,Value for money,2026-04-10
RV004820,O010059,C00910,2,Late delivery,2026-03-30
RV004821,O016462,C01446,5,Very satisfied,2025-03-11
RV004822,O010703,C05584,3,Average experience,2024-11-07
RV004823,O014992,C09016,5,Very satisfied,2024-11-03
RV004824,O014453,C09902,4,Value for money,2025-05-13
RV004825,O035471,C02247,5,Highly recommended,2025-02-06
RV004826,O010888,C01476,5,Excellent quality,2026-03-17
RV004827,O038508,C01081,5,Very satisfied,2025-04-21
RV004828,O017754,C01053,5,Excellent quality,2026-01-17
RV004829,O035151,C03979,5,Very satisfied,2025-08-25
RV004830,O024873,C05225,5,Excellent quality,2025-08-09
RV004831,O024591,C01657,5,Excellent quality,2025-05-11
RV004832,O028987,C06283,1,Wrong item received,2025-03-19
RV004833,O010003,C07618,4,Good service,2025-09-27
RV004834,O024516,C04682,4,Satisfied,2025-10-06
RV004835,O013183,C05572,4,Value for money,2025-01-10
RV004836,O017004,C05792,5,Highly recommended,2026-01-11
RV004837,O034821,C01673,4,Nice packaging,2026-06-09
RV004838,O039394,C04858,4,Nice packaging,2025-09-16
RV004839,O010258,C04039,3,Delivery was okay,2026-02-02
RV004840,O010400,C09349,4,Good service,2026-01-12
RV004841,O027691,C05317,5,Very satisfied,2025-07-22
RV004842,O032568,C06272,2,Product quality below expectations,2026-05-06
RV004843,O000537,C05315,4,Good service,2025-12-27
RV004844,O008893,C03969,5,Fresh products,2025-05-20
RV004845,O036172,C04515,3,Could be better,2024-10-25
RV004846,O018264,C06262,4,Nice packaging,2026-07-31
RV004847,O004389,C08689,4,Satisfied,2025-05-14
RV004848,O031951,C03388,5,Fast delivery,2024-12-28
RV004849,O018020,C03142,3,Delivery was okay,2025-06-16
RV004850,O010995,C04391,5,Very satisfied,2025-06-24
RV004851,O005098,C08328,2,Packaging issue,2025-10-30
RV004852,O034427,C07575,5,Excellent quality,2025-01-03
RV004853,O026498,C01416,4,Value for money,2026-04-18
RV004854,O016110,C08344,5,Fast delivery,2026-01-24
RV004855,O034395,C09818,5,Excellent quality,2026-03-27
RV004856,O029414,C08241,3,Average experience,2026-02-27
RV004857,O020422,C03298,5,Excellent quality,2025-10-25
RV004858,O020496,C07152,1,Very disappointed,2026-04-03
RV004859,O029054,C08210,5,Excellent quality,2024-11-26
RV004860,O013445,C03254,2,Late delivery,2026-02-23
RV004861,O023276,C05735,5,Very satisfied,2024-10-25
RV004862,O033796,C07241,5,Very satisfied,2025-06-21
RV004863,O020690,C05552,5,Fast delivery,2025-03-16
RV004864,O001322,C01036,5,Highly recommended,2025-10-07
RV004865,O009053,C05302,2,Late delivery,2026-07-19
RV004866,O024938,C01102,5,Excellent quality,2026-06-21
RV004867,O009816,C02705,5,Very satisfied,2026-03-26
RV004868,O038350,C05438,5,Fresh products,2024-10-26
RV004869,O022875,C09856,2,Late delivery,2025-01-08
RV004870,O014221,C08110,1,Wrong item received,2026-01-26
RV004871,O005898,C01832,4,Satisfied,2025-12-06
RV004872,O036789,C00067,2,Late delivery,2026-02-08
RV004873,O019128,C08309,3,Delivery was okay,2025-04-29
RV004874,O007492,C05272,5,Very satisfied,2025-02-02
RV004875,O036183,C08768,2,Product quality below expectations,2025-06-26
RV004876,O026808,C03994,5,Very satisfied,2025-09-17
RV004877,O016276,C01207,4,Good service,2026-01-25
RV004878,O017892,C01133,3,Average experience,2025-02-18
RV004879,O036419,C09139,4,Value for money,2026-01-07
RV004880,O031140,C02467,5,Very satisfied,2026-05-02
RV004881,O035512,C02429,5,Excellent quality,2026-03-26
RV004882,O014327,C04940,5,Very satisfied,2025-04-25
RV004883,O008147,C00019,4,Nice packaging,2025-09-29
RV004884,O016529,C09601,5,Excellent quality,2026-05-08
RV004885,O026938,C00684,5,Very satisfied,2026-03-08
RV004886,O009668,C05828,5,Fast delivery,2025-11-17
RV004887,O015549,C02052,5,Very satisfied,2026-05-11
RV004888,O013753,C05868,4,Good service,2025-06-13
RV004889,O030388,C02415,4,Value for money,2025-11-10
RV004890,O010084,C02314,3,Average experience,2025-02-13
RV004891,O026918,C09153,4,Satisfied,2025-12-12
RV004892,O014734,C02101,2,Late delivery,2025-07-28
RV004893,O013208,C06290,5,Fast delivery,2025-09-30
RV004894,O002968,C01491,5,Very satisfied,2024-09-30
RV004895,O034509,C09054,3,Could be better,2026-07-21
RV004896,O034910,C05738,5,Very satisfied,2025-08-04
RV004897,O019110,C02980,4,Satisfied,2026-02-14
RV004898,O016861,C01772,5,Fast delivery,2025-02-20
RV004899,O003060,C08799,2,Late delivery,2026-02-10
RV004900,O036457,C09302,4,Value for money,2025-05-30
RV004901,O011088,C00257,5,Highly recommended,2025-02-13
RV004902,O003980,C08764,4,Satisfied,2024-08-07
RV004903,O015131,C06815,5,Fresh products,2026-01-24
RV004904,O011718,C06903,4,Value for money,2026-04-02
RV004905,O017345,C06875,5,Fresh products,2026-06-15
RV004906,O014950,C02277,5,Fast delivery,2025-09-29
RV004907,O016248,C03008,4,Good service,2026-02-26
RV004908,O001016,C09736,5,Excellent quality,2025-09-11
RV004909,O025791,C01082,3,Could be better,2026-01-03
RV004910,O000180,C03486,4,Nice packaging,2025-10-24
RV004911,O006065,C06681,5,Fast delivery,2026-05-16
RV004912,O037824,C06086,5,Fast delivery,2025-06-26
RV004913,O027283,C09243,3,Delivery was okay,2024-09-11
RV004914,O028152,C06339,5,Very satisfied,2024-10-31
RV004915,O010631,C03666,5,Highly recommended,2026-04-23
RV004916,O029758,C06963,5,Excellent quality,2026-03-05
RV004917,O009149,C03027,2,Late delivery,2024-08-24
RV004918,O037801,C01313,5,Fresh products,2025-09-22
RV004919,O011973,C03004,5,Very satisfied,2025-12-01
RV004920,O031384,C09631,2,Product quality below expectations,2026-04-30
RV004921,O015993,C03922,5,Fresh products,2026-07-24
RV004922,O032162,C00554,4,Nice packaging,2025-09-05
RV004923,O028604,C07876,5,Fast delivery,2025-04-12
RV004924,O031490,C00663,5,Highly recommended,2026-04-21
RV004925,O035926,C06273,5,Excellent quality,2025-08-17
RV004926,O035348,C08076,4,Nice packaging,2025-11-30
RV004927,O032039,C06792,5,Fresh products,2025-11-06
RV004928,O039811,C08488,3,Delivery was okay,2024-10-27
RV004929,O025687,C02495,5,Fast delivery,2025-09-02
RV004930,O022436,C08368,5,Fresh products,2026-07-10
RV004931,O016532,C00399,5,Very satisfied,2024-08-21
RV004932,O039999,C00163,5,Very satisfied,2025-08-04
RV004933,O039791,C06040,5,Very satisfied,2026-01-20
RV004934,O005481,C06854,5,Fresh products,2024-11-08
RV004935,O036330,C06644,5,Fresh products,2025-02-03
RV004936,O000566,C08202,3,Could be better,2024-09-20
RV004937,O025983,C05971,5,Highly recommended,2026-05-09
RV004938,O024520,C02351,5,Fast delivery,2024-10-30
RV004939,O038960,C08180,5,Highly recommended,2025-11-03
RV004940,O024650,C05713,5,Fresh products,2026-05-01
RV004941,O005033,C08726,4,Nice packaging,2024-09-06
RV004942,O017869,C05991,1,Wrong item received,2025-01-23
RV004943,O007013,C04803,4,Value for money,2024-08-27
RV004944,O017973,C04929,5,Fresh products,2025-07-09
RV004945,O032425,C07331,5,Fresh products,2025-09-02
RV004946,O008679,C07697,5,Very satisfied,2026-05-07
RV004947,O002888,C09647,5,Excellent quality,2026-05-19
RV004948,O004635,C07698,5,Fresh products,2025-05-24
RV004949,O036837,C06930,4,Satisfied,2026-04-14
RV004950,O031170,C00643,5,Fresh products,2025-10-20
RV004951,O033668,C05156,3,Delivery was okay,2024-10-01
RV004952,O035314,C00344,4,Value for money,2026-07-11
RV004953,O035600,C01705,1,Wrong item received,2025-01-21
RV004954,O028302,C09686,5,Highly recommended,2024-09-27
RV004955,O014552,C00080,5,Very satisfied,2025-05-01
RV004956,O006394,C00417,5,Excellent quality,2024-09-14
RV004957,O035430,C06788,4,Value for money,2025-07-05
RV004958,O006854,C05499,5,Excellent quality,2024-12-21
RV004959,O019624,C00532,5,Fresh products,2025-09-18
RV004960,O010524,C06965,5,Excellent quality,2025-12-15
RV004961,O011998,C09062,5,Very satisfied,2025-09-24
RV004962,O030871,C07732,5,Fresh products,2025-02-27
RV004963,O037467,C02545,4,Good service,2024-09-17
RV004964,O030625,C09537,4,Nice packaging,2026-06-27
RV004965,O025550,C03313,3,Delivery was okay,2025-12-15
RV004966,O005090,C04322,5,Highly recommended,2024-11-06
RV004967,O007752,C05040,2,Product quality below expectations,2025-05-26
RV004968,O026250,C05870,1,Very disappointed,2025-01-01
RV004969,O017631,C09655,5,Very satisfied,2025-02-14
RV004970,O007259,C01065,4,Satisfied,2025-10-29
RV004971,O002120,C06760,5,Fast delivery,2024-08-23
RV004972,O002164,C09710,5,Very satisfied,2026-02-07
RV004973,O034931,C00292,4,Satisfied,2025-05-04
RV004974,O028914,C09018,4,Nice packaging,2025-08-17
RV004975,O023412,C06379,4,Good service,2024-12-07
RV004976,O024995,C02946,4,Value for money,2024-11-18
RV004977,O004846,C05648,3,Average experience,2026-02-02
RV004978,O014365,C04587,4,Value for money,2025-08-01
RV004979,O014580,C09073,2,Product quality below expectations,2025-10-10
RV004980,O009951,C08968,5,Excellent quality,2025-06-13
RV004981,O022990,C02012,5,Fresh products,2025-03-26
RV004982,O009168,C09128,5,Fast delivery,2024-10-11
RV004983,O038422,C09388,4,Satisfied,2025-09-24
RV004984,O000467,C00021,4,Satisfied,2025-04-09
RV004985,O011484,C09305,5,Highly recommended,2026-06-21
RV004986,O011377,C02285,4,Good service,2026-07-25
RV004987,O031624,C00309,2,Packaging issue,2024-09-29
RV004988,O006624,C09269,2,Product quality below expectations,2025-02-13
RV004989,O033640,C06068,5,Highly recommended,2025-05-01
RV004990,O039409,C07777,5,Fresh products,2025-10-16
RV004991,O000529,C00475,5,Fresh products,2024-12-26
RV004992,O022245,C03243,5,Fast delivery,2025-11-17
RV004993,O028299,C01256,4,Good service,2025-06-09
RV004994,O005247,C07725,5,Fast delivery,2024-10-24
RV004995,O034948,C00067,5,Highly recommended,2024-10-04
RV004996,O019854,C05679,5,Highly recommended,2024-08-21
RV004997,O031308,C05635,5,Highly recommended,2025-10-01
RV004998,O009118,C05469,4,Good service,2024-10-21
RV004999,O016947,C05220,4,Nice packaging,2026-02-09
RV005000,O012770,C00351,3,Delivery was okay,2025-09-13
RV005001,O000871,C07123,5,Excellent quality,2026-01-23
RV005002,O008970,C05798,5,Very satisfied,2024-10-29
RV005003,O016379,C00801,5,Highly recommended,2026-07-09
RV005004,O000568,C03221,5,Fast delivery,2025-11-05
RV005005,O021734,C05660,5,Highly recommended,2025-03-30
RV005006,O019498,C05153,5,Fresh products,2026-04-16
RV005007,O015271,C02031,4,Nice packaging,2026-07-04
RV005008,O012458,C01022,5,Fast delivery,2026-06-13
RV005009,O012567,C05688,5,Excellent quality,2025-02-03
RV005010,O016481,C05778,5,Highly recommended,2025-10-26
RV005011,O027619,C08499,5,Fast delivery,2025-09-16
RV005012,O006249,C07805,5,Fresh products,2025-01-12
RV005013,O008135,C03158,3,Could be better,2024-12-25
RV005014,O027947,C00538,4,Value for money,2026-06-13
RV005015,O011576,C02065,4,Value for money,2025-07-15
RV005016,O001080,C07601,5,Very satisfied,2025-07-23
RV005017,O021180,C07440,3,Delivery was okay,2025-07-22
RV005018,O034353,C05400,4,Good service,2026-01-26
RV005019,O019441,C01961,4,Good service,2025-10-04
RV005020,O034896,C03786,1,Damaged product,2024-08-15
RV005021,O037083,C00800,3,Delivery was okay,2025-09-30
RV005022,O029737,C05607,2,Packaging issue,2026-08-04
RV005023,O013734,C05562,2,Packaging issue,2025-10-17
RV005024,O019189,C00426,5,Highly recommended,2024-10-19
RV005025,O024601,C04156,5,Excellent quality,2026-02-24
RV005026,O001382,C09738,2,Packaging issue,2026-06-11
RV005027,O036528,C00979,5,Excellent quality,2024-08-20
RV005028,O006767,C00854,4,Good service,2025-02-11
RV005029,O031161,C05628,5,Fast delivery,2024-11-19
RV005030,O000661,C04287,5,Highly recommended,2025-01-21
RV005031,O033980,C03857,5,Excellent quality,2025-06-16
RV005032,O019711,C01253,4,Good service,2026-03-16
RV005033,O008066,C08411,5,Excellent quality,2025-06-01
RV005034,O028396,C04165,2,Late delivery,2024-11-10
RV005035,O010213,C05093,1,Very disappointed,2026-07-25
RV005036,O016489,C05519,5,Very satisfied,2025-03-23
RV005037,O006776,C03248,1,Damaged product,2025-07-15
RV005038,O000542,C09572,2,Product quality below expectations,2026-01-19
RV005039,O028906,C08532,5,Excellent quality,2025-09-03
RV005040,O035733,C08085,5,Highly recommended,2026-04-09
RV005041,O000418,C00587,2,Product quality below expectations,2025-02-10
RV005042,O011321,C04732,5,Highly recommended,2025-03-04
RV005043,O017335,C04368,5,Excellent quality,2025-04-04
RV005044,O027518,C00942,5,Highly recommended,2025-02-07
RV005045,O005329,C06243,5,Highly recommended,2026-08-01
RV005046,O035005,C01219,5,Highly recommended,2026-06-22
RV005047,O021155,C00721,4,Nice packaging,2025-03-04
RV005048,O005936,C01729,3,Delivery was okay,2025-11-16
RV005049,O007547,C07082,4,Nice packaging,2025-05-16
RV005050,O010100,C03302,4,Good service,2024-11-20
RV005051,O017696,C03698,5,Fast delivery,2025-05-04
RV005052,O039626,C00402,5,Very satisfied,2025-10-04
RV005053,O004074,C08189,5,Fast delivery,2025-03-13
RV005054,O036251,C03522,5,Fresh products,2026-07-05
RV005055,O010520,C01818,5,Excellent quality,2025-05-27
RV005056,O037188,C06094,5,Very satisfied,2024-09-20
RV005057,O007280,C02397,5,Highly recommended,2024-08-04
RV005058,O018252,C05829,4,Satisfied,2026-01-14
RV005059,O012368,C09381,5,Fresh products,2025-04-11
RV005060,O013109,C01455,5,Very satisfied,2025-09-23
RV005061,O017833,C06547,5,Excellent quality,2025-03-29
RV005062,O039893,C01261,5,Very satisfied,2025-08-17
RV005063,O032994,C01806,5,Highly recommended,2025-01-25
RV005064,O034824,C06930,5,Fast delivery,2025-10-26
RV005065,O033609,C03843,5,Highly recommended,2026-03-06
RV005066,O002673,C02820,5,Highly recommended,2026-06-24
RV005067,O010525,C01961,5,Fresh products,2025-05-24
RV005068,O035451,C05298,3,Average experience,2025-05-15
RV005069,O009917,C09697,4,Good service,2025-01-02
RV005070,O004868,C04660,4,Satisfied,2026-05-15
RV005071,O005686,C02251,2,Late delivery,2024-11-15
RV005072,O001265,C01392,5,Fresh products,2024-10-20
RV005073,O031368,C09335,5,Excellent quality,2026-02-17
RV005074,O004640,C01173,5,Fast delivery,2024-08-10
RV005075,O035731,C06438,5,Excellent quality,2025-01-16
RV005076,O039158,C07362,5,Very satisfied,2025-07-13
RV005077,O027744,C04266,4,Nice packaging,2024-12-25
RV005078,O013802,C08180,5,Very satisfied,2025-06-25
RV005079,O035967,C09868,4,Nice packaging,2025-04-05
RV005080,O030091,C05105,4,Good service,2025-07-14
RV005081,O039984,C08451,5,Very satisfied,2025-07-03
RV005082,O008000,C04009,5,Fast delivery,2025-05-12
RV005083,O015285,C03551,4,Good service,2025-09-30
RV005084,O013379,C06330,3,Average experience,2025-12-03
RV005085,O035293,C04385,2,Packaging issue,2026-02-16
RV005086,O018691,C06983,4,Satisfied,2025-08-12
RV005087,O012969,C07232,4,Satisfied,2025-01-07
RV005088,O019886,C02254,1,Wrong item received,2026-07-17
RV005089,O004020,C06507,5,Fast delivery,2024-10-15
RV005090,O000712,C07713,5,Highly recommended,2025-01-30
RV005091,O027567,C03708,5,Very satisfied,2025-07-15
RV005092,O018679,C04340,5,Fresh products,2025-07-07
RV005093,O022765,C02158,5,Fast delivery,2025-01-25
RV005094,O034186,C05388,5,Excellent quality,2026-08-03
RV005095,O027883,C02532,5,Very satisfied,2025-02-15
RV005096,O018664,C07997,3,Average experience,2024-09-13
RV005097,O030745,C05859,5,Excellent quality,2025-02-11
RV005098,O029255,C02135,5,Very satisfied,2025-09-17
RV005099,O018197,C00361,5,Very satisfied,2025-10-25
RV005100,O029158,C09223,3,Could be better,2026-01-12
RV005101,O037659,C08177,2,Product quality below expectations,2026-02-22
RV005102,O001968,C06100,5,Fresh products,2025-08-22
RV005103,O006243,C02899,4,Nice packaging,2025-12-12
RV005104,O012381,C03028,4,Good service,2025-01-26
RV005105,O030658,C03370,5,Excellent quality,2025-03-25
RV005106,O003264,C07806,5,Very satisfied,2026-06-13
RV005107,O003058,C03198,4,Value for money,2025-09-29
RV005108,O011589,C04302,5,Excellent quality,2026-01-17
RV005109,O004591,C05303,2,Late delivery,2024-08-23
RV005110,O020337,C01848,5,Very satisfied,2025-07-22
RV005111,O011387,C01467,2,Packaging issue,2026-03-26
RV005112,O031500,C00358,5,Fresh products,2025-12-25
RV005113,O006621,C06911,4,Value for money,2026-01-13
RV005114,O016119,C05048,4,Value for money,2025-09-28
RV005115,O019221,C07686,5,Fresh products,2024-10-27
RV005116,O007095,C03136,5,Fresh products,2025-02-06
RV005117,O007696,C04155,3,Could be better,2026-01-08
RV005118,O034831,C06613,1,Very disappointed,2026-01-01
RV005119,O023986,C02766,4,Satisfied,2024-08-04
RV005120,O012106,C05089,5,Very satisfied,2024-11-11
RV005121,O027801,C04607,5,Highly recommended,2024-10-23
RV005122,O015541,C06970,2,Packaging issue,2025-12-12
RV005123,O022077,C03469,4,Good service,2025-04-05
RV005124,O025410,C00639,5,Fast delivery,2026-01-23
RV005125,O012472,C07042,5,Highly recommended,2025-04-05
RV005126,O002389,C05067,5,Excellent quality,2025-04-06
RV005127,O020168,C00217,4,Nice packaging,2024-11-02
RV005128,O030779,C02966,3,Could be better,2025-04-20
RV005129,O027560,C02330,5,Fast delivery,2025-02-22
RV005130,O032049,C09227,4,Satisfied,2026-03-22
RV005131,O032729,C07496,5,Fresh products,2025-11-14
RV005132,O032883,C00222,3,Delivery was okay,2025-01-10
RV005133,O038825,C06087,2,Packaging issue,2024-10-06
RV005134,O003573,C03674,4,Good service,2025-12-16
RV005135,O030585,C09257,4,Good service,2026-01-27
RV005136,O028707,C07511,2,Packaging issue,2025-09-30
RV005137,O000591,C08607,5,Highly recommended,2024-09-05
RV005138,O000987,C05597,5,Fresh products,2025-08-21
RV005139,O036776,C05074,5,Highly recommended,2025-08-22
RV005140,O007817,C08848,5,Fresh products,2026-05-09
RV005141,O006885,C04228,4,Nice packaging,2025-05-22
RV005142,O027678,C07534,1,Very disappointed,2025-01-25
RV005143,O036648,C01534,3,Delivery was okay,2025-07-09
RV005144,O018363,C00230,5,Highly recommended,2024-11-25
RV005145,O007389,C07717,5,Fast delivery,2024-08-05
RV005146,O012760,C01187,5,Very satisfied,2025-01-19
RV005147,O028951,C03989,1,Very disappointed,2025-03-18
RV005148,O031571,C00327,4,Good service,2026-05-12
RV005149,O013887,C09432,5,Excellent quality,2025-08-17
RV005150,O016004,C05531,5,Very satisfied,2025-01-08
RV005151,O013812,C05007,3,Average experience,2024-12-11
RV005152,O004401,C03866,4,Nice packaging,2026-07-27
RV005153,O017368,C01844,4,Satisfied,2025-04-30
RV005154,O034530,C09048,3,Average experience,2024-11-23
RV005155,O016642,C00554,5,Very satisfied,2025-02-05
RV005156,O026479,C09942,5,Very satisfied,2026-05-20
RV005157,O033639,C06239,5,Highly recommended,2025-05-10
RV005158,O014289,C06037,5,Very satisfied,2025-07-11
RV005159,O000212,C06623,5,Fast delivery,2026-03-29
RV005160,O022586,C06042,5,Fresh products,2024-08-12
RV005161,O009162,C00863,5,Excellent quality,2026-02-22
RV005162,O026992,C06029,5,Excellent quality,2025-09-06
RV005163,O029767,C06627,5,Fresh products,2026-01-19
RV005164,O010492,C03645,4,Nice packaging,2024-10-01
RV005165,O036814,C00023,5,Fresh products,2025-01-02
RV005166,O023559,C08289,5,Fast delivery,2025-01-05
RV005167,O010423,C02704,4,Good service,2026-06-04
RV005168,O039451,C00154,5,Fast delivery,2025-07-20
RV005169,O003076,C04594,5,Highly recommended,2025-10-27
RV005170,O029147,C04677,5,Excellent quality,2026-04-02
RV005171,O004350,C03520,5,Excellent quality,2025-05-30
RV005172,O015161,C03790,4,Nice packaging,2026-01-17
RV005173,O037643,C00750,4,Value for money,2025-02-08
RV005174,O017619,C05025,4,Value for money,2025-12-29
RV005175,O033183,C05772,5,Very satisfied,2024-08-25
RV005176,O038363,C05801,3,Delivery was okay,2025-09-27
RV005177,O028887,C04070,5,Fresh products,2025-04-22
RV005178,O006421,C00230,5,Highly recommended,2024-12-14
RV005179,O022845,C02867,5,Excellent quality,2026-03-08
RV005180,O014228,C08424,5,Fresh products,2025-02-01
RV005181,O014053,C03266,5,Highly recommended,2025-05-06
RV005182,O024561,C06748,3,Delivery was okay,2026-05-17
RV005183,O029602,C02904,5,Excellent quality,2024-10-06
RV005184,O013428,C08342,2,Packaging issue,2025-11-22
RV005185,O006533,C09810,4,Value for money,2026-07-18
RV005186,O006709,C03878,5,Highly recommended,2025-01-24
RV005187,O035191,C03852,4,Satisfied,2025-12-07
RV005188,O002443,C06350,5,Highly recommended,2025-09-29
RV005189,O037028,C07616,5,Excellent quality,2025-12-01
RV005190,O013756,C08865,5,Fresh products,2025-04-17
RV005191,O033712,C02270,5,Fresh products,2026-04-26
RV005192,O014282,C05939,1,Wrong item received,2025-12-13
RV005193,O038810,C03410,5,Excellent quality,2025-12-21
RV005194,O035936,C04450,3,Could be better,2025-04-02
RV005195,O008462,C02334,4,Satisfied,2025-02-25
RV005196,O017093,C03196,5,Fresh products,2025-01-18
RV005197,O014618,C04406,4,Satisfied,2025-11-08
RV005198,O016067,C09168,5,Very satisfied,2026-05-04
RV005199,O022418,C07109,5,Fast delivery,2024-08-19
RV005200,O009451,C01434,4,Good service,2026-05-07
RV005201,O022225,C04306,3,Average experience,2026-05-28
RV005202,O032080,C08069,5,Fresh products,2025-05-27
RV005203,O018512,C01292,5,Very satisfied,2026-07-17
RV005204,O037446,C08878,5,Highly recommended,2025-11-15
RV005205,O018825,C02566,5,Highly recommended,2025-08-01
RV005206,O016900,C05462,5,Highly recommended,2026-06-17
RV005207,O013795,C03711,5,Excellent quality,2026-05-15
RV005208,O038016,C02031,5,Fast delivery,2025-03-31
RV005209,O030297,C04637,5,Excellent quality,2025-05-14
RV005210,O021154,C06036,1,Wrong item received,2026-07-14
RV005211,O010721,C02105,3,Could be better,2025-01-06
RV005212,O026377,C08238,5,Very satisfied,2025-02-28
RV005213,O010001,C09130,5,Very satisfied,2024-10-23
RV005214,O002722,C04954,5,Highly recommended,2025-05-02
RV005215,O011719,C01010,5,Excellent quality,2025-07-20
RV005216,O012496,C07033,5,Fresh products,2024-12-09
RV005217,O002353,C03056,5,Excellent quality,2026-03-02
RV005218,O002572,C05761,3,Could be better,2025-08-23
RV005219,O009043,C05196,4,Nice packaging,2025-09-30
RV005220,O008394,C07478,5,Excellent quality,2025-10-01
RV005221,O022013,C09551,5,Highly recommended,2025-11-11
RV005222,O005279,C09976,5,Fresh products,2025-02-22
RV005223,O014214,C05616,5,Fresh products,2026-01-03
RV005224,O022843,C05470,4,Good service,2025-12-09
RV005225,O010931,C02199,5,Excellent quality,2025-11-13
RV005226,O012345,C05839,3,Delivery was okay,2025-11-04
RV005227,O017401,C09106,5,Excellent quality,2026-06-13
RV005228,O010859,C02714,3,Average experience,2026-06-17
RV005229,O002189,C01875,5,Highly recommended,2025-01-08
RV005230,O035475,C03802,5,Fresh products,2025-12-09
RV005231,O007623,C06629,5,Fresh products,2026-07-18
RV005232,O028399,C07906,5,Excellent quality,2024-11-13
RV005233,O006122,C05732,5,Excellent quality,2024-09-12
RV005234,O023285,C06445,4,Satisfied,2025-01-28
RV005235,O030541,C01494,4,Value for money,2024-08-22
RV005236,O016726,C07290,3,Could be better,2025-07-05
RV005237,O007785,C09249,5,Fresh products,2026-04-19
RV005238,O017350,C00439,4,Satisfied,2025-01-24
RV005239,O037745,C08571,5,Very satisfied,2025-10-05
RV005240,O004693,C05237,5,Fast delivery,2026-05-11
RV005241,O038439,C08830,3,Delivery was okay,2025-06-06
RV005242,O028719,C02866,5,Excellent quality,2026-02-21
RV005243,O021524,C01298,3,Could be better,2025-06-12
RV005244,O001410,C08620,5,Fast delivery,2026-04-02
RV005245,O023392,C09901,5,Fresh products,2025-07-19
RV005246,O034122,C07888,3,Average experience,2025-11-24
RV005247,O008587,C05871,5,Very satisfied,2026-03-30
RV005248,O008164,C01454,4,Value for money,2026-06-01
RV005249,O012039,C08822,4,Nice packaging,2025-08-01
RV005250,O006117,C07580,5,Fast delivery,2024-11-21
RV005251,O036896,C09664,5,Very satisfied,2025-01-23
RV005252,O006187,C00760,5,Highly recommended,2025-05-31
RV005253,O038520,C04714,5,Very satisfied,2024-12-13
RV005254,O004213,C01868,2,Packaging issue,2026-02-19
RV005255,O031002,C03234,1,Very disappointed,2025-09-13
RV005256,O009736,C08510,5,Fresh products,2025-06-24
RV005257,O026393,C09058,3,Average experience,2025-06-25
RV005258,O003398,C07320,4,Satisfied,2026-04-04
RV005259,O014454,C02350,4,Value for money,2025-01-17
RV005260,O010071,C01729,5,Fast delivery,2026-03-17
RV005261,O016452,C03285,4,Satisfied,2026-07-27
RV005262,O011819,C07998,4,Nice packaging,2025-06-05
RV005263,O037342,C00218,5,Highly recommended,2025-06-27
RV005264,O000829,C07532,3,Average experience,2026-07-09
RV005265,O004338,C04544,5,Fast delivery,2025-11-07
RV005266,O032564,C08261,3,Could be better,2026-02-06
RV005267,O032852,C09371,1,Very disappointed,2024-10-08
RV005268,O024772,C07944,4,Value for money,2025-10-20
RV005269,O007832,C02317,5,Fresh products,2024-08-25
RV005270,O010469,C08765,5,Fast delivery,2025-02-24
RV005271,O013901,C02189,5,Highly recommended,2026-04-12
RV005272,O026015,C06226,3,Could be better,2025-09-04
RV005273,O037602,C05636,4,Nice packaging,2024-12-23
RV005274,O029969,C09650,1,Very disappointed,2024-12-27
RV005275,O034726,C06728,4,Good service,2025-05-24
RV005276,O031922,C03942,5,Highly recommended,2026-03-01
RV005277,O032461,C03515,5,Highly recommended,2026-02-02
RV005278,O029065,C07388,4,Value for money,2026-02-25
RV005279,O022064,C02431,5,Very satisfied,2025-01-17
RV005280,O020653,C06842,2,Packaging issue,2025-05-30
RV005281,O019479,C08480,4,Value for money,2026-03-20
RV005282,O035740,C09725,4,Nice packaging,2026-04-04
RV005283,O011880,C03728,5,Highly recommended,2025-06-17
RV005284,O017332,C05114,5,Highly recommended,2025-04-29
RV005285,O017059,C03814,5,Very satisfied,2026-01-26
RV005286,O027327,C06182,5,Fresh products,2024-11-21
RV005287,O023888,C05970,5,Highly recommended,2025-12-17
RV005288,O007456,C05132,5,Fast delivery,2025-09-24
RV005289,O027181,C01929,5,Fresh products,2025-02-05
RV005290,O030040,C08064,5,Fresh products,2025-06-25
RV005291,O001699,C03290,5,Very satisfied,2025-06-29
RV005292,O020924,C00479,4,Good service,2025-03-23
RV005293,O003180,C04712,5,Fresh products,2025-04-20
RV005294,O019248,C00341,5,Fast delivery,2025-05-21
RV005295,O007191,C01707,5,Highly recommended,2025-02-22
RV005296,O009896,C04675,5,Fast delivery,2026-02-10
RV005297,O025722,C02849,3,Delivery was okay,2025-06-07
RV005298,O012172,C01906,5,Highly recommended,2025-01-12
RV005299,O009478,C00333,5,Fast delivery,2025-04-02
RV005300,O017056,C01111,5,Highly recommended,2024-08-20
RV005301,O016898,C04009,4,Nice packaging,2025-04-13
RV005302,O037888,C01535,4,Satisfied,2024-12-26
RV005303,O021660,C00359,5,Fast delivery,2024-10-14
RV005304,O021816,C07216,5,Highly recommended,2026-04-14
RV005305,O028188,C08315,5,Fast delivery,2025-03-16
RV005306,O022307,C02858,3,Average experience,2025-08-20
RV005307,O026785,C06339,4,Nice packaging,2025-03-05
RV005308,O020421,C06497,5,Fast delivery,2026-02-09
RV005309,O032298,C04146,5,Excellent quality,2025-10-09
RV005310,O001230,C04254,3,Average experience,2024-11-21
RV005311,O037242,C08647,5,Fresh products,2026-06-16
RV005312,O033287,C03650,5,Highly recommended,2026-05-10
RV005313,O023466,C03850,4,Value for money,2025-12-12
RV005314,O002954,C09109,2,Product quality below expectations,2026-05-23
RV005315,O022108,C03318,5,Fresh products,2024-12-23
RV005316,O028173,C03406,2,Product quality below expectations,2025-06-26
RV005317,O000986,C09012,5,Fast delivery,2025-11-28
RV005318,O009198,C06960,5,Fast delivery,2024-08-01
RV005319,O013902,C01248,4,Nice packaging,2026-02-16
RV005320,O012642,C01935,4,Value for money,2025-05-08
RV005321,O011900,C04069,4,Satisfied,2024-12-03
RV005322,O020340,C02675,5,Fresh products,2025-01-15
RV005323,O036477,C00911,5,Fresh products,2025-06-18
RV005324,O023331,C06878,3,Could be better,2025-10-19
RV005325,O008694,C09151,4,Value for money,2024-10-25
RV005326,O006302,C05350,4,Nice packaging,2025-06-20
RV005327,O031713,C06501,4,Satisfied,2024-10-06
RV005328,O001623,C02224,2,Late delivery,2026-01-19
RV005329,O038808,C00906,5,Fresh products,2024-08-28
RV005330,O034871,C05201,4,Nice packaging,2025-01-29
RV005331,O039554,C09205,5,Very satisfied,2026-06-01
RV005332,O038670,C06131,5,Highly recommended,2026-07-07
RV005333,O018934,C00705,5,Very satisfied,2025-09-24
RV005334,O025560,C09061,5,Highly recommended,2025-10-06
RV005335,O033988,C02255,4,Good service,2025-03-12
RV005336,O027213,C00698,4,Nice packaging,2026-06-15
RV005337,O037633,C09293,4,Good service,2025-03-25
RV005338,O028845,C02117,2,Product quality below expectations,2026-04-04
RV005339,O026970,C09277,3,Average experience,2024-08-12
RV005340,O030502,C02228,4,Nice packaging,2025-04-04
RV005341,O030410,C05803,5,Excellent quality,2024-12-24
RV005342,O026539,C04369,5,Fast delivery,2025-04-26
RV005343,O023931,C04061,3,Could be better,2024-11-20
RV005344,O033800,C04065,5,Highly recommended,2025-11-03
RV005345,O013797,C07587,5,Excellent quality,2025-12-27
RV005346,O023666,C06231,5,Fast delivery,2026-07-16
RV005347,O015733,C06049,5,Highly recommended,2025-04-29
RV005348,O005165,C08972,5,Fresh products,2026-01-22
RV005349,O030025,C02635,5,Excellent quality,2025-07-12
RV005350,O016745,C01096,3,Could be better,2024-11-19
RV005351,O002858,C04441,5,Fresh products,2026-02-20
RV005352,O038909,C00173,4,Value for money,2025-02-05
RV005353,O035957,C03322,5,Very satisfied,2026-01-11
RV005354,O012202,C08879,4,Nice packaging,2025-11-18
RV005355,O017513,C03212,5,Excellent quality,2026-06-19
RV005356,O015322,C01590,4,Value for money,2024-08-13
RV005357,O036920,C09652,5,Fast delivery,2026-07-11
RV005358,O020097,C07121,5,Fast delivery,2026-07-22
RV005359,O012588,C02695,5,Very satisfied,2025-04-08
RV005360,O006643,C01265,5,Very satisfied,2025-05-15
RV005361,O008156,C03095,1,Very disappointed,2024-09-04
RV005362,O017755,C09240,4,Satisfied,2025-05-25
RV005363,O014069,C05140,5,Fast delivery,2025-01-05
RV005364,O021567,C05517,4,Value for money,2025-08-16
RV005365,O015984,C05694,4,Satisfied,2026-01-04
RV005366,O024578,C02865,1,Very disappointed,2025-11-09
RV005367,O021967,C04028,4,Satisfied,2024-09-24
RV005368,O005712,C07085,5,Fast delivery,2025-04-11
RV005369,O001218,C06980,5,Highly recommended,2025-11-05
RV005370,O031616,C07417,5,Fresh products,2025-09-29
RV005371,O003948,C04203,4,Nice packaging,2025-09-09
RV005372,O007720,C07922,5,Fast delivery,2025-10-24
RV005373,O021845,C01899,5,Fresh products,2025-04-02
RV005374,O010921,C06969,5,Very satisfied,2025-08-04
RV005375,O007956,C03956,5,Highly recommended,2025-12-24
RV005376,O030659,C07092,4,Nice packaging,2024-11-27
RV005377,O018973,C03738,5,Fresh products,2024-11-28
RV005378,O014163,C01600,3,Average experience,2024-11-19
RV005379,O020604,C02543,4,Nice packaging,2025-03-04
RV005380,O021213,C05376,3,Delivery was okay,2026-01-16
RV005381,O025720,C08980,5,Excellent quality,2024-11-17
RV005382,O014397,C08852,5,Very satisfied,2025-10-16
RV005383,O011927,C02921,5,Fresh products,2025-07-16
RV005384,O038653,C05696,5,Fast delivery,2025-11-04
RV005385,O007637,C03543,5,Fast delivery,2025-11-15
RV005386,O003545,C01090,3,Average experience,2024-08-15
RV005387,O024962,C06095,4,Value for money,2025-01-07
RV005388,O000920,C04536,4,Good service,2024-11-23
RV005389,O024766,C04207,1,Wrong item received,2024-12-05
RV005390,O014688,C06215,4,Value for money,2025-09-08
RV005391,O000788,C00428,5,Fast delivery,2024-10-14
RV005392,O008993,C08667,4,Value for money,2025-05-11
RV005393,O004220,C02920,5,Fast delivery,2025-03-18
RV005394,O038673,C00795,5,Fresh products,2024-09-03
RV005395,O025866,C00377,3,Delivery was okay,2025-12-27
RV005396,O012840,C09566,5,Fast delivery,2024-09-12
RV005397,O002913,C02882,5,Excellent quality,2024-11-28
RV005398,O013236,C02655,5,Fresh products,2025-10-15
RV005399,O033521,C07769,5,Highly recommended,2026-05-02
RV005400,O003611,C08080,4,Value for money,2025-07-28
RV005401,O003408,C06852,4,Satisfied,2024-10-06
RV005402,O003298,C08460,3,Could be better,2026-01-17
RV005403,O029162,C07606,5,Excellent quality,2025-06-01
RV005404,O006304,C04058,5,Fast delivery,2024-08-27
RV005405,O018439,C06042,2,Late delivery,2025-02-22
RV005406,O004822,C07342,5,Excellent quality,2025-04-11
RV005407,O002205,C09563,5,Excellent quality,2025-01-15
RV005408,O026471,C08552,5,Very satisfied,2025-06-12
RV005409,O010565,C04392,4,Nice packaging,2026-03-10
RV005410,O006093,C08124,4,Satisfied,2025-04-16
RV005411,O016937,C08148,4,Satisfied,2025-03-03
RV005412,O001518,C05063,5,Excellent quality,2026-05-02
RV005413,O022529,C07425,5,Fast delivery,2024-09-30
RV005414,O005816,C02558,5,Very satisfied,2026-01-21
RV005415,O029011,C06651,4,Satisfied,2026-01-31
RV005416,O001566,C01062,5,Excellent quality,2025-07-05
RV005417,O028667,C01589,5,Excellent quality,2026-05-08
RV005418,O029038,C00849,5,Fast delivery,2024-10-25
RV005419,O010480,C01803,1,Wrong item received,2024-11-25
RV005420,O013408,C08551,3,Delivery was okay,2025-09-18
RV005421,O025998,C00145,5,Fast delivery,2026-07-04
RV005422,O012275,C01241,5,Fast delivery,2026-01-25
RV005423,O024363,C03257,5,Very satisfied,2026-07-22
RV005424,O000586,C03909,5,Highly recommended,2024-12-21
RV005425,O025266,C01211,4,Good service,2024-12-02
RV005426,O034363,C05981,5,Fast delivery,2024-11-18
RV005427,O008431,C09676,4,Nice packaging,2024-09-14
RV005428,O031577,C04098,2,Packaging issue,2025-04-13
RV005429,O018594,C07512,5,Very satisfied,2026-06-05
RV005430,O033185,C04820,5,Highly recommended,2025-05-23
RV005431,O026098,C03859,5,Fresh products,2025-12-12
RV005432,O034666,C06949,5,Very satisfied,2025-03-01
RV005433,O004600,C02772,3,Could be better,2024-11-09
RV005434,O018342,C07253,5,Highly recommended,2025-03-04
RV005435,O010669,C07990,5,Fast delivery,2024-11-16
RV005436,O032401,C07347,5,Very satisfied,2026-01-18
RV005437,O004071,C05722,5,Very satisfied,2025-04-25
RV005438,O026824,C01981,4,Good service,2025-11-28
RV005439,O034938,C06252,4,Satisfied,2026-01-10
RV005440,O035023,C01303,4,Good service,2025-03-16
RV005441,O006850,C04611,5,Fresh products,2026-01-22
RV005442,O009319,C04895,3,Delivery was okay,2024-12-21
RV005443,O030291,C03448,3,Average experience,2025-11-15
RV005444,O011835,C03808,4,Good service,2026-05-12
RV005445,O007503,C01480,5,Very satisfied,2024-12-13
RV005446,O001485,C02066,5,Fast delivery,2025-12-20
RV005447,O020600,C05989,5,Very satisfied,2026-06-29
RV005448,O029385,C09740,5,Fresh products,2025-07-18
RV005449,O025038,C03963,5,Fast delivery,2025-05-03
RV005450,O010177,C07380,5,Fast delivery,2024-10-08
RV005451,O030978,C09074,5,Excellent quality,2026-04-05
RV005452,O001882,C06832,3,Delivery was okay,2024-08-07
RV005453,O017737,C04169,3,Average experience,2026-06-04
RV005454,O001009,C00072,5,Fresh products,2025-06-10
RV005455,O013243,C01047,4,Satisfied,2024-11-05
RV005456,O008257,C06711,3,Delivery was okay,2024-11-26
RV005457,O009048,C02829,5,Excellent quality,2024-11-27
RV005458,O007517,C04643,4,Satisfied,2024-10-14
RV005459,O019348,C02017,5,Highly recommended,2025-08-08
RV005460,O022004,C08113,5,Very satisfied,2024-10-21
RV005461,O028366,C04972,4,Value for money,2024-09-07
RV005462,O037231,C09681,5,Fast delivery,2025-01-07
RV005463,O025401,C06225,5,Fresh products,2026-03-21
RV005464,O024067,C09423,5,Fresh products,2025-06-24
RV005465,O036946,C05583,3,Could be better,2026-07-26
RV005466,O013799,C05184,4,Good service,2025-03-06
RV005467,O013344,C01842,3,Average experience,2025-01-16
RV005468,O022772,C05175,5,Fast delivery,2025-10-03
RV005469,O036369,C02628,3,Average experience,2024-08-07
RV005470,O004612,C02694,4,Good service,2025-10-15
RV005471,O005849,C09646,5,Excellent quality,2025-01-11
RV005472,O032955,C04770,5,Highly recommended,2026-04-13
RV005473,O019948,C09680,3,Delivery was okay,2025-07-10
RV005474,O023603,C03194,2,Packaging issue,2025-07-07
RV005475,O009987,C04904,1,Very disappointed,2024-12-29
RV005476,O015052,C08169,4,Nice packaging,2026-04-16
RV005477,O023788,C05465,1,Wrong item received,2024-10-08
RV005478,O012312,C09925,3,Average experience,2024-11-05
RV005479,O008041,C06003,5,Highly recommended,2025-08-11
RV005480,O027383,C09144,5,Excellent quality,2025-07-23
RV005481,O016613,C07484,4,Satisfied,2025-07-29
RV005482,O035001,C01185,3,Average experience,2026-03-07
RV005483,O006515,C08225,3,Delivery was okay,2025-11-22
RV005484,O011618,C08276,5,Excellent quality,2025-11-16
RV005485,O020572,C03365,5,Highly recommended,2025-07-08
RV005486,O027257,C04660,4,Nice packaging,2025-04-09
RV005487,O031467,C07482,4,Good service,2025-03-14
RV005488,O036562,C09867,5,Highly recommended,2026-03-08
RV005489,O027262,C03580,5,Very satisfied,2025-09-07
RV005490,O032148,C05310,5,Fast delivery,2025-01-16
RV005491,O038447,C02082,4,Satisfied,2025-02-21
RV005492,O015370,C05806,5,Fast delivery,2025-08-28
RV005493,O023917,C07953,5,Very satisfied,2024-09-25
RV005494,O024823,C02925,5,Excellent quality,2025-12-17
RV005495,O038126,C09995,5,Highly recommended,2025-12-14
RV005496,O005814,C02214,3,Could be better,2026-03-27
RV005497,O010116,C07834,3,Delivery was okay,2025-07-12
RV005498,O000044,C08642,3,Delivery was okay,2025-09-14
RV005499,O037970,C01205,4,Good service,2024-07-30
RV005500,O039356,C07752,4,Good service,2026-03-10
RV005501,O017101,C05097,5,Very satisfied,2026-05-16
RV005502,O020484,C06063,5,Excellent quality,2026-05-08
RV005503,O013922,C06473,5,Fast delivery,2024-09-02
RV005504,O005861,C00979,3,Could be better,2025-10-26
RV005505,O014549,C08623,5,Very satisfied,2025-08-06
RV005506,O033434,C04369,4,Good service,2025-05-04
RV005507,O031822,C01742,3,Average experience,2026-07-05
RV005508,O011068,C03205,4,Nice packaging,2025-04-12
RV005509,O039897,C02454,4,Value for money,2024-09-21
RV005510,O010849,C00385,4,Good service,2025-12-01
RV005511,O016544,C03409,2,Packaging issue,2025-08-31
RV005512,O028619,C01464,4,Satisfied,2025-12-26
RV005513,O031939,C07805,4,Good service,2026-04-21
RV005514,O006880,C08727,5,Highly recommended,2025-07-27
RV005515,O009147,C07270,5,Fresh products,2025-07-21
RV005516,O023313,C07505,2,Product quality below expectations,2025-08-12
RV005517,O007175,C08368,2,Product quality below expectations,2025-10-26
RV005518,O012247,C07598,5,Very satisfied,2025-04-04
RV005519,O008566,C01284,4,Nice packaging,2025-03-15
RV005520,O015471,C03775,5,Highly recommended,2026-01-29
RV005521,O003567,C09059,5,Very satisfied,2026-05-25
RV005522,O028938,C06916,5,Fast delivery,2026-01-12
RV005523,O033783,C09526,5,Excellent quality,2025-08-29
RV005524,O017054,C07505,4,Nice packaging,2024-09-29
RV005525,O035681,C08897,4,Value for money,2026-01-26
RV005526,O027483,C02383,2,Product quality below expectations,2024-09-17
RV005527,O008737,C03790,5,Fresh products,2025-10-20
RV005528,O011536,C00198,4,Good service,2026-05-21
RV005529,O008634,C04114,4,Nice packaging,2024-10-23
RV005530,O033516,C02460,4,Value for money,2025-06-13
RV005531,O010665,C02116,2,Late delivery,2026-01-23
RV005532,O038119,C01172,5,Very satisfied,2025-12-31
RV005533,O038477,C00697,5,Fresh products,2024-11-16
RV005534,O023577,C03261,3,Delivery was okay,2024-10-10
RV005535,O034866,C08302,1,Wrong item received,2024-12-28
RV005536,O003591,C05071,4,Satisfied,2026-07-29
RV005537,O024088,C02130,3,Average experience,2024-08-14
RV005538,O028237,C04069,3,Average experience,2026-08-04
RV005539,O018310,C06723,4,Value for money,2026-06-03
RV005540,O027717,C02066,4,Satisfied,2026-02-10
RV005541,O024209,C01179,4,Nice packaging,2024-11-17
RV005542,O009300,C00046,5,Fast delivery,2024-11-12
RV005543,O007332,C06006,5,Highly recommended,2025-11-19
RV005544,O014202,C08618,5,Fresh products,2025-05-02
RV005545,O033255,C00293,4,Good service,2024-10-15
RV005546,O000722,C00444,5,Very satisfied,2026-03-11
RV005547,O038699,C00198,4,Value for money,2025-07-01
RV005548,O020824,C03125,3,Average experience,2025-10-31
RV005549,O033539,C06740,5,Fresh products,2025-10-22
RV005550,O011652,C06491,5,Excellent quality,2024-11-12
RV005551,O017354,C02698,5,Excellent quality,2025-08-28
RV005552,O015969,C06226,5,Highly recommended,2026-01-26
RV005553,O003540,C00531,5,Highly recommended,2025-08-26
RV005554,O036875,C03687,5,Excellent quality,2026-04-25
RV005555,O023644,C02818,3,Delivery was okay,2024-09-21
RV005556,O009986,C06971,4,Nice packaging,2026-01-12
RV005557,O005963,C04150,5,Fast delivery,2025-05-26
RV005558,O028241,C02368,5,Highly recommended,2026-01-23
RV005559,O015136,C07034,5,Highly recommended,2025-01-14
RV005560,O001093,C08966,5,Excellent quality,2026-06-27
RV005561,O006151,C01610,5,Very satisfied,2025-05-25
RV005562,O037058,C07771,4,Good service,2026-03-17
RV005563,O039346,C03391,1,Very disappointed,2025-02-27
RV005564,O013671,C03341,4,Good service,2025-04-04
RV005565,O003024,C04219,5,Fresh products,2026-02-16
RV005566,O021268,C08686,3,Could be better,2026-03-18
RV005567,O016550,C07054,4,Value for money,2024-12-13
RV005568,O032377,C05123,2,Product quality below expectations,2024-08-27
RV005569,O025212,C07146,2,Packaging issue,2026-03-04
RV005570,O034154,C02746,5,Fast delivery,2026-05-03
RV005571,O007182,C07415,4,Good service,2026-02-18
RV005572,O032093,C09875,3,Average experience,2025-06-03
RV005573,O002637,C00796,5,Excellent quality,2025-07-08
RV005574,O026319,C08489,5,Highly recommended,2026-01-11
RV005575,O006660,C05871,5,Excellent quality,2025-08-11
RV005576,O032959,C01155,5,Fast delivery,2025-08-04
RV005577,O014467,C07031,3,Average experience,2025-08-06
RV005578,O003824,C00569,2,Packaging issue,2025-10-26
RV005579,O011298,C02315,4,Good service,2025-05-06
RV005580,O038610,C07195,3,Could be better,2025-10-11
RV005581,O013858,C06114,5,Fresh products,2026-03-01
RV005582,O029913,C07247,5,Excellent quality,2025-09-26
RV005583,O024553,C08953,5,Fresh products,2026-07-20
RV005584,O000902,C09930,5,Excellent quality,2024-08-02
RV005585,O000561,C07784,5,Fresh products,2025-03-11
RV005586,O008387,C08013,5,Very satisfied,2026-03-29
RV005587,O009639,C06247,3,Could be better,2025-06-21
RV005588,O021640,C05559,4,Value for money,2025-12-22
RV005589,O021078,C05879,4,Satisfied,2025-01-23
RV005590,O010179,C03025,4,Nice packaging,2025-08-29
RV005591,O036736,C07965,5,Fast delivery,2025-06-04
RV005592,O003492,C08714,4,Value for money,2025-02-07
RV005593,O032250,C07492,4,Satisfied,2026-05-09
RV005594,O014623,C06776,4,Value for money,2025-09-16
RV005595,O038833,C07702,4,Satisfied,2025-03-06
RV005596,O037924,C03759,4,Good service,2025-12-23
RV005597,O008830,C09168,5,Excellent quality,2025-09-13
RV005598,O004741,C03769,4,Satisfied,2024-11-03
RV005599,O038860,C05529,5,Very satisfied,2025-06-11
RV005600,O007222,C06402,4,Nice packaging,2025-07-12
RV005601,O038751,C00593,3,Delivery was okay,2026-04-14
RV005602,O034197,C06360,5,Highly recommended,2024-08-10
RV005603,O024624,C07397,5,Highly recommended,2026-02-24
RV005604,O013927,C03383,4,Satisfied,2026-07-16
RV005605,O029381,C02237,5,Highly recommended,2026-01-07
RV005606,O017514,C03418,5,Very satisfied,2025-10-20
RV005607,O007891,C05519,4,Satisfied,2024-09-15
RV005608,O000940,C04526,2,Product quality below expectations,2026-07-03
RV005609,O028067,C04671,5,Fast delivery,2025-08-26
RV005610,O012831,C08659,5,Fast delivery,2024-11-05
RV005611,O029359,C04249,5,Excellent quality,2025-03-06
RV005612,O004205,C09197,4,Good service,2026-04-15
RV005613,O012848,C02809,5,Excellent quality,2025-07-07
RV005614,O014139,C05454,4,Nice packaging,2025-11-14
RV005615,O034167,C02378,5,Fresh products,2026-04-18
RV005616,O028264,C05680,2,Late delivery,2025-11-28
RV005617,O001284,C06625,5,Very satisfied,2026-04-24
RV005618,O001180,C09148,5,Excellent quality,2024-11-14
RV005619,O008620,C08711,5,Fresh products,2024-09-27
RV005620,O036619,C09618,5,Excellent quality,2025-04-04
RV005621,O021700,C03074,3,Could be better,2025-05-28
RV005622,O012145,C08727,5,Excellent quality,2026-03-06
RV005623,O039469,C00083,5,Highly recommended,2024-09-30
RV005624,O032036,C03863,4,Satisfied,2025-02-23
RV005625,O001193,C04201,2,Product quality below expectations,2025-05-16
RV005626,O034814,C06521,5,Highly recommended,2025-03-09
RV005627,O030209,C02968,5,Excellent quality,2026-03-09
RV005628,O035415,C07185,5,Very satisfied,2024-11-30
RV005629,O029289,C06448,4,Nice packaging,2024-09-01
RV005630,O036031,C01099,4,Satisfied,2025-09-02
RV005631,O002356,C02561,4,Nice packaging,2026-05-23
RV005632,O033864,C00455,5,Very satisfied,2025-04-01
RV005633,O023821,C08211,4,Nice packaging,2026-07-05
RV005634,O016395,C07199,5,Very satisfied,2025-03-05
RV005635,O038912,C01104,4,Nice packaging,2024-11-29
RV005636,O007930,C08483,5,Fresh products,2025-06-06
RV005637,O021616,C02135,5,Excellent quality,2026-07-09
RV005638,O004525,C06735,3,Could be better,2024-10-14
RV005639,O011054,C03998,4,Nice packaging,2026-04-25
RV005640,O001677,C09612,5,Very satisfied,2026-07-14
RV005641,O018844,C02627,5,Very satisfied,2025-09-10
RV005642,O025735,C00299,2,Product quality below expectations,2026-01-09
RV005643,O033399,C04838,5,Highly recommended,2026-05-07
RV005644,O019778,C01555,5,Fresh products,2026-04-21
RV005645,O021810,C06899,5,Very satisfied,2025-10-28
RV005646,O021879,C06974,5,Very satisfied,2026-03-31
RV005647,O033230,C04493,5,Highly recommended,2025-05-26
RV005648,O038583,C05503,4,Nice packaging,2025-04-04
RV005649,O030854,C02412,4,Satisfied,2026-02-19
RV005650,O020205,C00978,5,Fresh products,2025-07-21
RV005651,O036275,C00304,5,Very satisfied,2026-07-29
RV005652,O002154,C08597,5,Fast delivery,2026-05-01
RV005653,O020736,C09847,5,Fresh products,2025-06-26
RV005654,O032853,C05098,5,Excellent quality,2026-06-22
RV005655,O038165,C00204,5,Excellent quality,2025-01-20
RV005656,O030174,C07825,5,Excellent quality,2025-04-08
RV005657,O011439,C07824,5,Very satisfied,2026-05-30
RV005658,O011543,C05624,2,Late delivery,2025-08-29
RV005659,O021354,C01850,5,Excellent quality,2026-01-30
RV005660,O023648,C00228,5,Fast delivery,2026-03-15
RV005661,O021364,C08719,5,Fresh products,2024-08-14
RV005662,O009777,C06119,5,Highly recommended,2026-04-15
RV005663,O037236,C08193,5,Excellent quality,2026-05-28
RV005664,O037253,C09182,5,Excellent quality,2024-08-11
RV005665,O033742,C03068,5,Highly recommended,2025-07-07
RV005666,O021952,C05538,5,Highly recommended,2025-07-11
RV005667,O017150,C00996,5,Highly recommended,2026-01-18
RV005668,O030936,C01726,5,Highly recommended,2025-05-28
RV005669,O022480,C09167,2,Product quality below expectations,2026-04-20
RV005670,O022342,C05733,4,Satisfied,2025-12-15
RV005671,O016749,C09979,5,Fresh products,2026-03-12
RV005672,O031584,C06070,5,Excellent quality,2025-09-21
RV005673,O011746,C09051,5,Fresh products,2025-03-29
RV005674,O021329,C01839,5,Highly recommended,2025-10-18
RV005675,O010573,C06724,5,Fast delivery,2025-10-16
RV005676,O004115,C01768,5,Fast delivery,2025-11-24
RV005677,O024532,C04547,4,Nice packaging,2025-10-05
RV005678,O028724,C01170,5,Fresh products,2026-04-07
RV005679,O005967,C01520,4,Nice packaging,2024-10-21
RV005680,O009775,C08053,4,Satisfied,2026-07-12
RV005681,O014321,C08560,1,Very disappointed,2024-08-13
RV005682,O026542,C07271,5,Excellent quality,2024-12-12
RV005683,O034682,C09497,5,Very satisfied,2024-11-28
RV005684,O004004,C01953,4,Nice packaging,2025-08-22
RV005685,O006812,C08424,5,Very satisfied,2025-11-05
RV005686,O029069,C04868,4,Value for money,2025-06-10
RV005687,O028356,C02076,3,Average experience,2024-11-29
RV005688,O019292,C04605,5,Excellent quality,2025-09-14
RV005689,O022019,C09402,2,Late delivery,2026-02-24
RV005690,O013875,C03010,5,Very satisfied,2025-07-18
RV005691,O018901,C05528,5,Highly recommended,2026-05-05
RV005692,O028267,C01003,4,Value for money,2025-04-17
RV005693,O009799,C07054,5,Very satisfied,2026-06-07
RV005694,O017132,C06210,4,Nice packaging,2025-09-18
RV005695,O001501,C05710,5,Excellent quality,2024-11-18
RV005696,O013012,C06492,2,Product quality below expectations,2026-07-03
RV005697,O003144,C08777,2,Packaging issue,2025-05-26
RV005698,O004411,C06147,4,Nice packaging,2025-09-24
RV005699,O027751,C02570,3,Delivery was okay,2026-01-12
RV005700,O012752,C06495,5,Excellent quality,2026-04-25
RV005701,O035881,C01813,5,Fast delivery,2025-12-12
RV005702,O010060,C04186,5,Excellent quality,2025-12-22
RV005703,O027175,C00392,4,Nice packaging,2025-06-15
RV005704,O011134,C05109,5,Highly recommended,2024-12-25
RV005705,O038632,C02666,5,Fast delivery,2025-07-04
RV005706,O025725,C03655,5,Very satisfied,2025-09-21
RV005707,O015372,C05213,4,Good service,2025-10-05
RV005708,O008057,C08312,4,Value for money,2025-11-18
RV005709,O004333,C07936,4,Nice packaging,2024-12-24
RV005710,O039912,C09610,5,Very satisfied,2026-01-26
RV005711,O001951,C06577,2,Product quality below expectations,2025-08-11
RV005712,O026971,C00853,5,Fresh products,2025-09-15
RV005713,O004908,C02631,5,Fast delivery,2025-03-19
RV005714,O003174,C09615,5,Highly recommended,2025-09-13
RV005715,O004265,C05527,5,Fast delivery,2025-06-27
RV005716,O014178,C06512,5,Very satisfied,2025-01-27
RV005717,O030449,C03493,3,Average experience,2025-01-27
RV005718,O005006,C00004,5,Highly recommended,2024-08-18
RV005719,O019079,C04902,5,Highly recommended,2026-02-10
RV005720,O017590,C02033,3,Could be better,2024-11-23
RV005721,O003504,C00279,5,Fast delivery,2025-07-16
RV005722,O009858,C01443,4,Nice packaging,2026-07-09
RV005723,O026191,C05104,4,Good service,2024-10-29
RV005724,O037270,C08765,1,Wrong item received,2025-12-06
RV005725,O027176,C04417,5,Very satisfied,2026-02-27
RV005726,O009428,C01159,4,Nice packaging,2026-03-20
RV005727,O018744,C00042,4,Nice packaging,2024-10-14
RV005728,O009113,C00548,5,Excellent quality,2025-12-03
RV005729,O010662,C00329,5,Fast delivery,2025-05-16
RV005730,O004125,C07740,5,Fast delivery,2025-10-26
RV005731,O008932,C07729,2,Product quality below expectations,2024-09-13
RV005732,O015994,C03272,5,Fresh products,2026-07-06
RV005733,O008095,C07029,3,Delivery was okay,2025-06-30
RV005734,O010955,C01867,5,Very satisfied,2025-07-26
RV005735,O038407,C03139,4,Value for money,2025-12-29
RV005736,O010868,C06939,4,Satisfied,2025-01-29
RV005737,O009380,C08097,5,Fast delivery,2025-04-03
RV005738,O036839,C09444,5,Highly recommended,2025-02-22
RV005739,O022193,C08120,5,Very satisfied,2025-05-21
RV005740,O005333,C03569,5,Highly recommended,2026-05-10
RV005741,O029930,C00710,2,Packaging issue,2025-09-19
RV005742,O018583,C09287,5,Highly recommended,2026-03-07
RV005743,O000065,C07991,3,Average experience,2025-03-08
RV005744,O017117,C00367,5,Very satisfied,2024-09-22
RV005745,O036458,C03639,4,Good service,2025-11-21
RV005746,O011290,C08513,5,Highly recommended,2026-05-29
RV005747,O036592,C04388,4,Nice packaging,2024-09-12
RV005748,O033372,C02129,5,Fresh products,2025-06-05
RV005749,O020430,C07549,5,Excellent quality,2025-12-08
RV005750,O004060,C08649,2,Late delivery,2024-09-14
RV005751,O010742,C07357,4,Value for money,2024-11-21
RV005752,O016708,C09551,4,Good service,2024-08-21
RV005753,O033772,C00879,5,Highly recommended,2026-06-20
RV005754,O039198,C09259,5,Very satisfied,2025-01-24
RV005755,O033279,C04497,1,Damaged product,2025-02-06
RV005756,O010283,C01248,5,Fast delivery,2024-12-17
RV005757,O005836,C04165,4,Good service,2025-03-12
RV005758,O011853,C02601,5,Fresh products,2026-04-21
RV005759,O018908,C02563,5,Highly recommended,2025-06-16
RV005760,O034475,C04568,2,Packaging issue,2025-10-18
RV005761,O008520,C00165,5,Very satisfied,2026-01-05
RV005762,O028004,C05582,5,Fresh products,2026-03-23
RV005763,O008910,C04820,4,Nice packaging,2024-12-26
RV005764,O027624,C01058,3,Could be better,2026-01-29
RV005765,O035900,C07184,5,Fast delivery,2026-07-01
RV005766,O010917,C05909,5,Fresh products,2025-04-17
RV005767,O026035,C03971,5,Fast delivery,2025-05-29
RV005768,O037427,C06021,5,Highly recommended,2025-12-25
RV005769,O003405,C02539,5,Excellent quality,2026-04-14
RV005770,O033069,C02457,4,Satisfied,2025-03-12
RV005771,O023507,C07551,4,Nice packaging,2025-02-12
RV005772,O037853,C01512,2,Packaging issue,2024-11-09
RV005773,O038092,C09940,2,Late delivery,2026-06-21
RV005774,O007660,C02068,4,Good service,2024-11-16
RV005775,O037587,C07432,5,Highly recommended,2026-02-01
RV005776,O030836,C04274,4,Nice packaging,2024-11-27
RV005777,O025825,C02097,3,Could be better,2025-10-19
RV005778,O032919,C01184,3,Average experience,2026-07-28
RV005779,O033456,C08698,5,Highly recommended,2024-12-23
RV005780,O008396,C08993,5,Fast delivery,2025-08-26
RV005781,O016598,C01271,5,Highly recommended,2025-07-02
RV005782,O013856,C06185,5,Highly recommended,2026-06-15
RV005783,O017864,C03350,4,Nice packaging,2024-09-03
RV005784,O037699,C02582,5,Fast delivery,2025-03-28
RV005785,O028539,C00833,3,Average experience,2024-10-28
RV005786,O038629,C04870,4,Satisfied,2024-10-08
RV005787,O036490,C08050,1,Damaged product,2025-08-20
RV005788,O013966,C04443,5,Fast delivery,2025-04-02
RV005789,O028157,C03934,3,Average experience,2025-11-01
RV005790,O038436,C04904,5,Fast delivery,2025-07-11
RV005791,O016473,C07034,4,Nice packaging,2025-05-11
RV005792,O018357,C02286,5,Excellent quality,2025-12-20
RV005793,O017144,C06688,4,Good service,2025-12-21
RV005794,O028803,C04782,4,Nice packaging,2026-07-22
RV005795,O019705,C08396,4,Value for money,2025-12-25
RV005796,O037731,C08090,2,Product quality below expectations,2025-07-10
RV005797,O038684,C08064,5,Fast delivery,2025-08-06
RV005798,O007933,C00015,5,Very satisfied,2024-08-23
RV005799,O011692,C09141,5,Fresh products,2025-02-21
RV005800,O014563,C03143,4,Value for money,2024-08-12
RV005801,O014436,C03464,5,Highly recommended,2024-12-04
RV005802,O017972,C04298,5,Excellent quality,2025-10-17
RV005803,O016574,C03097,4,Value for money,2025-04-13
RV005804,O032235,C03215,5,Fast delivery,2025-06-15
RV005805,O027937,C01959,5,Highly recommended,2026-03-15
RV005806,O038107,C01376,4,Good service,2025-06-28
RV005807,O039248,C08224,1,Wrong item received,2024-08-17
RV005808,O026174,C06815,5,Fresh products,2026-05-25
RV005809,O009791,C07254,5,Fresh products,2025-07-31
RV005810,O009854,C01489,5,Excellent quality,2026-07-03
RV005811,O036221,C05082,5,Excellent quality,2025-08-04
RV005812,O030872,C07757,5,Fresh products,2025-04-29
RV005813,O002595,C00050,5,Excellent quality,2024-12-07
RV005814,O016920,C03310,4,Value for money,2025-06-12
RV005815,O018378,C02433,5,Highly recommended,2024-11-29
RV005816,O008119,C03549,5,Excellent quality,2025-02-12
RV005817,O033995,C04774,5,Fresh products,2026-07-28
RV005818,O022467,C02001,3,Delivery was okay,2026-04-14
RV005819,O002761,C05809,5,Fast delivery,2024-09-18
RV005820,O001371,C06084,5,Highly recommended,2025-10-22
RV005821,O005847,C05585,3,Could be better,2024-10-09
RV005822,O003786,C01773,3,Delivery was okay,2024-08-29
RV005823,O026775,C09793,5,Fresh products,2025-11-10
RV005824,O023722,C04207,4,Nice packaging,2025-06-02
RV005825,O034771,C04571,3,Average experience,2025-03-28
RV005826,O021041,C05815,4,Value for money,2026-03-22
RV005827,O038811,C03681,4,Value for money,2026-05-13
RV005828,O003833,C06392,4,Good service,2025-08-02
RV005829,O008797,C00281,5,Fast delivery,2025-05-13
RV005830,O025334,C08409,1,Very disappointed,2024-11-18
RV005831,O021480,C06245,4,Value for money,2026-02-02
RV005832,O032572,C02519,5,Very satisfied,2025-08-23
RV005833,O007217,C00244,4,Nice packaging,2026-08-02
RV005834,O031199,C03666,3,Could be better,2025-01-31
RV005835,O030192,C02015,5,Highly recommended,2025-12-01
RV005836,O014764,C06634,5,Fresh products,2026-03-10
RV005837,O028872,C05480,5,Excellent quality,2026-01-16
RV005838,O039357,C09144,4,Satisfied,2025-04-06
RV005839,O022735,C05496,4,Satisfied,2026-01-07
RV005840,O035439,C05707,3,Average experience,2025-10-04
RV005841,O039127,C06348,4,Nice packaging,2026-05-24
RV005842,O029365,C02830,3,Could be better,2024-09-28
RV005843,O026581,C06050,5,Fresh products,2024-12-17
RV005844,O013096,C01232,5,Excellent quality,2025-01-04
RV005845,O016138,C03357,1,Wrong item received,2025-05-22
RV005846,O010279,C05200,4,Nice packaging,2025-10-13
RV005847,O005832,C09709,4,Satisfied,2025-07-25
RV005848,O009383,C07766,2,Late delivery,2024-08-11
RV005849,O036452,C08405,5,Very satisfied,2025-04-10
RV005850,O000125,C05103,5,Very satisfied,2025-06-06
RV005851,O016264,C04099,5,Fresh products,2024-08-04
RV005852,O012635,C06040,5,Fresh products,2024-08-19
RV005853,O020621,C06521,5,Very satisfied,2025-02-04
RV005854,O006337,C01621,4,Good service,2025-04-11
RV005855,O002587,C05795,5,Fast delivery,2024-09-06
RV005856,O023193,C02411,5,Excellent quality,2024-10-02
RV005857,O010113,C07116,2,Product quality below expectations,2026-03-09
RV005858,O011112,C09306,5,Fast delivery,2025-10-21
RV005859,O004035,C00596,5,Highly recommended,2026-02-21
RV005860,O003822,C04365,3,Could be better,2024-12-17
RV005861,O029170,C04991,5,Fresh products,2026-03-30
RV005862,O009394,C01941,4,Good service,2025-05-20
RV005863,O039353,C03137,4,Satisfied,2024-09-11
RV005864,O033441,C07410,2,Packaging issue,2025-08-07
RV005865,O026167,C01534,4,Good service,2024-08-08
RV005866,O037079,C01023,5,Fresh products,2026-02-04
RV005867,O017031,C01799,5,Highly recommended,2026-02-25
RV005868,O030375,C02881,5,Highly recommended,2026-06-28
RV005869,O009601,C08418,4,Good service,2026-02-14
RV005870,O013986,C02961,4,Satisfied,2026-01-01
RV005871,O022203,C02726,5,Fresh products,2025-07-18
RV005872,O010474,C00638,1,Damaged product,2025-11-27
RV005873,O037670,C05164,5,Fast delivery,2024-10-08
RV005874,O039338,C07319,5,Highly recommended,2025-06-27
RV005875,O011870,C05298,2,Product quality below expectations,2026-01-24
RV005876,O026209,C09970,5,Fast delivery,2025-05-05
RV005877,O001169,C04183,5,Very satisfied,2026-04-21
RV005878,O028370,C01671,4,Nice packaging,2026-06-16
RV005879,O030227,C02280,3,Delivery was okay,2025-06-19
RV005880,O009280,C04258,2,Packaging issue,2025-09-23
RV005881,O028689,C06410,5,Fast delivery,2026-01-15
RV005882,O007999,C00113,4,Satisfied,2025-04-24
RV005883,O038313,C00112,5,Excellent quality,2025-02-16
RV005884,O006951,C06204,3,Delivery was okay,2024-12-20
RV005885,O006584,C09743,5,Highly recommended,2025-06-08
RV005886,O030065,C01699,5,Fast delivery,2025-02-20
RV005887,O023299,C00492,5,Excellent quality,2026-06-07
RV005888,O031257,C07100,5,Excellent quality,2026-07-24
RV005889,O029217,C04749,5,Highly recommended,2024-11-05
RV005890,O030089,C05472,4,Nice packaging,2025-09-18
RV005891,O018038,C06412,5,Fresh products,2025-06-22
RV005892,O025724,C01925,5,Fast delivery,2024-11-23
RV005893,O003129,C08532,5,Highly recommended,2026-05-19
RV005894,O038102,C08228,5,Excellent quality,2025-12-03
RV005895,O002424,C04884,5,Excellent quality,2025-05-27
RV005896,O021293,C06662,2,Packaging issue,2026-05-04
RV005897,O012185,C09354,2,Late delivery,2024-12-12
RV005898,O013600,C08715,1,Wrong item received,2026-07-12
RV005899,O014984,C05095,5,Very satisfied,2025-08-04
RV005900,O008777,C02749,1,Wrong item received,2026-06-14
RV005901,O029665,C07329,4,Satisfied,2025-04-10
RV005902,O014256,C07839,4,Nice packaging,2026-04-17
RV005903,O036803,C06987,4,Good service,2025-04-21
RV005904,O006090,C01859,1,Wrong item received,2025-07-26
RV005905,O024415,C07824,5,Fast delivery,2025-06-07
RV005906,O001837,C02807,5,Fast delivery,2026-05-13
RV005907,O000916,C09283,5,Fresh products,2026-04-26
RV005908,O007124,C05450,4,Value for money,2025-08-15
RV005909,O018971,C01373,4,Good service,2025-04-13
RV005910,O022444,C08403,5,Fresh products,2026-06-21
RV005911,O031024,C05618,3,Delivery was okay,2025-12-19
RV005912,O019910,C05515,2,Late delivery,2024-11-24
RV005913,O016232,C05246,5,Fast delivery,2025-03-04
RV005914,O039112,C05734,4,Satisfied,2025-09-03
RV005915,O023096,C01391,5,Very satisfied,2025-11-15
RV005916,O012277,C07053,4,Good service,2025-03-24
RV005917,O009747,C02312,5,Fresh products,2024-12-29
RV005918,O016454,C09112,4,Nice packaging,2026-06-16
RV005919,O017516,C07886,5,Very satisfied,2026-03-08
RV005920,O031246,C07573,5,Fresh products,2026-01-24
RV005921,O002413,C06889,5,Fast delivery,2026-03-24
RV005922,O027301,C06778,5,Highly recommended,2025-07-17
RV005923,O020842,C06545,5,Very satisfied,2024-11-13
RV005924,O018109,C08923,5,Excellent quality,2025-01-06
RV005925,O016197,C01773,2,Product quality below expectations,2025-02-01
RV005926,O028549,C06292,5,Very satisfied,2024-11-03
RV005927,O022049,C02123,5,Fresh products,2025-03-02
RV005928,O016295,C06022,5,Highly recommended,2025-02-21
RV005929,O008678,C03297,5,Highly recommended,2025-06-15
RV005930,O002301,C08496,5,Fast delivery,2024-09-16
RV005931,O017447,C00578,5,Fast delivery,2025-07-18
RV005932,O000333,C06424,4,Value for money,2026-01-20
RV005933,O026513,C05390,1,Damaged product,2025-09-22
RV005934,O021133,C02850,3,Average experience,2026-06-19
RV005935,O001982,C02488,1,Very disappointed,2025-10-03
RV005936,O028587,C04850,5,Excellent quality,2025-11-24
RV005937,O033943,C00171,5,Very satisfied,2026-04-08
RV005938,O033663,C06268,4,Good service,2025-04-20
RV005939,O005396,C02451,4,Nice packaging,2025-12-17
RV005940,O002391,C02007,5,Fast delivery,2025-09-16
RV005941,O033188,C00390,5,Fresh products,2025-10-27
RV005942,O018530,C05716,5,Fast delivery,2025-01-10
RV005943,O036503,C08442,4,Nice packaging,2024-08-29
RV005944,O009561,C05089,5,Excellent quality,2025-04-14
RV005945,O011067,C08827,5,Highly recommended,2026-03-26
RV005946,O008687,C08420,5,Very satisfied,2025-06-19
RV005947,O038164,C00959,3,Delivery was okay,2025-10-13
RV005948,O011991,C07734,5,Fresh products,2025-01-28
RV005949,O000002,C04613,5,Highly recommended,2026-02-14
RV005950,O030932,C05886,5,Fast delivery,2024-11-09
RV005951,O001017,C03355,5,Excellent quality,2025-11-23
RV005952,O003759,C06265,5,Fresh products,2025-12-18
RV005953,O039473,C04919,5,Fresh products,2025-01-26
RV005954,O006670,C00077,2,Packaging issue,2024-09-08
RV005955,O028569,C09265,3,Could be better,2025-06-21
RV005956,O015209,C03088,4,Value for money,2024-10-01
RV005957,O027750,C01061,5,Fresh products,2024-09-07
RV005958,O028669,C07604,4,Nice packaging,2026-03-03
RV005959,O008588,C06047,4,Good service,2025-01-18
RV005960,O036508,C04246,4,Satisfied,2026-06-16
RV005961,O005862,C05594,5,Fast delivery,2025-04-13
RV005962,O005450,C04715,5,Excellent quality,2024-12-01
RV005963,O028333,C07822,5,Fast delivery,2025-09-21
RV005964,O014699,C06556,5,Very satisfied,2025-01-09
RV005965,O026238,C05157,4,Value for money,2025-11-03
RV005966,O001843,C05990,4,Value for money,2025-05-24
RV005967,O028386,C03036,5,Fresh products,2025-12-10
RV005968,O038221,C09674,5,Fast delivery,2025-12-09
RV005969,O026290,C08144,5,Fresh products,2026-05-28
RV005970,O033184,C04780,5,Excellent quality,2024-09-05
RV005971,O036678,C01839,4,Value for money,2026-04-16
RV005972,O035604,C00967,2,Product quality below expectations,2026-01-28
RV005973,O015765,C00236,2,Product quality below expectations,2025-02-02
RV005974,O019297,C09884,4,Nice packaging,2026-05-24
RV005975,O019655,C05696,5,Highly recommended,2026-07-21
RV005976,O030626,C01637,5,Fast delivery,2024-12-26
RV005977,O016141,C06363,5,Excellent quality,2026-05-11
RV005978,O010534,C03111,4,Satisfied,2025-05-30
RV005979,O006457,C10000,5,Highly recommended,2024-11-05
RV005980,O007478,C00749,4,Satisfied,2026-06-20
RV005981,O001472,C05575,2,Product quality below expectations,2024-09-28
RV005982,O022639,C03974,5,Fresh products,2025-06-02
RV005983,O025162,C08755,5,Excellent quality,2025-10-27
RV005984,O031866,C03180,5,Highly recommended,2026-04-25
RV005985,O032779,C04004,3,Delivery was okay,2024-12-31
RV005986,O005231,C02700,4,Good service,2026-04-27
RV005987,O006480,C07180,1,Wrong item received,2025-07-02
RV005988,O034198,C00647,4,Satisfied,2025-01-05
RV005989,O027713,C02212,5,Fast delivery,2026-03-10
RV005990,O017700,C00781,5,Very satisfied,2025-02-21
RV005991,O026854,C07895,4,Satisfied,2026-06-08
RV005992,O036010,C05760,5,Highly recommended,2025-10-15
RV005993,O002609,C00776,5,Highly recommended,2025-01-18
RV005994,O018485,C03555,5,Very satisfied,2025-10-05
RV005995,O002297,C01620,5,Fast delivery,2025-12-21
RV005996,O021995,C04040,5,Fast delivery,2025-06-09
RV005997,O015839,C04489,5,Excellent quality,2025-06-18
RV005998,O038146,C06792,4,Good service,2026-07-21
RV005999,O010242,C08104,5,Fast delivery,2026-04-13
RV006000,O006382,C03632,5,Excellent quality,2024-10-05
RV006001,O013092,C01185,2,Packaging issue,2026-04-20
RV006002,O013570,C05624,5,Very satisfied,2026-04-21
RV006003,O012788,C09221,5,Highly recommended,2026-06-09
RV006004,O013718,C08342,5,Very satisfied,2025-08-15
RV006005,O031630,C03404,1,Wrong item received,2025-11-03
RV006006,O016377,C07774,5,Excellent quality,2024-08-09
RV006007,O031064,C06396,5,Excellent quality,2025-04-14
RV006008,O000148,C07022,4,Satisfied,2025-06-11
RV006009,O037786,C02724,5,Highly recommended,2026-04-13
RV006010,O023957,C02657,5,Fast delivery,2024-09-21
RV006011,O020514,C04095,5,Very satisfied,2026-07-23
RV006012,O006131,C08046,3,Delivery was okay,2025-09-03
RV006013,O010912,C07953,4,Nice packaging,2025-02-16
RV006014,O010150,C09520,5,Highly recommended,2026-06-13
RV006015,O005745,C07855,2,Product quality below expectations,2025-01-03
RV006016,O038688,C06614,5,Excellent quality,2025-05-10
RV006017,O026948,C09943,5,Highly recommended,2024-09-18
RV006018,O025152,C05061,5,Highly recommended,2026-08-04
RV006019,O023565,C07989,3,Delivery was okay,2026-05-12
RV006020,O008880,C00130,4,Nice packaging,2025-01-15
RV006021,O025226,C08362,3,Could be better,2024-09-03
RV006022,O014977,C05757,4,Satisfied,2026-05-30
RV006023,O031959,C04081,5,Fast delivery,2025-01-09
RV006024,O035514,C09157,5,Excellent quality,2026-01-12
RV006025,O010027,C07605,4,Satisfied,2025-11-03
RV006026,O034862,C02213,3,Average experience,2024-10-08
RV006027,O012832,C03799,5,Fresh products,2025-12-28
RV006028,O002810,C00392,2,Product quality below expectations,2025-01-27
RV006029,O004506,C09140,3,Average experience,2026-07-16
RV006030,O034686,C03060,4,Nice packaging,2026-06-18
RV006031,O030514,C03519,5,Very satisfied,2025-12-18
RV006032,O006449,C06995,5,Highly recommended,2024-10-09
RV006033,O034885,C08283,4,Value for money,2024-09-27
RV006034,O008112,C07717,5,Fresh products,2026-02-20
RV006035,O011957,C07422,4,Satisfied,2024-08-17
RV006036,O035834,C02683,5,Fresh products,2024-10-09
RV006037,O020309,C03109,5,Excellent quality,2025-09-24
RV006038,O018607,C04485,4,Good service,2026-05-05
RV006039,O012890,C01235,5,Highly recommended,2025-10-29
RV006040,O004201,C09625,5,Very satisfied,2025-09-21
RV006041,O019578,C07972,5,Excellent quality,2024-12-25
RV006042,O037338,C04896,5,Very satisfied,2024-09-01
RV006043,O027840,C03098,5,Very satisfied,2025-03-26
RV006044,O020879,C01019,3,Delivery was okay,2025-11-08
RV006045,O031522,C09305,4,Good service,2025-11-09
RV006046,O008249,C00312,3,Delivery was okay,2026-02-11
RV006047,O012459,C08535,4,Satisfied,2024-09-26
RV006048,O032043,C07733,3,Average experience,2025-04-01
RV006049,O024814,C06789,5,Very satisfied,2025-08-10
RV006050,O027411,C02189,5,Fast delivery,2026-01-07
RV006051,O000399,C04418,5,Fresh products,2026-01-15
RV006052,O019942,C06837,2,Late delivery,2026-07-08
RV006053,O013852,C09058,4,Good service,2024-12-10
RV006054,O034943,C06253,5,Fast delivery,2025-02-22
RV006055,O032923,C00148,4,Value for money,2025-10-03
RV006056,O036748,C03467,1,Damaged product,2026-01-16
RV006057,O016160,C02258,5,Fast delivery,2024-09-12
RV006058,O034514,C03824,5,Very satisfied,2025-01-21
RV006059,O030886,C03346,5,Excellent quality,2025-01-26
RV006060,O029520,C07510,5,Highly recommended,2025-08-15
RV006061,O015739,C06383,3,Delivery was okay,2026-01-02
RV006062,O005737,C08278,5,Very satisfied,2025-07-03
RV006063,O033420,C08962,4,Satisfied,2024-11-13
RV006064,O007691,C03758,4,Good service,2025-05-17
RV006065,O006605,C05015,5,Fast delivery,2025-05-18
RV006066,O016706,C09158,4,Value for money,2025-09-12
RV006067,O017962,C08550,5,Very satisfied,2025-01-25
RV006068,O031592,C08166,5,Very satisfied,2025-08-11
RV006069,O006879,C02871,4,Value for money,2025-02-13
RV006070,O031361,C00650,3,Could be better,2025-09-15
RV006071,O018054,C09365,5,Excellent quality,2025-02-01
RV006072,O015377,C06597,4,Satisfied,2025-09-03
RV006073,O026704,C05513,5,Highly recommended,2024-10-29
RV006074,O024534,C03187,5,Excellent quality,2025-03-25
RV006075,O035935,C02412,4,Good service,2026-04-07
RV006076,O005291,C07327,4,Satisfied,2026-06-11
RV006077,O005389,C03842,5,Highly recommended,2025-01-16
RV006078,O001208,C05641,5,Excellent quality,2024-12-28
RV006079,O004929,C04751,3,Could be better,2025-06-27
RV006080,O036432,C02129,5,Very satisfied,2025-06-30
RV006081,O005575,C07538,5,Excellent quality,2026-03-10
RV006082,O023113,C07354,2,Late delivery,2026-04-11
RV006083,O016046,C00121,5,Fast delivery,2025-03-24
RV006084,O030865,C04824,5,Excellent quality,2026-05-26
RV006085,O004173,C05216,3,Average experience,2024-12-15
RV006086,O025988,C03393,5,Fast delivery,2025-09-14
RV006087,O032841,C05439,5,Very satisfied,2026-02-22
RV006088,O032617,C00998,5,Fast delivery,2025-02-26
RV006089,O021491,C06947,5,Fast delivery,2025-06-30
RV006090,O031556,C03592,5,Fresh products,2024-11-26
RV006091,O020619,C03969,3,Could be better,2026-06-25
RV006092,O020656,C08498,3,Delivery was okay,2026-06-05
RV006093,O013358,C03507,5,Excellent quality,2024-08-13
RV006094,O019472,C04331,1,Very disappointed,2024-08-14
RV006095,O008152,C05319,5,Fresh products,2026-01-07
RV006096,O001372,C01742,4,Good service,2026-02-22
RV006097,O031934,C05100,5,Excellent quality,2025-01-20
RV006098,O011091,C00678,4,Satisfied,2026-03-18
RV006099,O029789,C05506,5,Excellent quality,2026-03-17
RV006100,O008356,C00893,4,Good service,2025-10-15
RV006101,O036433,C01157,4,Nice packaging,2025-02-02
RV006102,O005553,C01798,3,Delivery was okay,2026-02-09
RV006103,O023966,C08870,5,Very satisfied,2024-09-30
RV006104,O016002,C05782,5,Highly recommended,2025-11-02
RV006105,O000770,C02763,4,Satisfied,2026-06-14
RV006106,O014023,C02994,4,Nice packaging,2026-03-06
RV006107,O014799,C04566,4,Good service,2026-06-03
RV006108,O009582,C00944,5,Excellent quality,2025-02-01
RV006109,O039444,C09524,5,Fast delivery,2024-09-21
RV006110,O017647,C01416,5,Fresh products,2025-10-31
RV006111,O016640,C07209,4,Value for money,2025-10-30
RV006112,O009440,C02166,5,Fresh products,2024-09-02
RV006113,O004056,C02856,4,Nice packaging,2024-11-19
RV006114,O001157,C00451,5,Fast delivery,2025-10-29
RV006115,O013250,C02150,5,Excellent quality,2026-04-07
RV006116,O030859,C01757,5,Highly recommended,2025-12-27
RV006117,O001098,C05914,5,Highly recommended,2025-06-11
RV006118,O034515,C00966,5,Excellent quality,2026-05-15
RV006119,O012238,C01293,5,Very satisfied,2025-09-30
RV006120,O004230,C09876,3,Delivery was okay,2025-09-22
RV006121,O012616,C00571,4,Nice packaging,2025-07-19
RV006122,O018376,C07886,2,Late delivery,2026-01-06
RV006123,O029088,C05494,4,Value for money,2025-04-16
RV006124,O011811,C07768,5,Highly recommended,2025-08-23
RV006125,O035264,C09759,5,Fresh products,2025-01-28
RV006126,O006874,C04305,4,Value for money,2025-04-27
RV006127,O017021,C06280,5,Highly recommended,2025-11-26
RV006128,O027118,C09614,5,Fresh products,2025-05-17
RV006129,O008774,C03257,5,Highly recommended,2026-06-28
RV006130,O013175,C08775,4,Good service,2024-11-18
RV006131,O014174,C07727,3,Average experience,2024-08-20
RV006132,O024431,C07309,4,Value for money,2026-01-08
RV006133,O033970,C05876,3,Average experience,2025-08-10
RV006134,O028766,C07389,4,Value for money,2026-06-12
RV006135,O025659,C04739,1,Damaged product,2025-02-07
RV006136,O033700,C01480,2,Late delivery,2025-10-19
RV006137,O013546,C05340,5,Fresh products,2024-08-31
RV006138,O037743,C03780,5,Excellent quality,2026-06-15
RV006139,O021482,C03313,2,Late delivery,2025-11-19
RV006140,O015067,C07210,5,Fast delivery,2025-06-06
RV006141,O018782,C02551,5,Very satisfied,2026-07-13
RV006142,O001048,C05841,5,Excellent quality,2025-09-08
RV006143,O019833,C07342,5,Very satisfied,2026-02-11
RV006144,O028830,C01959,5,Excellent quality,2025-04-25
RV006145,O021153,C09971,5,Fresh products,2026-07-02
RV006146,O021828,C09704,5,Very satisfied,2024-08-13
RV006147,O012935,C08330,5,Fast delivery,2025-09-07
RV006148,O024391,C00541,5,Fresh products,2025-11-08
RV006149,O016282,C04552,3,Could be better,2026-04-26
RV006150,O010306,C09407,5,Fresh products,2025-11-22
RV006151,O011454,C07919,2,Product quality below expectations,2026-05-18
RV006152,O005170,C00173,5,Fast delivery,2024-12-16
RV006153,O037988,C03245,5,Highly recommended,2024-08-05
RV006154,O009081,C02547,5,Very satisfied,2025-01-30
RV006155,O033453,C05961,5,Fresh products,2025-01-30
RV006156,O012188,C06939,5,Highly recommended,2025-05-03
RV006157,O023674,C06844,4,Satisfied,2024-10-27
RV006158,O020585,C02546,5,Fast delivery,2026-01-29
RV006159,O030097,C00174,1,Wrong item received,2026-01-24
RV006160,O014937,C05813,5,Fast delivery,2026-03-10
RV006161,O003901,C09046,3,Delivery was okay,2025-02-17
RV006162,O023337,C03324,4,Value for money,2024-12-24
RV006163,O024215,C01607,5,Highly recommended,2025-07-22
RV006164,O004950,C01609,5,Highly recommended,2025-02-03
RV006165,O020864,C08770,5,Excellent quality,2025-10-31
RV006166,O034555,C01643,4,Nice packaging,2025-11-21
RV006167,O005426,C08864,2,Late delivery,2026-02-18
RV006168,O020935,C02139,5,Highly recommended,2025-06-23
RV006169,O035821,C04731,5,Fast delivery,2024-08-06
RV006170,O038972,C04519,3,Could be better,2025-10-01
RV006171,O005895,C06940,5,Very satisfied,2025-12-21
RV006172,O031353,C06110,2,Product quality below expectations,2025-08-25
RV006173,O007595,C07930,5,Very satisfied,2024-09-26
RV006174,O031850,C01810,4,Nice packaging,2026-02-15
RV006175,O024965,C05252,2,Packaging issue,2026-07-22
RV006176,O018415,C08367,5,Fresh products,2025-01-10
RV006177,O030383,C09289,2,Packaging issue,2025-01-09
RV006178,O006359,C07609,4,Good service,2026-02-22
RV006179,O035831,C04251,5,Highly recommended,2025-09-19
RV006180,O018093,C09821,3,Could be better,2026-03-16
RV006181,O008519,C01306,4,Value for money,2025-09-26
RV006182,O010745,C03798,5,Excellent quality,2026-07-24
RV006183,O011234,C06293,5,Highly recommended,2025-08-09
RV006184,O002004,C05674,4,Nice packaging,2025-02-23
RV006185,O034817,C09462,5,Fresh products,2024-09-05
RV006186,O025452,C09523,5,Fresh products,2025-06-04
RV006187,O005373,C04132,5,Excellent quality,2025-02-26
RV006188,O039753,C01339,5,Fresh products,2025-05-10
RV006189,O033121,C06819,5,Fast delivery,2024-09-04
RV006190,O004733,C04840,5,Very satisfied,2025-02-08
RV006191,O035875,C07349,5,Excellent quality,2025-02-01
RV006192,O027576,C00448,5,Fresh products,2026-05-30
RV006193,O015125,C09874,5,Excellent quality,2024-11-17
RV006194,O007725,C09870,4,Satisfied,2026-01-20
RV006195,O009837,C04314,4,Satisfied,2024-09-17
RV006196,O012586,C08127,5,Fresh products,2025-01-02
RV006197,O024459,C04213,5,Highly recommended,2025-06-15
RV006198,O023258,C05620,3,Could be better,2026-03-22
RV006199,O035363,C01554,5,Fast delivery,2026-05-08
RV006200,O030633,C01749,5,Highly recommended,2025-12-18
RV006201,O035119,C05021,2,Packaging issue,2025-10-13
RV006202,O021635,C06961,2,Product quality below expectations,2025-09-28
RV006203,O029550,C09597,5,Fast delivery,2025-09-20
RV006204,O015714,C08678,4,Value for money,2024-08-11
RV006205,O028209,C05186,5,Very satisfied,2026-07-18
RV006206,O039296,C09746,3,Delivery was okay,2025-02-24
RV006207,O023408,C07164,3,Average experience,2025-03-20
RV006208,O034318,C09698,5,Highly recommended,2024-08-25
RV006209,O000370,C07153,4,Good service,2025-01-03
RV006210,O027484,C08993,5,Very satisfied,2026-06-11
RV006211,O010818,C06363,4,Good service,2025-08-20
RV006212,O039581,C04006,5,Fast delivery,2026-06-06
RV006213,O011757,C02073,4,Value for money,2024-09-22
RV006214,O038262,C02835,5,Very satisfied,2025-08-16
RV006215,O038622,C05119,4,Nice packaging,2025-05-18
RV006216,O008476,C04800,5,Excellent quality,2025-12-06
RV006217,O009563,C08404,3,Average experience,2026-07-24
RV006218,O013409,C07486,5,Fast delivery,2025-11-17
RV006219,O036977,C00534,4,Value for money,2025-01-30
RV006220,O006483,C07666,5,Fresh products,2025-06-09
RV006221,O032626,C03908,4,Nice packaging,2025-01-01
RV006222,O025268,C07629,5,Excellent quality,2024-11-20
RV006223,O010341,C06707,4,Good service,2026-02-17
RV006224,O039402,C09612,5,Fresh products,2024-08-11
RV006225,O022217,C05769,5,Fresh products,2026-04-17
RV006226,O003724,C04177,4,Nice packaging,2026-03-05
RV006227,O009078,C09297,5,Excellent quality,2026-05-29
RV006228,O016957,C01707,5,Fast delivery,2025-10-30
RV006229,O028785,C00951,5,Very satisfied,2025-04-14
RV006230,O035905,C00564,5,Fresh products,2025-05-12
RV006231,O019900,C07467,5,Highly recommended,2025-05-11
RV006232,O021872,C07236,4,Value for money,2024-10-03
RV006233,O004421,C06542,4,Satisfied,2025-12-11
RV006234,O032979,C07072,4,Good service,2025-01-24
RV006235,O015695,C04030,5,Fast delivery,2026-01-27
RV006236,O033789,C06343,4,Satisfied,2025-07-17
RV006237,O007087,C01940,4,Value for money,2025-01-03
RV006238,O034110,C07603,5,Highly recommended,2025-10-20
RV006239,O007011,C08038,5,Fresh products,2025-05-15
RV006240,O025741,C08867,1,Very disappointed,2025-03-30
RV006241,O030855,C04110,5,Excellent quality,2025-04-26
RV006242,O012660,C08484,4,Nice packaging,2024-09-24
RV006243,O032892,C09476,5,Fast delivery,2024-12-29
RV006244,O011678,C07217,4,Value for money,2026-03-20
RV006245,O005519,C00134,5,Excellent quality,2025-08-24
RV006246,O005980,C00345,1,Very disappointed,2026-01-05
RV006247,O035666,C06542,4,Satisfied,2025-12-07
RV006248,O032408,C09520,3,Average experience,2026-03-14
RV006249,O014173,C00304,5,Excellent quality,2026-07-07
RV006250,O039691,C08578,4,Good service,2026-04-18
RV006251,O036254,C03790,5,Fresh products,2026-04-12
RV006252,O021124,C04361,5,Highly recommended,2024-12-02
RV006253,O001718,C01519,5,Fresh products,2026-02-11
RV006254,O016773,C07463,4,Satisfied,2026-04-16
RV006255,O035018,C02038,4,Value for money,2025-12-22
RV006256,O026219,C02535,5,Fast delivery,2026-02-06
RV006257,O033882,C07211,5,Very satisfied,2024-09-05
RV006258,O031688,C07296,5,Highly recommended,2025-03-03
RV006259,O039494,C05796,5,Highly recommended,2025-09-19
RV006260,O032459,C03531,2,Late delivery,2025-07-08
RV006261,O036001,C02349,4,Good service,2026-06-25
RV006262,O003115,C09672,5,Fresh products,2025-11-26
RV006263,O024512,C05076,4,Value for money,2025-11-17
RV006264,O027159,C02877,5,Fresh products,2024-09-08
RV006265,O038597,C07439,5,Fresh products,2026-07-08
RV006266,O029135,C06059,3,Could be better,2024-12-20
RV006267,O036340,C08799,4,Value for money,2024-12-02
RV006268,O016165,C02563,3,Could be better,2025-07-01
RV006269,O029319,C09800,5,Very satisfied,2024-12-26
RV006270,O025053,C06500,4,Nice packaging,2026-03-23
RV006271,O038345,C02111,4,Nice packaging,2025-09-16
RV006272,O005357,C09811,5,Very satisfied,2024-09-25
RV006273,O004490,C07210,4,Value for money,2026-04-17
RV006274,O002936,C09455,4,Value for money,2025-09-19
RV006275,O000698,C01753,1,Damaged product,2026-07-20
RV006276,O010322,C08721,1,Very disappointed,2025-02-11
RV006277,O016719,C09691,4,Value for money,2026-02-06
RV006278,O006441,C09611,5,Excellent quality,2025-07-30
RV006279,O031299,C06126,5,Fresh products,2026-06-20
RV006280,O010222,C00260,5,Very satisfied,2025-12-28
RV006281,O039398,C01357,4,Nice packaging,2025-03-04
RV006282,O000221,C01257,5,Highly recommended,2025-07-17
RV006283,O038452,C00615,5,Highly recommended,2026-04-25
RV006284,O012365,C02472,4,Good service,2026-06-15
RV006285,O038579,C09128,3,Average experience,2024-11-15
RV006286,O024795,C00894,5,Excellent quality,2025-04-02
RV006287,O020639,C03465,5,Very satisfied,2025-09-28
RV006288,O021697,C05197,2,Packaging issue,2024-12-15
RV006289,O001605,C08343,5,Very satisfied,2026-02-27
RV006290,O026602,C01381,5,Fast delivery,2025-05-21
RV006291,O000344,C07951,3,Average experience,2024-11-22
RV006292,O036557,C05785,4,Good service,2025-02-15
RV006293,O036668,C02981,5,Very satisfied,2025-08-20
RV006294,O038348,C07677,5,Fresh products,2025-02-04
RV006295,O004096,C09708,4,Good service,2026-06-24
RV006296,O034322,C08609,3,Could be better,2025-12-30
RV006297,O039945,C00815,5,Fast delivery,2024-07-30
RV006298,O012875,C08535,5,Fast delivery,2025-04-23
RV006299,O020025,C09232,5,Excellent quality,2026-05-22
RV006300,O004943,C09241,4,Nice packaging,2026-02-12
RV006301,O007415,C08391,5,Excellent quality,2025-02-09
RV006302,O019656,C09081,5,Highly recommended,2026-02-15
RV006303,O004513,C05131,4,Nice packaging,2026-04-08
RV006304,O034629,C06328,5,Highly recommended,2026-01-24
RV006305,O013971,C07051,5,Excellent quality,2025-06-04
RV006306,O014990,C04754,5,Fast delivery,2025-12-27
RV006307,O017342,C02552,5,Highly recommended,2024-08-12
RV006308,O009216,C05671,4,Satisfied,2024-09-09
RV006309,O035606,C08882,5,Highly recommended,2025-10-28
RV006310,O030232,C01564,5,Fast delivery,2024-12-11
RV006311,O030251,C06064,4,Satisfied,2026-07-08
RV006312,O008259,C06785,5,Highly recommended,2025-03-07
RV006313,O014861,C02641,3,Delivery was okay,2025-05-10
RV006314,O006086,C01042,3,Delivery was okay,2025-07-13
RV006315,O034897,C00697,5,Excellent quality,2025-08-30
RV006316,O024856,C09214,5,Fresh products,2025-05-26
RV006317,O012980,C09265,5,Excellent quality,2025-03-20
RV006318,O023698,C06354,2,Product quality below expectations,2024-10-25
RV006319,O028774,C07856,5,Fresh products,2026-04-15
RV006320,O035111,C00187,5,Highly recommended,2024-08-14
RV006321,O009543,C05340,5,Very satisfied,2024-09-07
RV006322,O021638,C09231,5,Fresh products,2024-08-09
RV006323,O039831,C02645,4,Satisfied,2026-07-18
RV006324,O009115,C03326,5,Excellent quality,2025-09-23
RV006325,O017020,C02366,4,Good service,2026-07-08
RV006326,O039764,C02130,5,Very satisfied,2026-06-14
RV006327,O026545,C01723,5,Very satisfied,2024-12-03
RV006328,O000820,C07371,4,Nice packaging,2025-10-07
RV006329,O032002,C09640,5,Highly recommended,2026-07-01
RV006330,O033370,C05687,4,Value for money,2025-02-27
RV006331,O027694,C07108,4,Nice packaging,2026-06-15
RV006332,O000410,C07151,5,Excellent quality,2026-06-09
RV006333,O035874,C04350,3,Could be better,2024-07-30
RV006334,O039899,C00120,3,Could be better,2025-02-12
RV006335,O037691,C04479,4,Satisfied,2024-10-15
RV006336,O004780,C02513,5,Highly recommended,2025-09-30
RV006337,O004869,C07082,1,Damaged product,2024-10-29
RV006338,O001058,C01302,4,Nice packaging,2025-07-15
RV006339,O015540,C09671,4,Satisfied,2025-02-18
RV006340,O019894,C08190,5,Excellent quality,2024-08-29
RV006341,O032448,C02883,5,Very satisfied,2024-10-01
RV006342,O030213,C05693,3,Average experience,2026-04-25
RV006343,O020784,C07460,5,Fast delivery,2026-04-29
RV006344,O007127,C07420,4,Good service,2026-01-08
RV006345,O019396,C02962,4,Satisfied,2024-10-14
RV006346,O027456,C08197,4,Nice packaging,2025-12-22
RV006347,O005359,C06302,5,Fresh products,2025-02-05
RV006348,O001205,C03064,3,Delivery was okay,2026-04-14
RV006349,O030823,C04176,4,Value for money,2024-11-07
RV006350,O028317,C01971,1,Wrong item received,2026-01-26
RV006351,O025158,C05967,5,Highly recommended,2024-08-27
RV006352,O000011,C00770,3,Delivery was okay,2026-07-16
RV006353,O012092,C05362,5,Highly recommended,2025-03-12
RV006354,O008704,C05341,5,Fast delivery,2025-06-11
RV006355,O039521,C02227,5,Very satisfied,2025-02-11
RV006356,O026670,C02636,3,Average experience,2025-10-23
RV006357,O039230,C04078,5,Fast delivery,2025-09-18
RV006358,O021315,C03261,4,Nice packaging,2024-12-10
RV006359,O032954,C06831,5,Fast delivery,2025-09-18
RV006360,O025276,C09487,5,Highly recommended,2025-12-13
RV006361,O013429,C08929,5,Fast delivery,2026-04-07
RV006362,O038910,C02960,5,Excellent quality,2025-03-20
RV006363,O017392,C04058,5,Highly recommended,2025-11-27
RV006364,O006445,C01303,3,Delivery was okay,2025-01-28
RV006365,O029810,C09337,5,Excellent quality,2025-09-09
RV006366,O022320,C01083,4,Good service,2026-07-09
RV006367,O037358,C01083,5,Very satisfied,2024-08-25
RV006368,O022939,C08426,2,Packaging issue,2025-05-24
RV006369,O035804,C02027,5,Very satisfied,2024-09-06
RV006370,O013125,C01444,5,Excellent quality,2025-05-31
RV006371,O038155,C08194,4,Nice packaging,2024-12-11
RV006372,O001972,C02796,4,Satisfied,2025-08-08
RV006373,O024085,C04067,5,Excellent quality,2024-09-02
RV006374,O009103,C04305,4,Nice packaging,2024-11-12
RV006375,O032430,C02847,5,Excellent quality,2025-05-24
RV006376,O023284,C04647,5,Highly recommended,2025-08-01
RV006377,O034600,C03225,3,Delivery was okay,2026-07-16
RV006378,O035123,C02078,1,Damaged product,2024-08-17
RV006379,O013910,C05269,4,Value for money,2024-12-09
RV006380,O003515,C08665,5,Very satisfied,2026-04-12
RV006381,O020155,C01204,4,Value for money,2024-10-19
RV006382,O005561,C00015,5,Excellent quality,2025-04-01
RV006383,O006051,C02401,2,Packaging issue,2025-12-31
RV006384,O008800,C09028,3,Average experience,2026-02-06
RV006385,O000763,C07980,5,Fresh products,2025-07-08
RV006386,O031418,C02981,4,Value for money,2025-11-03
RV006387,O029549,C03109,4,Satisfied,2025-07-08
RV006388,O021917,C01696,4,Good service,2025-08-12
RV006389,O038724,C07700,5,Highly recommended,2024-09-06
RV006390,O011059,C04168,5,Highly recommended,2025-06-30
RV006391,O000835,C03178,1,Damaged product,2025-04-20
RV006392,O030249,C04267,2,Product quality below expectations,2026-01-10
RV006393,O006309,C00799,1,Wrong item received,2025-01-06
RV006394,O024436,C07536,3,Average experience,2025-07-01
RV006395,O016108,C06774,4,Good service,2025-08-13
RV006396,O019860,C01140,5,Excellent quality,2025-11-06
RV006397,O026343,C03476,1,Wrong item received,2025-08-23
RV006398,O016102,C06887,4,Value for money,2024-08-16
RV006399,O038475,C09147,2,Packaging issue,2024-11-25
RV006400,O027072,C00968,4,Value for money,2025-01-20
RV006401,O018698,C00390,3,Average experience,2025-02-22
RV006402,O014597,C08267,5,Highly recommended,2024-11-26
RV006403,O037372,C07089,5,Fresh products,2025-03-02
RV006404,O028939,C06803,1,Very disappointed,2026-05-22
RV006405,O031380,C02712,5,Very satisfied,2026-01-04
RV006406,O014681,C05322,4,Satisfied,2025-12-14
RV006407,O028513,C07719,2,Packaging issue,2025-03-25
RV006408,O017141,C03785,1,Very disappointed,2025-06-15
RV006409,O035920,C09101,1,Very disappointed,2025-11-23
RV006410,O031919,C00936,4,Nice packaging,2026-06-16
RV006411,O036751,C05540,3,Delivery was okay,2025-02-02
RV006412,O000839,C01688,5,Fresh products,2026-07-26
RV006413,O029717,C01514,4,Value for money,2025-11-23
RV006414,O005800,C06446,5,Fresh products,2025-11-02
RV006415,O031332,C01776,5,Highly recommended,2025-11-30
RV006416,O008435,C00563,5,Fresh products,2025-09-14
RV006417,O012133,C08180,5,Fresh products,2025-09-17
RV006418,O035127,C06415,5,Fast delivery,2026-02-07
RV006419,O022518,C09842,4,Nice packaging,2024-08-14
RV006420,O031394,C05606,4,Nice packaging,2024-09-06
RV006421,O016446,C06862,3,Average experience,2024-11-21
RV006422,O014176,C07142,5,Fast delivery,2025-08-21
RV006423,O019193,C01976,5,Highly recommended,2025-12-20
RV006424,O021617,C07361,5,Fresh products,2026-07-21
RV006425,O009930,C01461,5,Excellent quality,2024-11-16
RV006426,O005017,C00119,5,Highly recommended,2026-06-10
RV006427,O020651,C00296,3,Average experience,2026-03-10
RV006428,O028075,C02449,4,Nice packaging,2026-01-14
RV006429,O015865,C09776,5,Fast delivery,2025-04-01
RV006430,O017861,C04280,5,Fresh products,2025-12-29
RV006431,O016450,C05138,5,Excellent quality,2025-10-08
RV006432,O009158,C04216,5,Fast delivery,2025-01-09
RV006433,O029106,C03853,5,Excellent quality,2025-08-13
RV006434,O026307,C07615,5,Fast delivery,2025-01-26
RV006435,O004089,C01941,4,Good service,2025-08-26
RV006436,O008702,C00413,5,Very satisfied,2025-04-27
RV006437,O035140,C02650,5,Excellent quality,2024-12-31
RV006438,O007357,C01806,5,Excellent quality,2026-04-12
RV006439,O032215,C02136,5,Fast delivery,2025-02-28
RV006440,O017223,C05219,5,Highly recommended,2026-05-10
RV006441,O015301,C08664,4,Nice packaging,2025-06-24
RV006442,O029437,C06866,5,Fast delivery,2025-02-21
RV006443,O027622,C03209,5,Fast delivery,2024-09-21
RV006444,O028077,C09550,5,Fresh products,2025-07-22
RV006445,O036935,C02171,1,Wrong item received,2026-01-06
RV006446,O004077,C02476,5,Fresh products,2026-06-27
RV006447,O027738,C04208,4,Nice packaging,2025-03-23
RV006448,O007618,C04113,3,Average experience,2024-12-01
RV006449,O012866,C01248,5,Excellent quality,2026-04-04
RV006450,O012422,C03591,5,Excellent quality,2025-11-03
RV006451,O028543,C09855,5,Very satisfied,2024-11-09
RV006452,O034851,C02013,5,Fresh products,2025-03-14
RV006453,O012613,C05212,5,Excellent quality,2025-09-07
RV006454,O017231,C09137,5,Fresh products,2026-02-24
RV006455,O038548,C03124,4,Nice packaging,2025-06-18
RV006456,O033158,C00566,4,Nice packaging,2025-10-13
RV006457,O025711,C05552,4,Value for money,2024-09-26
RV006458,O014483,C00994,5,Highly recommended,2025-04-06
RV006459,O024805,C03894,5,Fresh products,2026-04-20
RV006460,O037362,C03145,4,Good service,2026-07-01
RV006461,O021392,C08165,4,Good service,2025-01-02
RV006462,O033529,C01823,4,Good service,2026-01-14
RV006463,O011346,C05607,3,Delivery was okay,2025-06-10
RV006464,O017201,C00936,5,Fresh products,2025-02-03
RV006465,O036816,C04965,5,Fast delivery,2024-08-21
RV006466,O015668,C01768,2,Packaging issue,2025-04-11
RV006467,O035255,C06200,4,Value for money,2025-10-25
RV006468,O029352,C09052,5,Fast delivery,2025-03-24
RV006469,O035230,C02773,5,Excellent quality,2024-09-17
RV006470,O031632,C06888,5,Highly recommended,2025-10-16
RV006471,O011079,C00671,4,Value for money,2025-05-20
RV006472,O023269,C03766,2,Late delivery,2026-07-21
RV006473,O010585,C09609,5,Excellent quality,2025-10-19
RV006474,O007293,C07370,2,Packaging issue,2025-01-21
RV006475,O008997,C07912,5,Fast delivery,2026-01-19
RV006476,O015468,C02112,1,Damaged product,2025-03-31
RV006477,O009460,C00545,2,Packaging issue,2026-04-05
RV006478,O025180,C01381,5,Excellent quality,2024-09-29
RV006479,O036361,C03920,1,Damaged product,2024-10-13
RV006480,O019717,C04868,3,Delivery was okay,2026-05-21
RV006481,O007060,C07168,1,Very disappointed,2025-05-26
RV006482,O015246,C03136,5,Very satisfied,2025-04-22
RV006483,O019039,C06307,4,Good service,2025-11-30
RV006484,O017338,C03546,4,Value for money,2025-02-05
RV006485,O026661,C09257,5,Fresh products,2025-09-12
RV006486,O024128,C08510,1,Very disappointed,2025-07-31
RV006487,O025485,C00543,4,Good service,2025-10-29
RV006488,O005186,C05838,4,Value for money,2025-04-05
RV006489,O000241,C08458,4,Nice packaging,2025-04-01
RV006490,O017579,C05461,1,Very disappointed,2024-10-03
RV006491,O011074,C02900,4,Satisfied,2026-05-30
RV006492,O023079,C08639,2,Product quality below expectations,2026-07-08
RV006493,O012387,C04448,5,Fast delivery,2024-10-20
RV006494,O038590,C09613,4,Good service,2025-05-20
RV006495,O031716,C07470,2,Product quality below expectations,2026-02-03
RV006496,O009976,C02606,5,Highly recommended,2026-01-17
RV006497,O036435,C09081,5,Highly recommended,2024-08-01
RV006498,O029728,C07928,3,Average experience,2025-03-23
RV006499,O036665,C05641,5,Fast delivery,2025-10-10
RV006500,O030844,C02433,4,Nice packaging,2025-08-02
RV006501,O029708,C06360,4,Nice packaging,2025-03-14
RV006502,O039958,C04584,4,Satisfied,2026-07-25
RV006503,O006526,C00139,5,Very satisfied,2026-07-30
RV006504,O010743,C02958,4,Good service,2025-05-18
RV006505,O016890,C08120,2,Packaging issue,2024-11-13
RV006506,O039677,C00899,5,Fast delivery,2026-04-14
RV006507,O004460,C09180,4,Value for money,2025-08-17
RV006508,O026673,C05989,3,Delivery was okay,2025-06-08
RV006509,O016822,C05842,5,Fresh products,2024-10-02
RV006510,O017722,C00013,4,Satisfied,2026-05-17
RV006511,O004402,C06656,4,Satisfied,2026-07-08
RV006512,O022967,C09820,5,Highly recommended,2025-11-19
RV006513,O016653,C04314,5,Highly recommended,2026-07-24
RV006514,O000413,C04755,4,Value for money,2024-09-12
RV006515,O002278,C05681,5,Very satisfied,2024-10-15
RV006516,O008307,C03362,5,Fast delivery,2025-11-24
RV006517,O031623,C02082,3,Delivery was okay,2024-09-27
RV006518,O037379,C02871,5,Very satisfied,2025-06-17
RV006519,O023547,C02412,5,Fast delivery,2024-09-27
RV006520,O017319,C02639,4,Good service,2025-10-08
RV006521,O035390,C06617,3,Average experience,2025-06-11
RV006522,O031884,C01046,4,Nice packaging,2026-06-06
RV006523,O012558,C03063,5,Highly recommended,2024-11-13
RV006524,O007386,C08877,4,Nice packaging,2026-02-07
RV006525,O011085,C09367,5,Highly recommended,2024-10-01
RV006526,O014415,C01909,5,Fast delivery,2025-11-14
RV006527,O010780,C02927,3,Average experience,2025-06-22
RV006528,O035532,C08015,5,Excellent quality,2025-09-18
RV006529,O030619,C04614,4,Satisfied,2025-08-18
RV006530,O016201,C00832,5,Very satisfied,2025-05-23
RV006531,O001654,C06811,5,Excellent quality,2025-09-18
RV006532,O022844,C08005,3,Average experience,2025-02-25
RV006533,O014175,C04133,2,Packaging issue,2026-03-29
RV006534,O037090,C05594,5,Fresh products,2024-12-25
RV006535,O029050,C01470,5,Excellent quality,2026-02-20
RV006536,O023513,C00258,4,Nice packaging,2026-05-14
RV006537,O028445,C01147,1,Damaged product,2025-11-09
RV006538,O014296,C01901,5,Excellent quality,2026-02-15
RV006539,O037850,C08999,5,Fresh products,2025-12-28
RV006540,O023382,C08735,5,Fast delivery,2025-08-28
RV006541,O020223,C08785,5,Excellent quality,2026-04-26
RV006542,O011560,C04976,5,Excellent quality,2024-10-20
RV006543,O000174,C01105,5,Highly recommended,2026-08-03
RV006544,O022905,C00734,5,Highly recommended,2025-03-23
RV006545,O032680,C08303,5,Highly recommended,2025-03-21
RV006546,O019892,C02804,3,Average experience,2025-02-23
RV006547,O024092,C07301,2,Packaging issue,2025-10-24
RV006548,O001222,C03281,5,Excellent quality,2025-01-27
RV006549,O033969,C08647,2,Late delivery,2025-05-06
RV006550,O029817,C07207,5,Fresh products,2025-03-30
RV006551,O027506,C00795,5,Highly recommended,2026-06-28
RV006552,O022235,C04772,5,Highly recommended,2025-04-14
RV006553,O001774,C09378,5,Excellent quality,2024-12-20
RV006554,O007626,C03600,5,Fast delivery,2025-07-05
RV006555,O023380,C07855,2,Product quality below expectations,2025-08-22
RV006556,O008900,C01956,3,Could be better,2026-07-06
RV006557,O024166,C07720,4,Satisfied,2024-09-20
RV006558,O030991,C04944,1,Very disappointed,2026-01-18
RV006559,O006797,C01883,2,Product quality below expectations,2025-08-31
RV006560,O019810,C08414,5,Very satisfied,2025-01-16
RV006561,O008270,C00837,5,Very satisfied,2025-10-29
RV006562,O003592,C04862,3,Delivery was okay,2025-10-27
RV006563,O026060,C05021,4,Nice packaging,2025-05-07
RV006564,O030368,C01108,5,Very satisfied,2025-08-14
RV006565,O021677,C06244,5,Fresh products,2025-01-28
RV006566,O009670,C08924,5,Fast delivery,2024-10-25
RV006567,O002136,C01814,4,Satisfied,2025-07-04
RV006568,O038266,C01109,5,Fresh products,2025-08-25
RV006569,O029846,C04992,5,Fast delivery,2025-06-04
RV006570,O008870,C02724,3,Could be better,2024-08-05
RV006571,O013477,C00463,2,Late delivery,2024-10-11
RV006572,O016659,C05811,5,Excellent quality,2025-04-02
RV006573,O036105,C05766,5,Highly recommended,2026-04-04
RV006574,O019021,C05708,1,Wrong item received,2026-03-21
RV006575,O028136,C02094,4,Satisfied,2025-06-25
RV006576,O029252,C02924,5,Very satisfied,2025-07-26
RV006577,O029932,C05945,5,Highly recommended,2026-07-22
RV006578,O028497,C09391,5,Fast delivery,2025-03-09
RV006579,O023991,C06935,5,Fast delivery,2026-02-20
RV006580,O006587,C01573,5,Fresh products,2025-02-25
RV006581,O027485,C07508,5,Fresh products,2024-09-12
RV006582,O034362,C02515,5,Fresh products,2025-05-09
RV006583,O030653,C01789,5,Very satisfied,2025-06-20
RV006584,O037278,C09071,5,Excellent quality,2024-09-09
RV006585,O025462,C02502,5,Fresh products,2026-03-13
RV006586,O027788,C04713,5,Fast delivery,2025-08-29
RV006587,O029543,C05499,1,Damaged product,2025-12-07
RV006588,O011473,C03871,4,Satisfied,2024-12-22
RV006589,O025803,C04768,4,Value for money,2026-04-25
RV006590,O014831,C04138,4,Value for money,2025-10-30
RV006591,O025339,C08815,1,Wrong item received,2026-01-09
RV006592,O013914,C00676,5,Fast delivery,2025-06-03
RV006593,O036403,C06185,4,Nice packaging,2025-07-05
RV006594,O038415,C01599,5,Fresh products,2026-01-26
RV006595,O004833,C01366,4,Nice packaging,2025-07-01
RV006596,O021363,C03097,5,Very satisfied,2024-08-05
RV006597,O024181,C05441,4,Nice packaging,2025-09-18
RV006598,O031201,C02941,5,Very satisfied,2024-12-21
RV006599,O023465,C07690,5,Very satisfied,2024-12-24
RV006600,O013510,C01596,5,Highly recommended,2024-12-08
RV006601,O039189,C07554,4,Nice packaging,2025-03-21
RV006602,O030790,C08719,3,Average experience,2026-01-23
RV006603,O009950,C07634,3,Average experience,2026-04-16
RV006604,O031306,C01319,5,Fast delivery,2024-09-11
RV006605,O016709,C08606,4,Value for money,2026-03-15
RV006606,O028984,C02120,4,Nice packaging,2025-04-16
RV006607,O031431,C02530,2,Packaging issue,2025-02-17
RV006608,O018706,C08949,5,Fast delivery,2024-09-07
RV006609,O013161,C07699,4,Value for money,2025-07-27
RV006610,O025008,C07008,5,Fresh products,2025-08-06
RV006611,O035573,C01620,2,Packaging issue,2025-11-25
RV006612,O035631,C05655,5,Fresh products,2025-03-07
RV006613,O035707,C04914,3,Could be better,2025-04-27
RV006614,O010087,C02989,5,Fresh products,2025-01-01
RV006615,O020737,C07585,5,Very satisfied,2025-05-24
RV006616,O037244,C06404,2,Product quality below expectations,2025-12-06
RV006617,O014545,C09013,5,Fast delivery,2026-03-27
RV006618,O024174,C08986,2,Late delivery,2025-02-03
RV006619,O000950,C05786,4,Value for money,2024-08-23
RV006620,O037172,C00618,4,Value for money,2025-12-13
RV006621,O023992,C06240,5,Excellent quality,2026-03-29
RV006622,O034730,C04913,5,Fresh products,2024-11-25
RV006623,O017285,C03142,5,Fast delivery,2026-06-02
RV006624,O030072,C02337,5,Fresh products,2025-05-13
RV006625,O019549,C06847,5,Fresh products,2024-08-26
RV006626,O006105,C05442,3,Average experience,2025-03-17
RV006627,O005472,C01652,1,Very disappointed,2026-01-30
RV006628,O037957,C04940,5,Excellent quality,2026-03-05
RV006629,O026003,C00049,5,Very satisfied,2026-02-11
RV006630,O007925,C00038,2,Late delivery,2026-06-13
RV006631,O012549,C00756,5,Fast delivery,2025-03-19
RV006632,O026215,C06156,5,Fresh products,2026-07-08
RV006633,O023297,C09357,5,Fresh products,2024-08-04
RV006634,O033055,C02347,5,Very satisfied,2024-09-11
RV006635,O018955,C03844,5,Excellent quality,2025-03-04
RV006636,O007039,C08816,4,Good service,2025-08-02
RV006637,O025828,C03637,5,Fast delivery,2026-02-07
RV006638,O020087,C04998,5,Fast delivery,2025-04-12
RV006639,O032411,C08019,5,Excellent quality,2026-04-11
RV006640,O001335,C07624,2,Late delivery,2025-07-04
RV006641,O004745,C00529,5,Fast delivery,2025-06-14
RV006642,O013157,C09492,4,Satisfied,2026-01-23
RV006643,O036639,C08527,4,Value for money,2025-10-19
RV006644,O009920,C00236,4,Good service,2024-11-14
RV006645,O031195,C02387,5,Fresh products,2024-09-26
RV006646,O033491,C08538,3,Average experience,2025-03-14
RV006647,O010141,C07176,4,Nice packaging,2026-05-16
RV006648,O038995,C00259,5,Very satisfied,2024-08-25
RV006649,O023981,C03859,1,Wrong item received,2026-01-02
RV006650,O026406,C07797,5,Fast delivery,2026-03-05
RV006651,O018913,C05610,5,Excellent quality,2024-12-26
RV006652,O022191,C04544,5,Fresh products,2026-02-22
RV006653,O033104,C06568,2,Late delivery,2025-03-12
RV006654,O018428,C09235,1,Damaged product,2025-07-16
RV006655,O031753,C05654,2,Late delivery,2024-11-07
RV006656,O030280,C04430,5,Fresh products,2025-12-29
RV006657,O002079,C04287,4,Value for money,2025-01-15
RV006658,O006696,C04876,1,Very disappointed,2025-02-11
RV006659,O013410,C03277,5,Very satisfied,2026-06-06
RV006660,O008940,C09901,5,Fresh products,2025-04-25
RV006661,O033589,C06208,5,Fast delivery,2026-01-05
RV006662,O039548,C08694,5,Fresh products,2024-11-23
RV006663,O002505,C08085,5,Fresh products,2026-01-28
RV006664,O007257,C05103,5,Highly recommended,2026-04-21
RV006665,O021296,C05536,5,Excellent quality,2026-05-19
RV006666,O034081,C06946,4,Value for money,2025-05-13
RV006667,O030880,C00071,5,Fresh products,2024-11-21
RV006668,O011047,C03940,5,Excellent quality,2026-04-03
RV006669,O038752,C09205,4,Nice packaging,2025-07-15
RV006670,O015247,C01073,4,Nice packaging,2025-11-05
RV006671,O038660,C04780,5,Fast delivery,2024-10-23
RV006672,O034211,C02171,5,Excellent quality,2024-11-21
RV006673,O019787,C09552,5,Fast delivery,2026-06-14
RV006674,O008221,C01430,5,Highly recommended,2025-08-22
RV006675,O026747,C09147,5,Excellent quality,2025-07-15
RV006676,O025358,C07423,2,Late delivery,2024-09-25
RV006677,O015058,C01025,5,Highly recommended,2024-08-27
RV006678,O000340,C03931,3,Could be better,2024-09-05
RV006679,O008170,C04595,3,Delivery was okay,2025-11-05
RV006680,O009609,C00384,4,Value for money,2024-08-27
RV006681,O033998,C04693,1,Damaged product,2025-04-03
RV006682,O039417,C08290,5,Highly recommended,2026-03-14
RV006683,O004628,C04811,5,Highly recommended,2025-01-09
RV006684,O009720,C07690,4,Nice packaging,2024-11-03
RV006685,O004926,C08326,5,Excellent quality,2025-05-02
RV006686,O039715,C04140,4,Value for money,2025-02-02
RV006687,O013706,C00808,4,Nice packaging,2025-10-05
RV006688,O017711,C01988,5,Very satisfied,2026-05-15
RV006689,O019090,C04088,5,Fast delivery,2025-09-14
RV006690,O028890,C06045,1,Very disappointed,2026-04-24
RV006691,O000313,C02989,5,Very satisfied,2025-05-03
RV006692,O029411,C07847,3,Average experience,2024-08-14
RV006693,O030718,C05386,5,Excellent quality,2026-05-30
RV006694,O031734,C06450,3,Average experience,2024-10-11
RV006695,O029889,C04570,2,Packaging issue,2026-07-29
RV006696,O006080,C05825,5,Very satisfied,2026-05-08
RV006697,O035029,C05844,4,Value for money,2026-02-19
RV006698,O038040,C08381,5,Excellent quality,2026-02-13
RV006699,O025228,C00880,4,Good service,2025-07-13
RV006700,O008841,C09405,2,Product quality below expectations,2025-11-15
RV006701,O029576,C01145,4,Satisfied,2024-10-19
RV006702,O033481,C07469,5,Very satisfied,2024-09-07
RV006703,O007633,C01114,5,Fresh products,2024-10-11
RV006704,O022125,C02683,3,Delivery was okay,2025-12-24
RV006705,O023517,C07903,5,Very satisfied,2026-04-07
RV006706,O007560,C06762,5,Fresh products,2025-01-28
RV006707,O022749,C07745,4,Value for money,2025-10-20
RV006708,O034090,C00098,5,Fast delivery,2024-10-16
RV006709,O010397,C01232,2,Packaging issue,2026-01-07
RV006710,O015014,C01139,5,Highly recommended,2024-09-20
RV006711,O034672,C06230,5,Highly recommended,2025-07-27
RV006712,O022153,C04508,4,Nice packaging,2025-04-02
RV006713,O037320,C07714,1,Wrong item received,2025-01-09
RV006714,O020272,C07401,5,Very satisfied,2026-05-08
RV006715,O000769,C09333,5,Highly recommended,2025-12-30
RV006716,O031445,C01979,5,Fast delivery,2026-02-02
RV006717,O033681,C01766,2,Late delivery,2026-01-18
RV006718,O022296,C05109,5,Excellent quality,2026-02-14
RV006719,O019358,C09614,5,Excellent quality,2025-12-01
RV006720,O002069,C09902,3,Could be better,2025-08-17
RV006721,O006620,C00932,1,Very disappointed,2026-05-29
RV006722,O030493,C08047,5,Very satisfied,2024-10-11
RV006723,O035745,C08108,5,Fast delivery,2025-07-29
RV006724,O039643,C05534,1,Wrong item received,2025-01-17
RV006725,O028836,C01680,3,Could be better,2026-06-26
RV006726,O024072,C08440,3,Could be better,2025-02-06
RV006727,O006395,C00750,5,Highly recommended,2024-10-18
RV006728,O021375,C02713,4,Value for money,2026-02-27
RV006729,O012200,C05197,4,Nice packaging,2024-09-22
RV006730,O015506,C09694,1,Damaged product,2025-12-09
RV006731,O036785,C00649,3,Delivery was okay,2025-04-12
RV006732,O015092,C06018,5,Excellent quality,2025-04-23
RV006733,O020042,C09478,4,Nice packaging,2025-05-30
RV006734,O004140,C07451,5,Very satisfied,2025-11-13
RV006735,O010015,C06648,5,Fast delivery,2026-05-28
RV006736,O017387,C08989,5,Very satisfied,2026-05-19
RV006737,O001691,C00942,2,Late delivery,2025-07-15
RV006738,O031310,C03789,5,Fast delivery,2025-11-07
RV006739,O020152,C05856,4,Nice packaging,2025-11-02
RV006740,O031921,C09101,4,Nice packaging,2026-07-07
RV006741,O003402,C06133,5,Excellent quality,2025-11-30
RV006742,O019201,C03471,5,Excellent quality,2025-06-20
RV006743,O006751,C07886,4,Good service,2026-04-24
RV006744,O031302,C08874,5,Fast delivery,2025-03-19
RV006745,O007505,C04634,5,Fresh products,2024-12-11
RV006746,O005110,C03770,5,Very satisfied,2025-10-13
RV006747,O008040,C07453,5,Highly recommended,2025-10-10
RV006748,O015110,C04573,3,Average experience,2024-09-27
RV006749,O003258,C00616,5,Excellent quality,2025-08-03
RV006750,O017083,C07951,5,Fresh products,2025-01-10
RV006751,O009304,C03666,5,Highly recommended,2026-03-20
RV006752,O027269,C08240,5,Fresh products,2024-08-05
RV006753,O010563,C04487,3,Average experience,2024-09-10
RV006754,O031648,C04460,3,Could be better,2024-07-31
RV006755,O014370,C08246,4,Nice packaging,2025-05-22
RV006756,O036050,C06953,5,Fresh products,2024-08-18
RV006757,O003670,C08751,4,Nice packaging,2026-01-14
RV006758,O004260,C05979,3,Could be better,2025-09-22
RV006759,O019791,C07533,2,Product quality below expectations,2025-08-04
RV006760,O010934,C08524,5,Very satisfied,2025-10-23
RV006761,O017605,C09529,1,Very disappointed,2026-06-01
RV006762,O031515,C06166,5,Excellent quality,2025-01-08
RV006763,O031455,C07926,4,Nice packaging,2025-01-31
RV006764,O002736,C02262,5,Fresh products,2025-03-18
RV006765,O009016,C01474,5,Excellent quality,2025-01-25
RV006766,O001746,C03872,5,Very satisfied,2025-12-30
RV006767,O039896,C00312,5,Excellent quality,2024-09-21
RV006768,O007450,C02117,5,Fresh products,2025-01-15
RV006769,O009344,C05676,5,Very satisfied,2026-07-03
RV006770,O021682,C09314,4,Good service,2026-03-12
RV006771,O025241,C01583,5,Fresh products,2025-02-04
RV006772,O022121,C05727,4,Nice packaging,2024-10-04
RV006773,O002172,C03899,5,Fast delivery,2025-05-28
RV006774,O037462,C00774,5,Fresh products,2026-05-12
RV006775,O039610,C03722,4,Good service,2026-03-23
RV006776,O001600,C01231,1,Very disappointed,2026-02-12
RV006777,O025480,C02990,3,Average experience,2026-01-14
RV006778,O014794,C07390,4,Good service,2025-01-31
RV006779,O015948,C04057,4,Value for money,2026-01-05
RV006780,O036169,C00313,5,Fresh products,2026-01-02
RV006781,O033812,C02646,3,Delivery was okay,2025-01-28
RV006782,O017112,C04010,5,Excellent quality,2024-10-08
RV006783,O011532,C08050,4,Satisfied,2025-11-28
RV006784,O014002,C05578,5,Fast delivery,2026-01-27
RV006785,O031036,C06206,3,Average experience,2026-06-18
RV006786,O026002,C00481,5,Very satisfied,2025-09-07
RV006787,O029406,C02612,5,Fresh products,2024-08-20
RV006788,O022950,C04865,5,Fast delivery,2026-02-13
RV006789,O011268,C09539,3,Delivery was okay,2025-06-28
RV006790,O036655,C04932,5,Fast delivery,2026-04-25
RV006791,O017958,C02280,3,Could be better,2024-11-16
RV006792,O008488,C07188,4,Nice packaging,2026-06-22
RV006793,O012597,C04963,3,Average experience,2025-03-27
RV006794,O004988,C02725,5,Fast delivery,2025-04-22
RV006795,O019693,C01213,5,Very satisfied,2024-09-05
RV006796,O013604,C00432,4,Nice packaging,2026-03-16
RV006797,O020764,C07950,2,Product quality below expectations,2024-09-07
RV006798,O024482,C03809,3,Delivery was okay,2025-11-06
RV006799,O016518,C09829,2,Late delivery,2026-01-12
RV006800,O003044,C06047,5,Highly recommended,2024-08-27
RV006801,O024202,C00521,5,Fresh products,2026-07-07
RV006802,O000435,C07301,5,Highly recommended,2026-03-09
RV006803,O016315,C02260,5,Fresh products,2025-05-08
RV006804,O018361,C00510,4,Good service,2024-09-02
RV006805,O011699,C05494,1,Wrong item received,2025-03-17
RV006806,O007066,C07649,5,Fresh products,2024-11-24
RV006807,O004711,C08213,5,Excellent quality,2025-05-22
RV006808,O012332,C03528,5,Fast delivery,2024-11-10
RV006809,O025106,C01556,5,Very satisfied,2025-07-30
RV006810,O018888,C05304,5,Highly recommended,2024-11-08
RV006811,O038150,C04717,5,Fast delivery,2025-06-06
RV006812,O000155,C09082,5,Very satisfied,2025-08-26
RV006813,O028164,C07616,5,Fresh products,2024-08-20
RV006814,O016107,C06171,4,Good service,2026-05-13
RV006815,O005822,C00331,4,Nice packaging,2024-10-16
RV006816,O039614,C05291,5,Excellent quality,2024-10-30
RV006817,O037301,C04426,5,Excellent quality,2024-09-11
RV006818,O012745,C01663,5,Excellent quality,2025-10-16
RV006819,O020709,C08354,5,Fast delivery,2025-11-09
RV006820,O038705,C06404,5,Fast delivery,2026-02-27
RV006821,O025967,C00575,4,Good service,2026-05-29
RV006822,O000534,C00490,4,Value for money,2025-04-15
RV006823,O018062,C02081,5,Highly recommended,2025-03-24
RV006824,O028403,C00433,5,Very satisfied,2026-03-17
RV006825,O025963,C00444,5,Highly recommended,2024-10-13
RV006826,O007459,C02119,4,Good service,2026-07-04
RV006827,O014359,C08110,4,Nice packaging,2026-05-14
RV006828,O017957,C06857,5,Very satisfied,2025-05-07
RV006829,O014698,C03454,4,Satisfied,2026-06-24
RV006830,O002122,C04711,2,Late delivery,2025-11-24
RV006831,O020006,C07973,2,Late delivery,2025-03-08
RV006832,O030180,C03186,4,Satisfied,2025-06-07
RV006833,O038601,C03531,4,Satisfied,2025-06-16
RV006834,O000041,C02446,4,Good service,2026-02-06
RV006835,O031259,C01394,5,Fast delivery,2024-12-06
RV006836,O016605,C06193,5,Highly recommended,2024-11-13
RV006837,O028693,C01929,3,Could be better,2025-02-07
RV006838,O035455,C06547,4,Satisfied,2024-12-25
RV006839,O005243,C03579,3,Could be better,2025-02-07
RV006840,O023571,C01064,3,Delivery was okay,2025-03-27
RV006841,O015641,C09036,4,Good service,2026-01-13
RV006842,O003711,C01369,4,Satisfied,2025-12-21
RV006843,O034996,C03256,3,Could be better,2026-07-31
RV006844,O004102,C01475,4,Value for money,2025-05-08
RV006845,O017306,C04527,5,Fast delivery,2026-04-02
RV006846,O030687,C05072,3,Average experience,2025-05-04
RV006847,O032520,C08476,5,Very satisfied,2024-10-19
RV006848,O013485,C03851,5,Excellent quality,2026-01-06
RV006849,O032902,C04063,4,Value for money,2025-11-25
RV006850,O025753,C02548,5,Fresh products,2026-01-22
RV006851,O020858,C06492,5,Excellent quality,2026-06-06
RV006852,O035447,C01310,5,Fresh products,2026-07-23
RV006853,O036157,C07700,5,Fast delivery,2026-04-16
RV006854,O012930,C00806,2,Product quality below expectations,2024-11-02
RV006855,O038970,C01317,3,Delivery was okay,2026-03-30
RV006856,O026554,C05973,5,Fast delivery,2025-05-11
RV006857,O026944,C09350,5,Highly recommended,2026-03-23
RV006858,O015675,C06279,5,Very satisfied,2025-03-15
RV006859,O037246,C04081,3,Average experience,2025-11-02
RV006860,O026132,C05147,5,Excellent quality,2026-04-12
RV006861,O032109,C07973,5,Highly recommended,2026-02-25
RV006862,O036602,C05062,2,Late delivery,2026-06-14
RV006863,O026614,C08886,5,Fresh products,2025-02-13
RV006864,O031966,C02161,4,Satisfied,2025-06-10
RV006865,O024662,C09114,2,Late delivery,2026-04-08
RV006866,O018946,C05705,5,Very satisfied,2025-10-17
RV006867,O027185,C07847,4,Nice packaging,2026-01-24
RV006868,O002798,C05001,5,Very satisfied,2026-01-21
RV006869,O015273,C04060,5,Very satisfied,2025-07-26
RV006870,O013758,C04447,5,Fast delivery,2025-02-28
RV006871,O016039,C06934,5,Very satisfied,2025-12-16
RV006872,O020249,C08262,5,Very satisfied,2024-08-03
RV006873,O017995,C09220,4,Value for money,2026-06-14
RV006874,O023841,C01612,3,Could be better,2026-05-04
RV006875,O032593,C00472,5,Excellent quality,2025-01-09
RV006876,O000632,C06294,3,Average experience,2026-04-19
RV006877,O034123,C07490,4,Good service,2025-12-24
RV006878,O002160,C01062,2,Late delivery,2025-08-29
RV006879,O004434,C04957,2,Late delivery,2025-06-05
RV006880,O039518,C02739,5,Very satisfied,2026-01-02
RV006881,O010571,C09583,4,Value for money,2025-01-31
RV006882,O019650,C03802,2,Late delivery,2025-09-12
RV006883,O002018,C05385,5,Excellent quality,2025-07-09
RV006884,O022277,C06355,5,Excellent quality,2025-04-27
RV006885,O009833,C03727,4,Satisfied,2025-02-23
RV006886,O039654,C05672,5,Very satisfied,2025-01-07
RV006887,O012342,C02065,5,Fresh products,2024-08-12
RV006888,O010928,C06693,4,Value for money,2025-12-24
RV006889,O032019,C03331,4,Value for money,2025-06-05
RV006890,O001126,C09438,5,Excellent quality,2026-04-28
RV006891,O011226,C03348,5,Fast delivery,2025-11-06
RV006892,O032047,C05657,4,Value for money,2026-01-12
RV006893,O039502,C02151,5,Fast delivery,2025-12-30
RV006894,O025270,C07197,5,Highly recommended,2026-05-11
RV006895,O024669,C01840,5,Highly recommended,2025-05-30
RV006896,O001149,C04826,5,Highly recommended,2026-01-20
RV006897,O032445,C03083,4,Good service,2025-11-09
RV006898,O034118,C04389,5,Very satisfied,2025-09-21
RV006899,O001858,C01300,5,Very satisfied,2024-08-30
RV006900,O028904,C08346,5,Excellent quality,2025-04-13
RV006901,O020650,C04344,3,Delivery was okay,2024-12-19
RV006902,O034240,C03635,4,Value for money,2026-06-11
RV006903,O037995,C07315,4,Satisfied,2026-06-20
RV006904,O002999,C04955,1,Damaged product,2025-07-27
RV006905,O019097,C02307,5,Excellent quality,2025-09-30
RV006906,O007277,C09200,4,Satisfied,2026-03-31
RV006907,O011508,C08871,5,Fresh products,2026-08-05
RV006908,O004598,C01284,5,Fresh products,2025-12-16
RV006909,O038608,C00455,1,Very disappointed,2026-07-25
RV006910,O033193,C04784,5,Excellent quality,2025-02-10
RV006911,O027152,C02293,4,Satisfied,2025-07-06
RV006912,O036429,C07986,5,Fast delivery,2025-06-26
RV006913,O015349,C07642,5,Excellent quality,2026-01-05
RV006914,O023805,C03222,5,Very satisfied,2025-08-25
RV006915,O036409,C09932,4,Nice packaging,2026-03-17
RV006916,O023162,C00810,5,Excellent quality,2025-04-05
RV006917,O010447,C07323,5,Excellent quality,2026-04-23
RV006918,O003334,C07548,4,Good service,2025-09-01
RV006919,O022900,C05360,5,Excellent quality,2026-07-17
RV006920,O033316,C09001,5,Excellent quality,2026-07-17
RV006921,O016657,C01029,5,Fresh products,2025-09-14
RV006922,O018563,C01655,5,Excellent quality,2026-04-13
RV006923,O000264,C07187,3,Could be better,2025-03-12
RV006924,O029616,C03061,5,Excellent quality,2024-11-26
RV006925,O039744,C09449,5,Fast delivery,2026-07-22
RV006926,O028540,C08834,4,Nice packaging,2025-10-13
RV006927,O011450,C08641,2,Late delivery,2025-04-05
RV006928,O018461,C00296,4,Satisfied,2024-11-09
RV006929,O025736,C01002,5,Excellent quality,2026-05-28
RV006930,O007787,C08430,5,Excellent quality,2025-09-11
RV006931,O004082,C00644,5,Very satisfied,2026-02-22
RV006932,O012228,C03181,5,Fresh products,2026-05-04
RV006933,O009612,C09790,5,Fresh products,2026-04-10
RV006934,O013755,C01894,5,Fresh products,2025-07-28
RV006935,O036574,C04403,5,Very satisfied,2025-09-10
RV006936,O006652,C06674,4,Good service,2025-10-13
RV006937,O009965,C05400,5,Highly recommended,2026-05-01
RV006938,O020989,C08738,5,Fast delivery,2026-02-05
RV006939,O039324,C06986,5,Excellent quality,2025-02-05
RV006940,O003087,C09384,5,Highly recommended,2024-08-12
RV006941,O029029,C06272,5,Very satisfied,2025-08-18
RV006942,O030874,C04661,4,Value for money,2024-10-05
RV006943,O031513,C02191,4,Good service,2025-04-26
RV006944,O029899,C00628,5,Fresh products,2025-07-08
RV006945,O001811,C06230,4,Value for money,2026-05-08
RV006946,O034221,C06820,4,Satisfied,2025-09-18
RV006947,O004843,C07472,3,Average experience,2026-04-12
RV006948,O037725,C07407,5,Highly recommended,2026-04-06
RV006949,O009824,C06246,4,Good service,2026-02-22
RV006950,O036003,C00098,2,Late delivery,2025-05-05
RV006951,O024801,C01842,5,Fast delivery,2026-05-15
RV006952,O034559,C07359,5,Fast delivery,2024-09-23
RV006953,O005830,C01501,5,Very satisfied,2025-05-09
RV006954,O017009,C06510,4,Nice packaging,2025-12-01
RV006955,O027396,C05617,5,Excellent quality,2024-08-13
RV006956,O019958,C01665,4,Satisfied,2026-04-10
RV006957,O002884,C06631,5,Fresh products,2026-03-29
RV006958,O016950,C07605,2,Packaging issue,2025-10-04
RV006959,O022892,C04152,5,Excellent quality,2024-08-26
RV006960,O025644,C07559,5,Highly recommended,2024-09-13
RV006961,O020606,C05522,5,Fast delivery,2026-05-14
RV006962,O014417,C05372,5,Very satisfied,2026-03-04
RV006963,O023075,C09303,4,Satisfied,2025-01-15
RV006964,O024228,C09832,5,Highly recommended,2025-03-29
RV006965,O016641,C04734,3,Average experience,2025-12-04
RV006966,O006493,C00750,5,Highly recommended,2025-03-23
RV006967,O018855,C00574,3,Delivery was okay,2024-11-27
RV006968,O019277,C09071,3,Delivery was okay,2026-02-12
RV006969,O031600,C07650,5,Fresh products,2026-06-21
RV006970,O015595,C08516,5,Highly recommended,2025-03-17
RV006971,O002894,C06301,5,Excellent quality,2024-11-17
RV006972,O013327,C02648,4,Satisfied,2026-03-28
RV006973,O007302,C07897,5,Fresh products,2026-04-17
RV006974,O031677,C01495,5,Fresh products,2025-01-01
RV006975,O024294,C02163,5,Fast delivery,2025-09-01
RV006976,O032183,C05146,5,Excellent quality,2025-11-23
RV006977,O018295,C04415,5,Very satisfied,2025-11-07
RV006978,O014908,C04897,5,Fresh products,2026-02-07
RV006979,O034057,C00120,5,Excellent quality,2025-11-21
RV006980,O003929,C01192,4,Value for money,2025-01-27
RV006981,O024254,C03058,4,Satisfied,2026-04-08
RV006982,O037322,C03072,2,Product quality below expectations,2024-12-03
RV006983,O010638,C04122,5,Excellent quality,2026-07-29
RV006984,O014271,C02860,5,Fresh products,2024-12-02
RV006985,O025911,C01615,4,Nice packaging,2026-06-20
RV006986,O027629,C02856,5,Excellent quality,2024-11-14
RV006987,O002047,C09879,5,Fast delivery,2026-05-09
RV006988,O023448,C02230,3,Average experience,2025-02-02
RV006989,O020725,C03161,5,Highly recommended,2026-03-07
RV006990,O023156,C06835,2,Late delivery,2024-10-03
RV006991,O031019,C07240,4,Satisfied,2024-09-03
RV006992,O039463,C04117,5,Excellent quality,2024-08-30
RV006993,O032754,C02493,5,Fast delivery,2024-12-19
RV006994,O028698,C02787,5,Highly recommended,2025-07-07
RV006995,O033431,C09270,4,Value for money,2024-08-13
RV006996,O003022,C08973,4,Good service,2024-08-26
RV006997,O021817,C04766,3,Could be better,2024-10-30
RV006998,O018196,C08016,5,Fresh products,2025-10-04
RV006999,O005580,C04151,1,Wrong item received,2024-08-03
RV007000,O012976,C09571,5,Very satisfied,2025-12-02
RV007001,O002032,C06829,5,Fresh products,2025-07-11
RV007002,O008124,C07681,5,Highly recommended,2026-02-28
RV007003,O023409,C01750,4,Good service,2025-06-01
RV007004,O034622,C03483,4,Satisfied,2025-12-07
RV007005,O004660,C08918,4,Good service,2025-01-03
RV007006,O011869,C04866,4,Satisfied,2026-06-30
RV007007,O002992,C01205,4,Nice packaging,2025-07-11
RV007008,O021861,C03191,4,Nice packaging,2025-07-25
RV007009,O030358,C01958,5,Very satisfied,2024-12-21
RV007010,O014235,C09864,5,Highly recommended,2025-04-23
RV007011,O036780,C08098,5,Very satisfied,2026-05-11
RV007012,O035200,C02830,5,Highly recommended,2025-03-26
RV007013,O003139,C06122,4,Value for money,2024-09-07
RV007014,O014537,C01323,5,Highly recommended,2026-02-02
RV007015,O015696,C07402,3,Could be better,2026-02-05
RV007016,O010747,C06225,5,Fast delivery,2025-03-31
RV007017,O019071,C09994,1,Very disappointed,2026-02-24
RV007018,O029872,C09769,4,Satisfied,2026-03-02
RV007019,O026694,C07182,4,Good service,2025-11-08
RV007020,O024529,C00357,4,Value for money,2024-09-20
RV007021,O026828,C03797,4,Nice packaging,2024-08-03
RV007022,O005884,C04109,5,Very satisfied,2024-10-03
RV007023,O014917,C04949,5,Fast delivery,2026-05-11
RV007024,O003730,C04903,5,Fresh products,2026-04-11
RV007025,O016263,C05138,5,Fresh products,2026-07-03
RV007026,O020381,C00102,5,Fresh products,2025-05-06
RV007027,O024946,C00731,5,Excellent quality,2025-07-12
RV007028,O016487,C07327,2,Late delivery,2026-05-21
RV007029,O025585,C06928,5,Very satisfied,2024-11-12
RV007030,O025647,C07827,5,Fast delivery,2025-06-19
RV007031,O009105,C05605,5,Highly recommended,2025-06-12
RV007032,O007666,C07385,4,Good service,2025-02-26
RV007033,O015921,C02860,4,Nice packaging,2025-06-25
RV007034,O035224,C03427,5,Excellent quality,2026-04-08
RV007035,O003020,C04008,4,Nice packaging,2025-03-13
RV007036,O003188,C05948,5,Highly recommended,2024-12-26
RV007037,O001225,C01682,3,Average experience,2024-11-21
RV007038,O013209,C00678,3,Average experience,2025-11-20
RV007039,O034569,C05285,4,Value for money,2026-06-02
RV007040,O030783,C09882,5,Very satisfied,2026-06-29
RV007041,O010136,C04984,5,Excellent quality,2025-03-04
RV007042,O032040,C08963,3,Delivery was okay,2026-06-09
RV007043,O022876,C09257,4,Value for money,2025-09-26
RV007044,O014997,C02689,5,Very satisfied,2025-08-13
RV007045,O020930,C02035,4,Satisfied,2025-03-15
RV007046,O032812,C02368,2,Late delivery,2025-05-31
RV007047,O003916,C07906,5,Fresh products,2025-06-08
RV007048,O021548,C07683,5,Fast delivery,2024-08-04
RV007049,O011440,C05655,5,Excellent quality,2025-09-22
RV007050,O003429,C07198,5,Excellent quality,2026-05-21
RV007051,O025405,C06243,3,Could be better,2025-05-05
RV007052,O002546,C02859,5,Fresh products,2025-08-30
RV007053,O035919,C08841,4,Nice packaging,2024-12-01
RV007054,O023110,C08484,4,Nice packaging,2025-08-29
RV007055,O010233,C00415,4,Nice packaging,2025-01-18
RV007056,O023767,C01875,5,Fresh products,2026-03-15
RV007057,O002919,C08495,2,Packaging issue,2024-12-25
RV007058,O002263,C04640,2,Product quality below expectations,2025-05-12
RV007059,O019161,C04133,3,Could be better,2025-02-20
RV007060,O020883,C09496,5,Fast delivery,2025-02-26
RV007061,O005512,C03752,4,Nice packaging,2024-11-07
RV007062,O021992,C02000,5,Very satisfied,2025-08-06
RV007063,O035178,C03993,5,Fresh products,2025-10-07
RV007064,O017510,C05092,1,Damaged product,2025-09-23
RV007065,O034441,C02753,5,Excellent quality,2025-02-11
RV007066,O021926,C07487,5,Excellent quality,2026-01-20
RV007067,O011255,C09420,5,Fresh products,2025-03-27
RV007068,O007322,C02305,5,Excellent quality,2026-05-11
RV007069,O016608,C05257,4,Nice packaging,2026-03-16
RV007070,O034357,C05227,5,Very satisfied,2024-09-16
RV007071,O017277,C09976,5,Very satisfied,2025-09-25
RV007072,O015703,C01425,5,Fresh products,2025-05-12
RV007073,O015724,C03000,5,Fresh products,2025-10-06
RV007074,O025598,C09689,5,Fresh products,2026-05-27
RV007075,O013066,C06481,5,Fast delivery,2025-08-21
RV007076,O018516,C06704,4,Nice packaging,2026-05-17
RV007077,O008627,C02507,4,Satisfied,2025-07-29
RV007078,O034516,C08492,5,Excellent quality,2024-08-29
RV007079,O029800,C07970,5,Very satisfied,2025-09-18
RV007080,O038380,C04070,5,Fast delivery,2025-10-27
RV007081,O034807,C07329,5,Highly recommended,2026-04-17
RV007082,O015854,C03950,4,Nice packaging,2026-07-26
RV007083,O027985,C02843,4,Value for money,2025-04-03
RV007084,O011180,C01148,3,Delivery was okay,2025-12-20
RV007085,O032489,C07297,2,Product quality below expectations,2026-03-08
RV007086,O010927,C02184,4,Value for money,2025-08-16
RV007087,O035851,C02028,5,Fresh products,2025-08-28
RV007088,O021834,C03633,5,Fast delivery,2024-12-04
RV007089,O032518,C00808,5,Highly recommended,2025-07-24
RV007090,O000129,C05500,2,Late delivery,2024-10-04
RV007091,O020483,C08528,3,Could be better,2025-08-14
RV007092,O014078,C06559,4,Nice packaging,2025-06-01
RV007093,O019722,C00205,4,Good service,2025-12-15
RV007094,O012521,C03328,4,Nice packaging,2025-02-17
RV007095,O021162,C06004,5,Fast delivery,2025-08-09
RV007096,O016397,C01395,5,Highly recommended,2025-05-02
RV007097,O014301,C05718,3,Delivery was okay,2026-01-20
RV007098,O007913,C04293,4,Good service,2024-11-14
RV007099,O028024,C00860,4,Good service,2025-07-08
RV007100,O018506,C06024,4,Nice packaging,2025-07-28
RV007101,O009265,C09280,3,Could be better,2026-04-24
RV007102,O003016,C07642,3,Delivery was okay,2024-12-31
RV007103,O014200,C05958,5,Fast delivery,2025-10-29
RV007104,O030185,C05218,5,Fresh products,2025-04-22
RV007105,O030560,C01326,5,Very satisfied,2026-06-17
RV007106,O026791,C02528,5,Fast delivery,2024-12-27
RV007107,O028916,C06597,5,Fresh products,2025-04-28
RV007108,O029628,C03476,5,Fast delivery,2026-04-23
RV007109,O022883,C01131,5,Very satisfied,2026-07-20
RV007110,O023529,C03140,5,Highly recommended,2024-09-07
RV007111,O023143,C05705,4,Good service,2024-11-19
RV007112,O017070,C06460,2,Product quality below expectations,2025-10-05
RV007113,O027063,C00553,5,Fast delivery,2025-08-25
RV007114,O033333,C09197,4,Good service,2024-09-03
RV007115,O008723,C00568,2,Late delivery,2024-11-11
RV007116,O005139,C01742,3,Could be better,2024-11-10
RV007117,O011491,C07180,4,Value for money,2024-10-30
RV007118,O000347,C07397,5,Very satisfied,2025-09-24
RV007119,O021710,C08694,5,Highly recommended,2026-07-05
RV007120,O035966,C08795,5,Highly recommended,2026-01-31
RV007121,O002444,C00265,1,Damaged product,2025-04-23
RV007122,O016960,C05082,5,Highly recommended,2025-10-28
RV007123,O014179,C03424,5,Excellent quality,2025-05-11
RV007124,O007582,C08939,5,Fast delivery,2024-11-11
RV007125,O029991,C01099,5,Excellent quality,2026-03-13
RV007126,O016117,C04544,5,Fast delivery,2024-10-05
RV007127,O019168,C02946,1,Very disappointed,2024-11-17
RV007128,O023257,C09053,2,Packaging issue,2024-10-16
RV007129,O037125,C03545,4,Good service,2025-08-17
RV007130,O009063,C07154,5,Highly recommended,2025-12-14
RV007131,O012146,C01913,5,Excellent quality,2025-07-16
RV007132,O016838,C05002,5,Excellent quality,2026-04-11
RV007133,O001825,C03192,4,Satisfied,2025-12-31
RV007134,O015762,C02115,4,Nice packaging,2026-03-31
RV007135,O002073,C04310,4,Good service,2026-03-22
RV007136,O035662,C02223,4,Nice packaging,2025-01-29
RV007137,O023050,C07416,4,Value for money,2024-11-19
RV007138,O003351,C02611,5,Fresh products,2026-07-26
RV007139,O001541,C02222,5,Fast delivery,2024-10-01
RV007140,O016584,C08438,4,Nice packaging,2025-01-25
RV007141,O005040,C01136,3,Delivery was okay,2026-07-11
RV007142,O005971,C09454,4,Value for money,2025-05-16
RV007143,O034654,C09422,5,Excellent quality,2025-07-14
RV007144,O031015,C02715,5,Fresh products,2026-02-23
RV007145,O021753,C04692,4,Satisfied,2024-11-13
RV007146,O004383,C06630,5,Very satisfied,2025-03-15
RV007147,O039229,C08295,2,Product quality below expectations,2026-04-07
RV007148,O006894,C05937,5,Fresh products,2026-05-10
RV007149,O020917,C02437,4,Nice packaging,2026-01-27
RV007150,O008847,C09913,5,Excellent quality,2025-11-25
RV007151,O012300,C07686,5,Highly recommended,2026-07-05
RV007152,O006912,C07143,5,Very satisfied,2026-03-27
RV007153,O020116,C09311,4,Nice packaging,2026-05-21
RV007154,O010374,C02509,5,Fresh products,2024-12-16
RV007155,O005306,C09729,5,Fresh products,2025-06-04
RV007156,O004819,C02572,5,Excellent quality,2025-05-05
RV007157,O023635,C06001,5,Excellent quality,2025-01-02
RV007158,O030810,C01824,5,Very satisfied,2025-09-12
RV007159,O015953,C06588,5,Very satisfied,2026-02-11
RV007160,O026186,C08641,5,Fresh products,2024-09-13
RV007161,O015726,C06217,5,Excellent quality,2026-04-25
RV007162,O024316,C08917,2,Product quality below expectations,2025-03-10
RV007163,O003274,C08048,4,Nice packaging,2025-09-12
RV007164,O028002,C04525,3,Delivery was okay,2026-05-28
RV007165,O010873,C07003,5,Highly recommended,2026-03-26
RV007166,O038678,C09444,5,Highly recommended,2024-08-27
RV007167,O002013,C05762,5,Very satisfied,2025-09-07
RV007168,O020449,C09036,4,Good service,2024-12-08
RV007169,O014310,C03654,4,Good service,2025-04-04
RV007170,O007407,C06267,5,Highly recommended,2025-02-05
RV007171,O000864,C00838,4,Satisfied,2024-12-20
RV007172,O034223,C00847,5,Very satisfied,2026-01-07
RV007173,O020676,C07286,3,Average experience,2025-09-30
RV007174,O036002,C05903,5,Very satisfied,2026-02-13
RV007175,O013590,C04532,5,Excellent quality,2026-06-05
RV007176,O002980,C07981,5,Fast delivery,2025-10-28
RV007177,O024778,C02046,2,Packaging issue,2025-06-20
RV007178,O036066,C03902,2,Late delivery,2025-01-20
RV007179,O034565,C06445,5,Fast delivery,2024-08-13
RV007180,O009800,C05727,3,Delivery was okay,2025-03-28
RV007181,O019214,C05906,5,Very satisfied,2025-07-23
RV007182,O012376,C08891,4,Value for money,2024-08-15
RV007183,O005556,C01583,4,Nice packaging,2026-02-27
RV007184,O005021,C08606,2,Late delivery,2025-09-26
RV007185,O013533,C01145,5,Fast delivery,2025-02-02
RV007186,O036909,C02964,5,Highly recommended,2025-05-12
RV007187,O007548,C08798,4,Good service,2026-03-22
RV007188,O002920,C03257,5,Excellent quality,2025-05-25
RV007189,O013187,C08877,5,Highly recommended,2025-02-10
RV007190,O013538,C04202,5,Fresh products,2025-08-17
RV007191,O019322,C01947,1,Damaged product,2025-06-13
RV007192,O012968,C07398,4,Value for money,2024-10-13
RV007193,O038619,C03867,5,Fresh products,2025-08-26
RV007194,O014695,C02663,5,Fresh products,2025-01-17
RV007195,O015404,C06309,4,Good service,2026-05-21
RV007196,O010712,C00674,5,Fast delivery,2024-08-20
RV007197,O005201,C00466,5,Highly recommended,2026-01-20
RV007198,O031839,C02030,4,Value for money,2026-08-02
RV007199,O019179,C08559,4,Value for money,2026-02-11
RV007200,O017507,C04931,3,Delivery was okay,2024-11-21
RV007201,O005515,C02429,4,Satisfied,2025-08-01
RV007202,O002145,C08399,5,Fresh products,2025-03-03
RV007203,O006392,C03675,5,Fast delivery,2024-11-12
RV007204,O000752,C06869,5,Very satisfied,2024-10-23
RV007205,O015313,C04845,3,Delivery was okay,2024-11-06
RV007206,O026820,C06106,5,Excellent quality,2026-05-08
RV007207,O015318,C08665,4,Satisfied,2026-05-27
RV007208,O021802,C06753,5,Excellent quality,2026-05-23
RV007209,O012823,C07705,5,Very satisfied,2025-03-15
RV007210,O011776,C03839,5,Fast delivery,2025-02-08
RV007211,O032942,C02805,2,Packaging issue,2026-04-29
RV007212,O029337,C06714,5,Excellent quality,2026-03-25
RV007213,O011102,C04629,5,Fresh products,2026-04-02
RV007214,O001112,C05657,4,Good service,2025-08-14
RV007215,O011391,C09666,5,Excellent quality,2024-09-27
RV007216,O009590,C07716,5,Fast delivery,2025-09-09
RV007217,O037039,C08713,5,Fast delivery,2026-07-19
RV007218,O024207,C09604,5,Fast delivery,2026-04-29
RV007219,O035274,C05757,4,Value for money,2026-06-27
RV007220,O034375,C02131,5,Highly recommended,2025-12-31
RV007221,O013035,C00284,3,Delivery was okay,2025-01-09
RV007222,O008524,C02011,5,Fresh products,2025-03-13
RV007223,O006949,C02858,5,Highly recommended,2025-04-17
RV007224,O019485,C01132,5,Excellent quality,2024-08-29
RV007225,O005487,C09009,4,Value for money,2025-06-07
RV007226,O025126,C00998,4,Value for money,2025-05-18
RV007227,O000227,C04463,4,Value for money,2024-11-16
RV007228,O014894,C06345,5,Very satisfied,2025-11-14
RV007229,O012797,C03470,5,Highly recommended,2025-12-25
RV007230,O006251,C09458,5,Highly recommended,2025-02-19
RV007231,O032308,C07518,5,Fast delivery,2025-04-04
RV007232,O031767,C07902,5,Highly recommended,2026-07-11
RV007233,O021694,C00226,3,Could be better,2026-07-21
RV007234,O018556,C05465,4,Satisfied,2026-07-04
RV007235,O021759,C02343,5,Fresh products,2026-02-08
RV007236,O027448,C06075,4,Satisfied,2025-04-22
RV007237,O035796,C02496,5,Highly recommended,2024-11-09
RV007238,O013973,C09706,5,Fast delivery,2025-08-24
RV007239,O009370,C03806,3,Delivery was okay,2026-07-25
RV007240,O022802,C06173,4,Good service,2026-02-28
RV007241,O004748,C00319,5,Highly recommended,2025-11-26
RV007242,O004177,C06176,5,Excellent quality,2025-04-16
RV007243,O016896,C00120,5,Highly recommended,2025-01-16
RV007244,O022325,C09886,4,Good service,2026-03-22
RV007245,O001396,C05021,5,Very satisfied,2025-08-22
RV007246,O014197,C04885,2,Packaging issue,2025-06-11
RV007247,O031528,C08245,4,Good service,2025-05-06
RV007248,O029838,C06899,4,Value for money,2025-11-08
RV007249,O021241,C04183,4,Nice packaging,2026-03-23
RV007250,O015286,C04931,4,Good service,2025-03-09
RV007251,O010194,C07838,4,Nice packaging,2025-10-23
RV007252,O015923,C06224,5,Fast delivery,2026-02-04
RV007253,O021585,C05893,3,Could be better,2025-02-09
RV007254,O006615,C01953,5,Fast delivery,2025-09-30
RV007255,O001540,C05620,4,Good service,2025-06-19
RV007256,O017950,C03212,5,Excellent quality,2025-06-07
RV007257,O021387,C09549,4,Satisfied,2026-07-09
RV007258,O014723,C01904,5,Excellent quality,2025-07-19
RV007259,O018253,C04167,4,Value for money,2025-04-06
RV007260,O033416,C01506,5,Fast delivery,2026-01-25
RV007261,O005144,C04101,4,Nice packaging,2025-07-26
RV007262,O037299,C00598,5,Excellent quality,2026-03-07
RV007263,O011251,C05569,5,Very satisfied,2024-12-20
RV007264,O015170,C09117,5,Fresh products,2024-09-20
RV007265,O036799,C06897,4,Good service,2025-07-20
RV007266,O014213,C08063,5,Highly recommended,2024-11-08
RV007267,O010452,C00858,5,Fresh products,2025-12-20
RV007268,O003774,C03780,4,Good service,2026-02-21
RV007269,O014524,C06718,4,Satisfied,2024-08-18
RV007270,O003884,C07295,5,Fast delivery,2024-08-05
RV007271,O024244,C06216,5,Highly recommended,2025-03-08
RV007272,O031542,C09534,4,Nice packaging,2024-11-10
RV007273,O002437,C02428,5,Fast delivery,2024-11-04
RV007274,O018055,C06644,3,Could be better,2024-10-26
RV007275,O026797,C01809,4,Nice packaging,2024-08-05
RV007276,O033489,C04460,4,Nice packaging,2026-04-04
RV007277,O004669,C01487,4,Nice packaging,2026-04-05
RV007278,O039432,C03385,5,Excellent quality,2024-11-20
RV007279,O006523,C03053,4,Value for money,2024-09-06
RV007280,O009671,C05302,5,Very satisfied,2026-07-09
RV007281,O013323,C09684,4,Satisfied,2025-12-11
RV007282,O031312,C03705,3,Delivery was okay,2025-01-22
RV007283,O027295,C06892,5,Fast delivery,2025-08-23
RV007284,O016588,C06168,4,Satisfied,2025-10-19
RV007285,O026553,C06855,5,Highly recommended,2025-11-21
RV007286,O032755,C02604,4,Satisfied,2025-12-24
RV007287,O028653,C02178,4,Value for money,2025-12-22
RV007288,O022757,C00096,1,Very disappointed,2025-07-09
RV007289,O036797,C06003,5,Very satisfied,2024-12-29
RV007290,O007908,C09024,5,Excellent quality,2026-05-27
RV007291,O013859,C07513,5,Highly recommended,2026-02-19
RV007292,O011263,C06458,5,Excellent quality,2025-01-19
RV007293,O027146,C00663,4,Nice packaging,2025-08-11
RV007294,O022740,C05653,4,Value for money,2026-05-22
RV007295,O022966,C01406,5,Fresh products,2025-05-15
RV007296,O007266,C04346,5,Very satisfied,2026-06-16
RV007297,O012380,C09091,5,Fresh products,2025-02-08
RV007298,O005675,C05538,5,Excellent quality,2025-01-17
RV007299,O022302,C04379,2,Product quality below expectations,2025-08-19
RV007300,O025070,C00478,4,Value for money,2025-04-15
RV007301,O011644,C04508,5,Fresh products,2025-01-03
RV007302,O006050,C02796,3,Average experience,2025-07-23
RV007303,O002602,C04510,5,Highly recommended,2024-10-16
RV007304,O005910,C03364,5,Highly recommended,2026-06-10
RV007305,O007678,C04258,4,Good service,2026-02-04
RV007306,O038903,C08757,5,Fast delivery,2025-03-05
RV007307,O022531,C00027,1,Wrong item received,2025-08-01
RV007308,O025354,C06863,5,Fresh products,2025-02-27
RV007309,O023968,C08970,5,Very satisfied,2025-05-10
RV007310,O007674,C09000,4,Value for money,2025-07-19
RV007311,O000505,C07563,5,Fresh products,2024-11-27
RV007312,O022105,C04258,4,Satisfied,2025-09-27
RV007313,O015670,C09261,5,Excellent quality,2025-12-22
RV007314,O024847,C08862,5,Highly recommended,2025-06-20
RV007315,O003143,C02241,5,Fresh products,2026-03-10
RV007316,O000599,C01294,4,Nice packaging,2025-02-28
RV007317,O006759,C07225,4,Satisfied,2025-03-01
RV007318,O006927,C04140,4,Good service,2025-10-07
RV007319,O021251,C05543,4,Nice packaging,2026-04-11
RV007320,O035213,C03964,5,Very satisfied,2026-07-25
RV007321,O018354,C03356,5,Excellent quality,2024-08-13
RV007322,O002231,C02904,5,Very satisfied,2025-07-27
RV007323,O029389,C09588,4,Nice packaging,2025-08-17
RV007324,O034903,C01547,3,Could be better,2026-06-01
RV007325,O026476,C01133,5,Fast delivery,2025-06-22
RV007326,O004782,C00461,3,Could be better,2025-10-16
RV007327,O039095,C02849,2,Product quality below expectations,2025-09-11
RV007328,O013855,C03316,5,Fresh products,2026-04-13
RV007329,O037879,C03151,5,Fast delivery,2025-08-13
RV007330,O033023,C00383,1,Wrong item received,2024-10-16
RV007331,O018077,C04796,5,Fast delivery,2024-11-30
RV007332,O036133,C05360,5,Excellent quality,2025-10-18
RV007333,O032068,C08406,4,Good service,2026-07-25
RV007334,O030053,C04535,2,Late delivery,2026-06-18
RV007335,O031813,C07297,5,Fresh products,2024-10-22
RV007336,O024115,C04994,4,Good service,2025-10-01
RV007337,O005569,C02095,5,Fast delivery,2026-03-17
RV007338,O013801,C06863,5,Very satisfied,2025-03-06
RV007339,O025433,C06780,5,Fast delivery,2025-02-24
RV007340,O019454,C07508,4,Value for money,2025-09-01
RV007341,O009031,C03020,5,Very satisfied,2025-04-29
RV007342,O024374,C09223,5,Fresh products,2025-11-06
RV007343,O021051,C03281,5,Highly recommended,2025-09-27
RV007344,O005255,C01096,2,Late delivery,2025-02-04
RV007345,O024583,C04443,5,Very satisfied,2024-11-06
RV007346,O004670,C03172,4,Nice packaging,2024-11-11
RV007347,O024798,C01128,1,Wrong item received,2025-12-07
RV007348,O011871,C09073,4,Good service,2025-10-10
RV007349,O012150,C06338,5,Excellent quality,2026-04-21
RV007350,O028897,C05733,5,Highly recommended,2026-01-16
RV007351,O006546,C02976,5,Fast delivery,2024-12-25
RV007352,O016168,C05739,5,Excellent quality,2024-08-18
RV007353,O024080,C05115,3,Average experience,2026-03-01
RV007354,O008813,C05087,5,Excellent quality,2026-04-15
RV007355,O007784,C08546,5,Very satisfied,2025-01-13
RV007356,O010649,C08751,1,Wrong item received,2025-09-14
RV007357,O038506,C01294,3,Average experience,2026-04-24
RV007358,O039603,C01270,5,Excellent quality,2025-03-05
RV007359,O035861,C00691,4,Nice packaging,2025-07-20
RV007360,O026916,C08775,5,Very satisfied,2025-08-28
RV007361,O008984,C06012,5,Very satisfied,2025-10-16
RV007362,O003463,C05758,5,Fast delivery,2024-08-15
RV007363,O020943,C06328,5,Highly recommended,2024-12-27
RV007364,O033587,C08530,5,Very satisfied,2026-06-03
RV007365,O019700,C09125,5,Fast delivery,2025-09-07
RV007366,O034684,C04726,5,Fast delivery,2026-03-23
RV007367,O035933,C05982,4,Value for money,2025-10-23
RV007368,O009733,C04052,4,Satisfied,2026-03-07
RV007369,O035040,C08751,5,Excellent quality,2024-08-21
RV007370,O022921,C03067,5,Fast delivery,2025-07-27
RV007371,O000277,C00012,5,Highly recommended,2025-03-12
RV007372,O035497,C09948,2,Late delivery,2025-06-19
RV007373,O011150,C03849,4,Value for money,2026-04-24
RV007374,O026524,C07973,5,Excellent quality,2026-04-13
RV007375,O003637,C08958,5,Fast delivery,2026-02-16
RV007376,O027831,C05265,4,Good service,2025-10-30
RV007377,O038483,C00022,5,Highly recommended,2026-02-20
RV007378,O029804,C04422,5,Fresh products,2025-06-17
RV007379,O003231,C02740,5,Very satisfied,2026-02-12
RV007380,O036325,C07896,4,Value for money,2026-05-09
RV007381,O014746,C00113,5,Very satisfied,2026-03-04
RV007382,O024449,C03079,5,Fast delivery,2025-05-01
RV007383,O030577,C08974,4,Satisfied,2026-01-05
RV007384,O035058,C05066,5,Highly recommended,2025-01-03
RV007385,O021070,C01527,5,Fast delivery,2024-12-25
RV007386,O000151,C08700,5,Very satisfied,2024-11-09
RV007387,O028629,C00314,4,Satisfied,2025-08-17
RV007388,O034137,C08083,5,Very satisfied,2025-06-02
RV007389,O009925,C01721,4,Good service,2026-03-25
RV007390,O000759,C05955,5,Fast delivery,2024-10-23
RV007391,O018190,C03705,5,Highly recommended,2026-03-17
RV007392,O013065,C02234,5,Fresh products,2025-04-28
RV007393,O009272,C09132,5,Fast delivery,2025-05-17
RV007394,O021916,C00944,3,Could be better,2026-02-18
RV007395,O016593,C05237,5,Very satisfied,2025-11-20
RV007396,O016902,C03712,5,Fast delivery,2024-08-11
RV007397,O036460,C00241,5,Excellent quality,2026-06-25
RV007398,O023294,C04486,4,Satisfied,2025-08-18
RV007399,O019660,C07693,4,Nice packaging,2026-07-05
RV007400,O012915,C04286,5,Excellent quality,2025-06-16
RV007401,O037600,C05010,5,Very satisfied,2025-12-12
RV007402,O014729,C07904,5,Excellent quality,2025-07-16
RV007403,O012723,C00938,4,Satisfied,2026-03-12
RV007404,O026796,C05183,5,Fresh products,2025-11-16
RV007405,O029079,C04991,5,Fast delivery,2025-01-04
RV007406,O008891,C06857,3,Could be better,2026-04-23
RV007407,O024211,C01274,5,Fast delivery,2025-11-12
RV007408,O035112,C05094,5,Highly recommended,2025-03-05
RV007409,O018076,C09618,5,Excellent quality,2026-03-27
RV007410,O031118,C03683,4,Nice packaging,2026-04-23
RV007411,O025929,C00136,4,Value for money,2026-01-13
RV007412,O037981,C03033,5,Highly recommended,2024-10-08
RV007413,O025302,C06003,5,Fast delivery,2025-09-08
RV007414,O001564,C00899,4,Nice packaging,2024-11-02
RV007415,O016155,C04238,4,Nice packaging,2024-09-13
RV007416,O031690,C04073,5,Highly recommended,2024-11-30
RV007417,O037391,C09263,5,Excellent quality,2025-06-11
RV007418,O006646,C05363,5,Highly recommended,2026-03-13
RV007419,O011299,C04982,5,Fast delivery,2026-05-23
RV007420,O001724,C01742,1,Very disappointed,2025-02-04
RV007421,O031364,C09168,5,Fast delivery,2026-01-22
RV007422,O019731,C01830,5,Fresh products,2025-06-18
RV007423,O020222,C09162,5,Excellent quality,2025-04-05
RV007424,O025347,C01919,5,Very satisfied,2025-05-10
RV007425,O006625,C02968,5,Fresh products,2026-03-19
RV007426,O022080,C00839,1,Very disappointed,2026-04-11
RV007427,O009023,C08458,5,Fast delivery,2025-03-22
RV007428,O001926,C09408,5,Highly recommended,2025-09-02
RV007429,O030643,C00484,5,Very satisfied,2025-02-27
RV007430,O026888,C00726,5,Excellent quality,2026-07-26
RV007431,O007100,C01369,5,Fresh products,2025-08-14
RV007432,O015682,C03604,5,Highly recommended,2025-07-18
RV007433,O017693,C02953,5,Fresh products,2025-01-26
RV007434,O008489,C09446,4,Nice packaging,2026-05-21
RV007435,O004098,C04184,4,Value for money,2025-07-06
RV007436,O005063,C08478,5,Highly recommended,2026-04-01
RV007437,O002766,C00880,5,Fresh products,2025-05-10
RV007438,O015890,C04959,4,Value for money,2024-11-28
RV007439,O032679,C08619,5,Fast delivery,2025-07-24
RV007440,O023042,C08850,5,Excellent quality,2026-02-01
RV007441,O022347,C00719,5,Highly recommended,2025-07-23
RV007442,O032984,C00825,4,Value for money,2025-02-03
RV007443,O028083,C01766,5,Fast delivery,2026-02-25
RV007444,O007591,C01581,5,Highly recommended,2025-09-14
RV007445,O038878,C01364,4,Nice packaging,2024-10-23
RV007446,O002502,C08663,4,Nice packaging,2025-08-18
RV007447,O023486,C01297,5,Excellent quality,2025-07-05
RV007448,O004021,C04572,5,Fresh products,2025-12-05
RV007449,O025264,C04703,5,Highly recommended,2025-12-15
RV007450,O030335,C06323,4,Nice packaging,2024-12-19
RV007451,O022165,C03425,5,Fast delivery,2024-11-25
RV007452,O037914,C00649,2,Product quality below expectations,2025-10-12
RV007453,O016309,C09451,4,Value for money,2025-01-19
RV007454,O034272,C01878,5,Highly recommended,2024-08-08
RV007455,O030842,C02295,4,Nice packaging,2025-10-11
RV007456,O002448,C03586,2,Late delivery,2026-04-25
RV007457,O035737,C08693,4,Good service,2026-03-10
RV007458,O033452,C03810,3,Average experience,2025-05-14
RV007459,O028203,C02001,5,Excellent quality,2025-12-22
RV007460,O035053,C03272,2,Product quality below expectations,2026-03-02
RV007461,O002200,C06070,5,Highly recommended,2025-12-06
RV007462,O027014,C09846,4,Satisfied,2025-12-28
RV007463,O015987,C08251,5,Highly recommended,2026-07-14
RV007464,O007183,C05153,5,Excellent quality,2026-07-28
RV007465,O018539,C06133,5,Fast delivery,2025-10-18
RV007466,O008763,C07971,5,Fast delivery,2024-09-30
RV007467,O032914,C04802,5,Very satisfied,2026-02-11
RV007468,O002908,C02317,3,Delivery was okay,2025-01-11
RV007469,O019648,C00302,5,Excellent quality,2025-03-23
RV007470,O016098,C04593,5,Highly recommended,2025-08-25
RV007471,O009553,C05869,4,Value for money,2026-01-28
RV007472,O000357,C07255,4,Value for money,2024-08-16
RV007473,O028198,C02232,5,Fresh products,2026-05-28
RV007474,O011189,C04816,5,Excellent quality,2024-11-12
RV007475,O015848,C00686,5,Fast delivery,2024-08-17
RV007476,O021028,C05521,4,Satisfied,2026-02-02
RV007477,O005030,C03146,5,Fresh products,2025-10-03
RV007478,O026832,C03045,5,Very satisfied,2025-10-30
RV007479,O025947,C04728,5,Excellent quality,2025-03-07
RV007480,O037170,C02861,5,Excellent quality,2026-05-14
RV007481,O033305,C09860,5,Highly recommended,2024-10-13
RV007482,O007594,C07676,2,Late delivery,2024-11-15
RV007483,O004900,C02770,3,Could be better,2026-07-19
RV007484,O030856,C02291,5,Fast delivery,2025-04-28
RV007485,O004301,C00836,5,Fast delivery,2025-03-09
RV007486,O029759,C02792,5,Excellent quality,2025-03-26
RV007487,O022154,C02269,5,Excellent quality,2026-06-16
RV007488,O034002,C01013,4,Satisfied,2025-06-15
RV007489,O006557,C08434,5,Excellent quality,2025-09-20
RV007490,O008160,C09274,5,Excellent quality,2024-12-02
RV007491,O016336,C04794,5,Very satisfied,2025-10-01
RV007492,O034262,C07653,5,Very satisfied,2026-06-18
RV007493,O036274,C07427,4,Good service,2026-07-31
RV007494,O005259,C02471,3,Average experience,2025-03-03
RV007495,O012439,C00985,4,Satisfied,2025-11-28
RV007496,O026621,C08374,4,Good service,2025-09-21
RV007497,O007152,C08078,5,Highly recommended,2024-08-04
RV007498,O007655,C04289,5,Fast delivery,2025-11-23
RV007499,O006446,C09996,4,Good service,2026-07-17
RV007500,O008819,C04835,4,Good service,2025-12-24
RV007501,O025170,C01122,5,Fresh products,2025-12-22
RV007502,O027369,C04098,3,Delivery was okay,2026-06-22
RV007503,O010557,C09387,3,Delivery was okay,2025-09-19
RV007504,O024040,C01902,2,Product quality below expectations,2026-05-15
RV007505,O004081,C03379,4,Good service,2024-11-03
RV007506,O007928,C04381,4,Nice packaging,2025-12-27
RV007507,O031707,C01965,3,Average experience,2026-06-29
RV007508,O031635,C00816,5,Very satisfied,2026-01-30
RV007509,O036151,C08186,5,Excellent quality,2025-03-31
RV007510,O029285,C00007,4,Value for money,2025-02-02
RV007511,O038809,C04216,5,Highly recommended,2025-05-22
RV007512,O031409,C03590,5,Excellent quality,2025-07-31
RV007513,O006506,C04301,4,Good service,2026-05-25
RV007514,O015782,C05735,4,Value for money,2024-10-10
RV007515,O008609,C00744,2,Late delivery,2025-08-02
RV007516,O023987,C04244,3,Average experience,2026-03-01
RV007517,O000877,C08616,5,Very satisfied,2024-09-22
RV007518,O008889,C00192,5,Fresh products,2026-05-29
RV007519,O038138,C08237,4,Satisfied,2026-07-29
RV007520,O039507,C03343,5,Fast delivery,2025-03-09
RV007521,O014172,C01342,4,Value for money,2025-11-19
RV007522,O038750,C05006,5,Very satisfied,2025-10-19
RV007523,O006821,C07048,4,Nice packaging,2025-06-28
RV007524,O016832,C00405,4,Satisfied,2025-03-11
RV007525,O008346,C00430,5,Very satisfied,2024-10-18
RV007526,O004157,C04113,5,Fresh products,2025-10-15
RV007527,O027241,C07416,5,Fresh products,2026-04-12
RV007528,O005619,C06848,5,Fresh products,2025-06-12
RV007529,O012440,C00030,5,Excellent quality,2025-12-12
RV007530,O030969,C06371,2,Late delivery,2025-05-18
RV007531,O034538,C08378,4,Nice packaging,2026-03-28
RV007532,O008563,C03734,4,Value for money,2025-11-06
RV007533,O036536,C01391,3,Average experience,2026-01-05
RV007534,O001333,C08798,5,Fresh products,2026-04-20
RV007535,O026064,C02270,5,Fresh products,2026-04-13
RV007536,O013484,C07500,2,Packaging issue,2026-03-21
RV007537,O012320,C04906,5,Highly recommended,2026-06-30
RV007538,O034678,C07952,5,Highly recommended,2025-02-20
RV007539,O015268,C04691,4,Value for money,2026-03-19
RV007540,O008342,C07605,5,Fast delivery,2026-01-26
RV007541,O023455,C04993,5,Highly recommended,2025-05-10
RV007542,O027711,C03705,4,Value for money,2024-12-27
RV007543,O030373,C08010,3,Delivery was okay,2024-11-02
RV007544,O001729,C00055,5,Fresh products,2026-07-10
RV007545,O030194,C07849,5,Fast delivery,2026-04-23
RV007546,O037056,C09478,4,Value for money,2025-11-22
RV007547,O023524,C03668,4,Value for money,2025-09-18
RV007548,O025952,C00807,4,Satisfied,2025-08-11
RV007549,O028900,C03594,5,Excellent quality,2025-11-27
RV007550,O004694,C04474,3,Could be better,2024-12-29
RV007551,O028561,C03774,4,Value for money,2025-12-04
RV007552,O031396,C07649,4,Nice packaging,2025-08-08
RV007553,O004390,C09176,5,Highly recommended,2025-04-24
RV007554,O029725,C06821,5,Fresh products,2024-11-21
RV007555,O039532,C09297,4,Value for money,2024-08-08
RV007556,O013456,C05874,2,Product quality below expectations,2026-03-26
RV007557,O013573,C02349,5,Fast delivery,2025-11-07
RV007558,O017667,C09466,5,Fast delivery,2025-09-08
RV007559,O027779,C03018,4,Satisfied,2026-05-24
RV007560,O025999,C04351,4,Nice packaging,2025-03-25
RV007561,O016883,C03333,5,Fast delivery,2025-07-12
RV007562,O031173,C03958,4,Nice packaging,2024-12-23
RV007563,O007831,C03256,5,Excellent quality,2024-07-30
RV007564,O010752,C02480,4,Satisfied,2025-12-17
RV007565,O024349,C05378,4,Satisfied,2026-04-06
RV007566,O039257,C01804,5,Fast delivery,2025-03-30
RV007567,O005412,C04365,5,Very satisfied,2026-01-30
RV007568,O022184,C02001,4,Value for money,2025-10-13
RV007569,O009580,C03219,5,Fresh products,2026-02-05
RV007570,O011092,C02781,3,Average experience,2025-03-08
RV007571,O038920,C08117,5,Highly recommended,2025-10-13
RV007572,O033150,C04636,4,Good service,2025-01-12
RV007573,O035668,C08391,4,Good service,2026-02-14
RV007574,O036744,C03199,2,Packaging issue,2026-06-05
RV007575,O012834,C02513,4,Satisfied,2026-02-13
RV007576,O029136,C06786,5,Fast delivery,2025-04-19
RV007577,O008390,C06229,5,Fast delivery,2025-08-19
RV007578,O023158,C09751,2,Product quality below expectations,2025-10-20
RV007579,O017068,C05040,1,Wrong item received,2025-12-13
RV007580,O006895,C02856,4,Nice packaging,2025-09-02
RV007581,O004351,C03939,1,Wrong item received,2025-01-04
RV007582,O011213,C02141,2,Packaging issue,2025-02-01
RV007583,O031172,C03556,5,Excellent quality,2026-04-04
RV007584,O036498,C02171,4,Value for money,2024-10-17
RV007585,O020287,C06269,5,Very satisfied,2025-03-20
RV007586,O012863,C02343,2,Product quality below expectations,2025-10-13
RV007587,O030957,C00620,4,Satisfied,2025-07-06
RV007588,O021269,C03211,5,Highly recommended,2025-06-27
RV007589,O005065,C01432,2,Late delivery,2025-12-04
RV007590,O029516,C00719,5,Very satisfied,2025-04-16
RV007591,O022281,C00107,4,Satisfied,2025-06-02
RV007592,O017705,C03475,5,Excellent quality,2024-10-05
RV007593,O032554,C07112,5,Fast delivery,2025-01-19
RV007594,O033444,C05519,4,Nice packaging,2025-09-07
RV007595,O039773,C06503,3,Average experience,2024-09-29
RV007596,O017710,C08428,4,Satisfied,2026-05-17
RV007597,O006981,C02543,1,Damaged product,2025-10-31
RV007598,O003858,C07077,5,Fast delivery,2025-08-29
RV007599,O016819,C00794,5,Fast delivery,2025-02-13
RV007600,O004554,C03224,4,Satisfied,2024-11-03
RV007601,O010977,C01779,4,Satisfied,2026-04-22
RV007602,O004289,C07749,4,Nice packaging,2025-09-14
RV007603,O019620,C03631,5,Fresh products,2026-05-18
RV007604,O030389,C09049,5,Excellent quality,2026-04-09
RV007605,O022707,C00935,5,Excellent quality,2025-10-15
RV007606,O035987,C02712,5,Highly recommended,2025-12-29
RV007607,O031550,C08671,5,Very satisfied,2025-11-20
RV007608,O012679,C09708,4,Satisfied,2025-01-14
RV007609,O034140,C01133,2,Packaging issue,2026-02-21
RV007610,O012208,C00757,5,Highly recommended,2026-07-04
RV007611,O009648,C01889,4,Satisfied,2025-12-07
RV007612,O012053,C08789,5,Excellent quality,2025-03-30
RV007613,O006341,C04739,5,Very satisfied,2025-01-30
RV007614,O014267,C08600,5,Highly recommended,2025-11-11
RV007615,O017276,C08391,5,Highly recommended,2026-01-18
RV007616,O006509,C03598,3,Average experience,2026-05-28
RV007617,O012248,C07287,4,Value for money,2025-02-15
RV007618,O026432,C07919,4,Nice packaging,2026-06-11
RV007619,O005831,C01018,5,Highly recommended,2025-06-19
RV007620,O021705,C07255,2,Late delivery,2024-10-14
RV007621,O038543,C01666,5,Very satisfied,2024-12-21
RV007622,O003503,C03020,5,Excellent quality,2025-12-10
RV007623,O025155,C04764,5,Fresh products,2025-05-02
RV007624,O020539,C00219,5,Highly recommended,2025-11-29
RV007625,O022694,C07495,5,Fresh products,2026-04-03
RV007626,O015479,C03044,4,Value for money,2026-04-11
RV007627,O037235,C06390,5,Fresh products,2024-10-31
RV007628,O028122,C05582,5,Very satisfied,2025-07-24
RV007629,O011500,C02044,5,Excellent quality,2024-10-01
RV007630,O020812,C04859,4,Value for money,2026-03-20
RV007631,O026352,C01854,4,Value for money,2026-04-13
RV007632,O013126,C00513,1,Very disappointed,2026-03-19
RV007633,O023067,C00664,2,Packaging issue,2025-11-07
RV007634,O035798,C01609,2,Packaging issue,2025-03-17
RV007635,O035232,C02481,3,Delivery was okay,2024-11-11
RV007636,O006161,C05442,2,Packaging issue,2025-07-23
RV007637,O030262,C07302,5,Fresh products,2026-07-17
RV007638,O039884,C05196,2,Packaging issue,2026-04-19
RV007639,O002280,C00330,5,Fresh products,2026-07-08
RV007640,O025863,C04574,5,Very satisfied,2025-12-09
RV007641,O036388,C02883,4,Satisfied,2026-01-03
RV007642,O009368,C05729,5,Fast delivery,2025-02-11
RV007643,O011314,C04976,5,Highly recommended,2026-04-17
RV007644,O034960,C07741,4,Value for money,2024-11-14
RV007645,O019438,C01069,2,Product quality below expectations,2026-03-03
RV007646,O036116,C00763,3,Could be better,2025-11-10
RV007647,O001891,C09104,4,Good service,2025-08-12
RV007648,O018325,C07619,5,Fast delivery,2025-10-08
RV007649,O023929,C02734,5,Highly recommended,2025-06-15
RV007650,O029594,C08403,5,Fresh products,2024-09-01
RV007651,O032418,C07205,4,Satisfied,2026-03-16
RV007652,O037042,C09603,5,Fresh products,2024-08-06
RV007653,O021696,C06815,4,Satisfied,2025-12-11
RV007654,O032272,C08889,4,Nice packaging,2026-05-20
RV007655,O001195,C08240,4,Nice packaging,2025-09-10
RV007656,O026481,C08743,3,Delivery was okay,2025-01-28
RV007657,O022937,C03997,4,Good service,2025-08-12
RV007658,O006803,C07510,5,Fresh products,2025-08-04
RV007659,O031906,C09848,5,Fresh products,2025-02-14
RV007660,O026500,C06193,4,Good service,2026-05-23
RV007661,O020797,C05091,4,Value for money,2024-11-06
RV007662,O031056,C04389,4,Good service,2025-08-21
RV007663,O004998,C03770,5,Very satisfied,2024-12-13
RV007664,O035245,C05608,5,Very satisfied,2026-01-13
RV007665,O038232,C01581,5,Very satisfied,2025-06-02
RV007666,O027803,C08717,5,Fresh products,2024-11-01
RV007667,O009939,C08783,5,Fresh products,2025-08-22
RV007668,O029595,C01096,5,Very satisfied,2024-10-11
RV007669,O008415,C09906,5,Fast delivery,2025-02-24
RV007670,O030167,C00207,5,Fresh products,2026-01-05
RV007671,O033335,C02389,5,Fast delivery,2025-02-15
RV007672,O010130,C06759,5,Very satisfied,2025-10-01
RV007673,O021284,C01909,5,Highly recommended,2025-07-14
RV007674,O031915,C09362,4,Value for money,2026-04-15
RV007675,O000047,C03256,4,Good service,2025-08-19
RV007676,O002034,C09565,5,Fast delivery,2025-05-27
RV007677,O031784,C05856,5,Fresh products,2025-03-04
RV007678,O034886,C07091,4,Good service,2025-05-06
RV007679,O018900,C09129,3,Delivery was okay,2025-03-02
RV007680,O017316,C03137,5,Excellent quality,2024-09-12
RV007681,O001725,C05234,4,Good service,2026-07-03
RV007682,O016093,C02043,5,Highly recommended,2024-08-25
RV007683,O014601,C01091,5,Fast delivery,2025-06-06
RV007684,O010540,C09864,2,Packaging issue,2024-09-03
RV007685,O015504,C01327,5,Fresh products,2026-03-05
RV007686,O036011,C08595,2,Product quality below expectations,2025-11-24
RV007687,O013019,C01485,5,Very satisfied,2024-10-11
RV007688,O038359,C00411,4,Satisfied,2025-12-23
RV007689,O025249,C08121,1,Very disappointed,2025-04-17
RV007690,O001663,C00271,5,Fresh products,2026-06-05
RV007691,O002735,C07894,5,Excellent quality,2026-07-24
RV007692,O010645,C06904,3,Delivery was okay,2024-09-18
RV007693,O007311,C00333,4,Good service,2025-06-23
RV007694,O002405,C02621,4,Good service,2026-03-29
RV007695,O009387,C01469,5,Excellent quality,2025-10-03
RV007696,O026742,C05517,5,Excellent quality,2025-08-22
RV007697,O003697,C04193,5,Fast delivery,2025-03-02
RV007698,O026463,C08656,5,Fast delivery,2026-04-09
RV007699,O006682,C05508,1,Wrong item received,2024-10-29
RV007700,O021519,C07830,5,Fast delivery,2025-02-11
RV007701,O017948,C05230,5,Very satisfied,2025-09-13
RV007702,O027783,C04508,5,Very satisfied,2025-05-31
RV007703,O022926,C07126,4,Satisfied,2024-08-23
RV007704,O032003,C03835,5,Fresh products,2025-08-15
RV007705,O021649,C03175,5,Fast delivery,2025-05-17
RV007706,O018270,C01737,5,Fresh products,2024-10-20
RV007707,O006708,C02233,5,Highly recommended,2024-10-06
RV007708,O018781,C01257,1,Wrong item received,2026-05-04
RV007709,O017625,C02842,4,Satisfied,2024-10-18
RV007710,O006404,C01376,5,Excellent quality,2025-09-16
RV007711,O019907,C04069,5,Fast delivery,2026-07-27
RV007712,O019996,C04786,5,Highly recommended,2026-07-06
RV007713,O019007,C04180,4,Good service,2024-10-05
RV007714,O009558,C00261,5,Very satisfied,2024-08-06
RV007715,O024221,C00256,5,Excellent quality,2025-09-16
RV007716,O017393,C08818,5,Highly recommended,2024-12-18
RV007717,O033556,C06991,5,Very satisfied,2026-03-20
RV007718,O039982,C01275,5,Highly recommended,2024-10-29
RV007719,O001629,C02794,4,Nice packaging,2024-12-29
RV007720,O004626,C05433,5,Very satisfied,2025-06-16
RV007721,O000451,C01000,2,Late delivery,2025-07-15
RV007722,O003720,C05676,3,Average experience,2024-11-24
RV007723,O011816,C07568,5,Fresh products,2026-04-09
RV007724,O001659,C05907,5,Very satisfied,2025-01-16
RV007725,O034370,C02980,4,Satisfied,2026-03-26
RV007726,O018835,C02122,5,Fast delivery,2024-09-26
RV007727,O012486,C04107,2,Product quality below expectations,2024-11-05
RV007728,O036381,C06846,5,Excellent quality,2026-03-03
RV007729,O034929,C07912,5,Excellent quality,2025-07-20
RV007730,O032059,C04421,5,Highly recommended,2025-10-16
RV007731,O022093,C06357,5,Very satisfied,2025-01-26
RV007732,O035790,C09996,5,Fresh products,2026-04-17
RV007733,O032363,C07755,5,Fresh products,2025-04-10
RV007734,O008699,C06207,4,Nice packaging,2025-07-16
RV007735,O018335,C02752,5,Fast delivery,2025-04-06
RV007736,O033174,C03044,4,Good service,2026-01-23
RV007737,O006825,C05078,3,Could be better,2026-04-13
RV007738,O007122,C07599,5,Highly recommended,2025-04-03
RV007739,O020320,C09246,5,Fast delivery,2025-02-10
RV007740,O020519,C02898,2,Late delivery,2025-11-12
RV007741,O025837,C03797,5,Very satisfied,2026-03-15
RV007742,O019300,C06706,2,Packaging issue,2024-07-27
RV007743,O008969,C06979,3,Average experience,2024-10-09
RV007744,O000929,C00918,2,Packaging issue,2025-08-16
RV007745,O025924,C02190,4,Value for money,2025-11-12
RV007746,O007862,C04919,4,Value for money,2024-09-09
RV007747,O010741,C09668,5,Fresh products,2026-04-30
RV007748,O011023,C00479,5,Highly recommended,2025-03-30
RV007749,O008728,C06709,5,Highly recommended,2024-09-02
RV007750,O018320,C09669,4,Satisfied,2025-05-12
RV007751,O016811,C03477,4,Value for money,2026-05-07
RV007752,O009732,C04988,4,Value for money,2025-03-13
RV007753,O032784,C01208,4,Satisfied,2025-11-23
RV007754,O036926,C02641,5,Highly recommended,2025-11-30
RV007755,O026112,C04743,5,Excellent quality,2025-05-08
RV007756,O028035,C08412,4,Good service,2024-08-02
RV007757,O035328,C05540,5,Excellent quality,2024-10-28
RV007758,O013020,C07403,3,Delivery was okay,2025-05-27
RV007759,O031475,C09103,4,Good service,2025-06-27
RV007760,O025869,C01129,5,Fresh products,2025-01-28
RV007761,O021113,C08490,4,Good service,2025-11-16
RV007762,O033690,C02778,2,Product quality below expectations,2025-06-14
RV007763,O007316,C05023,5,Highly recommended,2025-09-10
RV007764,O012812,C04777,4,Satisfied,2024-09-25
RV007765,O028675,C06650,4,Nice packaging,2025-11-30
RV007766,O017569,C02411,5,Very satisfied,2025-11-01
RV007767,O009703,C09693,4,Good service,2025-01-02
RV007768,O004495,C09976,5,Fresh products,2026-04-25
RV007769,O024337,C01196,5,Fast delivery,2025-12-28
RV007770,O036885,C06694,5,Very satisfied,2025-11-26
RV007771,O003034,C09466,5,Excellent quality,2025-07-27
RV007772,O020058,C05347,3,Delivery was okay,2026-05-22
RV007773,O004261,C07752,1,Very disappointed,2025-11-01
RV007774,O037726,C08649,3,Delivery was okay,2025-02-15
RV007775,O005346,C09047,4,Satisfied,2025-06-02
RV007776,O036912,C02511,5,Fast delivery,2026-02-05
RV007777,O017429,C00838,5,Highly recommended,2025-12-21
RV007778,O029047,C01095,4,Value for money,2026-06-29
RV007779,O002820,C04626,5,Highly recommended,2025-08-28
RV007780,O000321,C08485,1,Damaged product,2024-08-09
RV007781,O039289,C09359,4,Value for money,2026-04-04
RV007782,O033745,C06145,4,Satisfied,2024-08-19
RV007783,O009783,C02072,5,Fast delivery,2025-02-01
RV007784,O017551,C00359,3,Could be better,2024-11-10
RV007785,O026327,C06766,5,Fresh products,2026-06-25
RV007786,O007692,C06971,5,Excellent quality,2025-12-13
RV007787,O027858,C07603,5,Excellent quality,2025-04-23
RV007788,O015096,C02741,5,Fresh products,2026-05-05
RV007789,O038438,C00239,5,Highly recommended,2026-07-04
RV007790,O009084,C01995,5,Excellent quality,2025-06-09
RV007791,O015168,C03494,5,Highly recommended,2026-04-30
RV007792,O029824,C01719,5,Very satisfied,2026-06-28
RV007793,O039572,C07829,4,Value for money,2026-04-12
RV007794,O021631,C01080,5,Excellent quality,2024-08-05
RV007795,O013948,C07487,4,Nice packaging,2025-02-17
RV007796,O027435,C09348,3,Could be better,2026-07-05
RV007797,O010581,C07212,3,Delivery was okay,2026-05-05
RV007798,O021114,C09474,5,Excellent quality,2025-12-27
RV007799,O008088,C03098,5,Highly recommended,2025-06-22
RV007800,O009225,C06676,5,Highly recommended,2025-05-12
RV007801,O016019,C09395,2,Packaging issue,2024-11-11
RV007802,O036430,C01316,1,Very disappointed,2025-03-30
RV007803,O023935,C07017,5,Fresh products,2024-10-12
RV007804,O028823,C09245,1,Damaged product,2025-04-19
RV007805,O026998,C01010,5,Very satisfied,2025-12-22
RV007806,O020462,C02653,4,Nice packaging,2025-01-17
RV007807,O017343,C03142,5,Very satisfied,2025-12-20
RV007808,O032000,C06274,4,Nice packaging,2026-02-02
RV007809,O036278,C07481,4,Value for money,2025-03-25
RV007810,O009302,C03329,5,Very satisfied,2025-07-09
RV007811,O004867,C05984,5,Excellent quality,2026-05-06
RV007812,O009573,C01087,3,Could be better,2025-12-20
RV007813,O032263,C09780,5,Excellent quality,2024-12-10
RV007814,O013854,C04604,5,Fast delivery,2025-12-28
RV007815,O003162,C04290,5,Very satisfied,2025-05-02
RV007816,O023120,C00781,3,Delivery was okay,2025-07-09
RV007817,O011950,C04253,5,Fresh products,2025-05-01
RV007818,O019509,C09282,5,Very satisfied,2024-09-09
RV007819,O019047,C06964,3,Delivery was okay,2025-11-09
RV007820,O032248,C01820,4,Value for money,2024-10-07
RV007821,O029432,C05652,3,Average experience,2026-07-05
RV007822,O032759,C07083,3,Average experience,2026-07-03
RV007823,O029420,C05627,4,Nice packaging,2025-08-16
RV007824,O031479,C07323,5,Excellent quality,2026-02-15
RV007825,O012344,C05346,5,Fresh products,2025-07-19
RV007826,O036795,C08981,1,Damaged product,2026-02-06
RV007827,O003220,C09459,4,Good service,2024-10-19
RV007828,O025956,C01866,5,Very satisfied,2025-04-11
RV007829,O015307,C03628,4,Nice packaging,2025-04-27
RV007830,O004556,C08250,5,Fresh products,2026-02-15
RV007831,O037922,C02268,5,Fast delivery,2025-04-14
RV007832,O031244,C08625,4,Value for money,2026-05-23
RV007833,O034642,C01405,5,Fresh products,2025-05-11
RV007834,O001957,C00406,5,Highly recommended,2025-09-02
RV007835,O038840,C06101,5,Fast delivery,2026-01-28
RV007836,O019412,C05982,4,Good service,2026-05-11
RV007837,O013945,C04867,3,Could be better,2026-02-15
RV007838,O005369,C03493,5,Excellent quality,2025-02-07
RV007839,O036972,C09871,4,Value for money,2025-05-04
RV007840,O030732,C06072,4,Satisfied,2024-08-11
RV007841,O013974,C09437,5,Highly recommended,2024-10-14
RV007842,O025110,C00637,5,Fresh products,2025-08-27
RV007843,O003839,C00166,3,Delivery was okay,2026-04-24
RV007844,O006212,C01784,3,Average experience,2025-08-11
RV007845,O023964,C03859,5,Fast delivery,2026-06-01
RV007846,O034287,C06903,2,Late delivery,2024-12-15
RV007847,O023204,C05403,3,Could be better,2026-02-26
RV007848,O026345,C08792,5,Very satisfied,2025-03-13
RV007849,O009886,C03608,5,Excellent quality,2026-01-29
RV007850,O021765,C06823,5,Fresh products,2025-11-29
RV007851,O039325,C04899,5,Fresh products,2026-07-05
RV007852,O011897,C03977,5,Fast delivery,2025-06-09
RV007853,O030171,C08017,5,Very satisfied,2024-08-22
RV007854,O038924,C07299,5,Fresh products,2026-05-16
RV007855,O013691,C05135,3,Delivery was okay,2025-02-17
RV007856,O002868,C04586,4,Value for money,2024-11-08
RV007857,O021200,C02282,4,Nice packaging,2026-06-28
RV007858,O026161,C09469,5,Highly recommended,2024-10-28
RV007859,O028864,C03206,5,Highly recommended,2025-12-12
RV007860,O011875,C02446,3,Average experience,2024-12-28
RV007861,O036726,C07775,5,Excellent quality,2024-11-25
RV007862,O008330,C08673,1,Damaged product,2024-11-27
RV007863,O003383,C05607,3,Could be better,2025-04-11
RV007864,O022260,C00718,4,Good service,2025-10-08
RV007865,O035085,C02401,2,Product quality below expectations,2026-06-08
RV007866,O015420,C00829,4,Nice packaging,2025-03-14
RV007867,O030467,C03380,5,Fresh products,2025-02-16
RV007868,O014834,C05629,4,Nice packaging,2025-03-05
RV007869,O027903,C08682,4,Nice packaging,2026-02-08
RV007870,O019170,C06393,2,Late delivery,2025-02-20
RV007871,O025168,C04488,3,Average experience,2025-06-01
RV007872,O014353,C09456,3,Average experience,2024-12-12
RV007873,O019001,C02659,2,Packaging issue,2025-07-01
RV007874,O029562,C08868,3,Could be better,2025-08-24
RV007875,O028825,C02762,2,Late delivery,2025-09-26
RV007876,O032743,C09149,5,Fresh products,2026-07-06
RV007877,O039423,C09997,5,Highly recommended,2024-12-15
RV007878,O020861,C08198,5,Fast delivery,2026-02-22
RV007879,O000927,C09744,5,Highly recommended,2024-11-13
RV007880,O022158,C07060,4,Value for money,2025-02-25
RV007881,O039979,C04388,5,Very satisfied,2025-05-07
RV007882,O017632,C04399,4,Value for money,2026-06-24
RV007883,O018316,C04955,5,Highly recommended,2026-03-06
RV007884,O021596,C04174,5,Fast delivery,2025-12-10
RV007885,O020672,C05745,5,Highly recommended,2025-12-16
RV007886,O031279,C00178,4,Value for money,2025-03-01
RV007887,O027617,C05701,4,Satisfied,2026-04-20
RV007888,O035049,C08836,2,Product quality below expectations,2025-11-03
RV007889,O020304,C01372,4,Satisfied,2026-01-16
RV007890,O018858,C05747,5,Very satisfied,2024-09-16
RV007891,O018779,C08763,4,Good service,2026-03-19
RV007892,O005667,C09729,5,Very satisfied,2026-04-20
RV007893,O017810,C01321,5,Very satisfied,2026-05-11
RV007894,O039340,C01529,1,Very disappointed,2026-06-30
RV007895,O007105,C05502,5,Fast delivery,2026-07-26
RV007896,O026829,C00032,5,Highly recommended,2024-11-11
RV007897,O000339,C04248,5,Fresh products,2025-11-24
RV007898,O021439,C00054,1,Very disappointed,2024-11-28
RV007899,O022813,C00826,4,Good service,2025-07-27
RV007900,O023909,C03973,4,Satisfied,2025-10-05
RV007901,O017717,C03062,4,Value for money,2025-03-06
RV007902,O002635,C05582,1,Wrong item received,2024-09-30
RV007903,O002646,C09129,4,Satisfied,2025-07-10
RV007904,O004048,C03200,5,Fast delivery,2026-02-06
RV007905,O003682,C04504,5,Fresh products,2025-03-12
RV007906,O031280,C06353,5,Fast delivery,2026-03-16
RV007907,O013376,C05607,5,Fast delivery,2026-07-27
RV007908,O027097,C00327,4,Good service,2026-02-03
RV007909,O016573,C07316,5,Very satisfied,2026-02-05
RV007910,O024195,C05829,5,Fresh products,2025-08-13
RV007911,O028820,C02752,5,Fast delivery,2025-06-12
RV007912,O017190,C05960,4,Satisfied,2025-12-25
RV007913,O009288,C09589,5,Highly recommended,2025-10-06
RV007914,O024958,C04043,2,Product quality below expectations,2025-07-30
RV007915,O005839,C08571,4,Satisfied,2025-11-08
RV007916,O036000,C04781,5,Excellent quality,2024-12-25
RV007917,O029033,C09547,5,Highly recommended,2025-04-08
RV007918,O039245,C01968,3,Could be better,2024-10-21
RV007919,O010405,C02189,1,Very disappointed,2024-10-31
RV007920,O039694,C00219,5,Fresh products,2025-05-05
RV007921,O014106,C06991,5,Excellent quality,2026-05-20
RV007922,O012016,C03079,5,Excellent quality,2024-08-11
RV007923,O004342,C09997,5,Highly recommended,2025-07-24
RV007924,O009374,C08565,5,Fresh products,2024-12-13
RV007925,O014493,C08773,4,Satisfied,2026-03-12
RV007926,O009457,C06502,2,Product quality below expectations,2025-03-05
RV007927,O022101,C01402,5,Excellent quality,2025-10-15
RV007928,O000717,C02974,3,Average experience,2024-08-23
RV007929,O023826,C04459,5,Excellent quality,2025-02-27
RV007930,O016400,C09419,5,Fresh products,2026-04-20
RV007931,O000092,C08065,5,Highly recommended,2025-06-25
RV007932,O037199,C06439,4,Value for money,2025-05-30
RV007933,O006935,C09694,4,Satisfied,2025-12-30
RV007934,O019215,C03931,4,Satisfied,2026-06-02
RV007935,O031011,C06080,3,Delivery was okay,2024-10-15
RV007936,O021401,C07611,1,Wrong item received,2024-11-03
RV007937,O028355,C05086,5,Fast delivery,2024-08-26
RV007938,O031221,C05196,2,Packaging issue,2026-04-24
RV007939,O021368,C08197,5,Fresh products,2026-04-17
RV007940,O032056,C04452,4,Satisfied,2025-01-24
RV007941,O008497,C07947,4,Value for money,2025-04-06
RV007942,O026291,C04686,5,Fresh products,2025-04-18
RV007943,O002712,C08826,5,Highly recommended,2026-07-09
RV007944,O035830,C06602,3,Delivery was okay,2025-10-25
RV007945,O022393,C09394,5,Fresh products,2024-08-27
RV007946,O034703,C02074,5,Fast delivery,2026-07-29
RV007947,O020696,C03571,5,Highly recommended,2025-06-19
RV007948,O001967,C02771,4,Good service,2025-09-30
RV007949,O017172,C00010,5,Fresh products,2024-08-03
RV007950,O019072,C09970,1,Wrong item received,2024-10-21
RV007951,O003476,C09018,3,Delivery was okay,2025-01-09
RV007952,O017597,C04796,2,Product quality below expectations,2024-09-14
RV007953,O035503,C01595,5,Highly recommended,2026-07-02
RV007954,O007250,C08067,2,Late delivery,2024-09-11
RV007955,O011782,C01194,4,Value for money,2026-01-16
RV007956,O030353,C04518,5,Excellent quality,2025-08-19
RV007957,O003909,C03459,5,Highly recommended,2024-09-07
RV007958,O028715,C06316,5,Very satisfied,2025-12-26
RV007959,O008121,C04990,5,Fresh products,2026-01-25
RV007960,O023946,C09884,5,Fresh products,2025-01-02
RV007961,O018083,C03696,4,Nice packaging,2025-08-04
RV007962,O016111,C07592,4,Value for money,2025-03-11
RV007963,O016636,C09163,5,Fresh products,2025-01-08
RV007964,O004859,C08209,5,Fresh products,2025-09-04
RV007965,O036187,C08030,4,Good service,2026-06-27
RV007966,O026966,C03974,5,Excellent quality,2025-11-27
RV007967,O004454,C08647,5,Highly recommended,2026-07-22
RV007968,O020024,C04050,1,Very disappointed,2026-02-20
RV007969,O020489,C03304,4,Nice packaging,2025-03-28
RV007970,O014638,C09809,4,Good service,2026-01-07
RV007971,O035572,C07865,5,Highly recommended,2024-08-26
RV007972,O008828,C05191,4,Value for money,2025-05-30
RV007973,O033743,C02501,5,Fast delivery,2024-11-13
RV007974,O018090,C06982,5,Fresh products,2025-05-23
RV007975,O038846,C06301,4,Satisfied,2026-01-14
RV007976,O034035,C04101,5,Very satisfied,2024-09-16
RV007977,O024263,C03333,2,Late delivery,2026-05-09
RV007978,O016725,C08377,3,Delivery was okay,2026-07-31
RV007979,O005883,C03233,3,Delivery was okay,2026-04-18
RV007980,O019842,C09909,4,Nice packaging,2024-08-27
RV007981,O039592,C01276,5,Fresh products,2025-11-04
RV007982,O031153,C01155,4,Nice packaging,2026-02-11
RV007983,O036915,C09765,5,Fast delivery,2026-03-25
RV007984,O021686,C03267,5,Fresh products,2025-12-27
RV007985,O011040,C08934,5,Excellent quality,2024-12-29
RV007986,O009810,C09110,5,Fresh products,2024-12-18
RV007987,O039128,C00742,3,Delivery was okay,2026-01-17
RV007988,O007295,C05483,5,Fresh products,2026-04-21
RV007989,O027837,C03134,4,Good service,2026-05-05
RV007990,O027353,C05440,5,Excellent quality,2025-05-27
RV007991,O017042,C00991,4,Value for money,2025-12-05
RV007992,O033330,C08044,1,Damaged product,2026-06-18
RV007993,O015167,C02709,5,Excellent quality,2026-06-15
RV007994,O019483,C09374,5,Fast delivery,2025-02-01
RV007995,O036667,C00775,4,Nice packaging,2025-05-05
RV007996,O038209,C07204,3,Could be better,2026-06-04
RV007997,O032597,C07867,2,Product quality below expectations,2025-09-21
RV007998,O027555,C02236,3,Could be better,2025-05-22
RV007999,O034023,C02837,5,Fresh products,2025-02-03
RV008000,O014622,C04016,3,Could be better,2025-02-17
RV008001,O023953,C07913,4,Satisfied,2025-12-13
RV008002,O015210,C00817,5,Fresh products,2024-09-10
RV008003,O022632,C09005,4,Value for money,2024-10-11
RV008004,O013863,C03319,5,Fast delivery,2024-11-25
RV008005,O033610,C01847,3,Delivery was okay,2024-08-25
RV008006,O009683,C05748,5,Very satisfied,2024-08-29
RV008007,O039879,C08452,4,Satisfied,2024-11-01
RV008008,O030831,C06181,4,Value for money,2024-08-27
RV008009,O036496,C02674,4,Nice packaging,2026-04-10
RV008010,O032820,C09465,4,Value for money,2025-02-14
RV008011,O011148,C02987,5,Highly recommended,2025-01-12
RV008012,O007537,C08986,4,Nice packaging,2026-07-21
RV008013,O028706,C00145,4,Value for money,2024-11-30
RV008014,O016837,C09228,5,Highly recommended,2025-11-17
RV008015,O029125,C03475,3,Delivery was okay,2025-08-11
RV008016,O001368,C07024,5,Very satisfied,2026-03-08
RV008017,O017138,C03412,4,Good service,2025-06-27
RV008018,O010490,C09331,1,Wrong item received,2025-10-10
RV008019,O006791,C03415,5,Fast delivery,2025-10-09
RV008020,O025970,C03903,4,Good service,2024-12-05
RV008021,O008106,C02634,4,Satisfied,2025-02-24
RV008022,O036321,C09625,3,Delivery was okay,2024-12-05
RV008023,O031060,C01069,5,Excellent quality,2024-09-26
RV008024,O028500,C02213,2,Product quality below expectations,2025-11-12
RV008025,O030277,C07799,5,Excellent quality,2024-10-30
RV008026,O014402,C04443,5,Highly recommended,2024-11-07
RV008027,O025073,C02496,5,Fresh products,2026-06-01
RV008028,O012548,C04885,5,Excellent quality,2025-08-19
RV008029,O024952,C05367,3,Average experience,2026-07-20
RV008030,O010755,C05139,3,Delivery was okay,2025-07-05
RV008031,O024829,C05386,4,Good service,2025-01-18
RV008032,O007425,C01334,5,Very satisfied,2025-08-12
RV008033,O038958,C02229,5,Highly recommended,2025-10-20
RV008034,O018879,C05139,2,Packaging issue,2025-08-02
RV008035,O016943,C06358,4,Value for money,2024-08-25
RV008036,O018796,C07152,5,Excellent quality,2026-01-16
RV008037,O039593,C02043,4,Nice packaging,2025-02-04
RV008038,O034259,C01197,4,Satisfied,2024-11-05
RV008039,O013722,C05125,4,Value for money,2026-02-16
RV008040,O018591,C09330,4,Value for money,2026-02-25
RV008041,O001304,C00880,5,Fast delivery,2025-07-28
RV008042,O037426,C06574,5,Highly recommended,2024-11-08
RV008043,O034014,C07137,5,Very satisfied,2024-09-19
RV008044,O023379,C09104,5,Highly recommended,2024-08-19
RV008045,O025235,C09951,5,Fresh products,2026-04-04
RV008046,O001120,C03200,3,Could be better,2025-10-04
RV008047,O027320,C01720,5,Fresh products,2025-06-21
RV008048,O014356,C08602,5,Excellent quality,2026-06-09
RV008049,O007050,C06989,4,Satisfied,2026-01-28
RV008050,O037284,C06159,5,Fresh products,2025-03-07
RV008051,O019502,C09993,3,Could be better,2025-02-12
RV008052,O001871,C01600,2,Product quality below expectations,2026-03-13
RV008053,O031935,C09209,5,Fresh products,2026-07-05
RV008054,O021170,C06106,5,Fresh products,2026-05-20
RV008055,O007931,C08500,4,Nice packaging,2025-04-21
RV008056,O017084,C01527,1,Wrong item received,2025-11-28
RV008057,O030092,C01083,4,Satisfied,2024-09-15
RV008058,O012160,C00152,2,Product quality below expectations,2025-01-11
RV008059,O008252,C05365,5,Fresh products,2026-03-24
RV008060,O017645,C09348,4,Nice packaging,2026-02-02
RV008061,O008867,C05973,1,Very disappointed,2026-05-13
RV008062,O029008,C06633,5,Highly recommended,2025-07-27
RV008063,O013417,C02403,5,Excellent quality,2024-09-08
RV008064,O014546,C01905,5,Fresh products,2026-03-06
RV008065,O028236,C08400,5,Highly recommended,2025-12-09
RV008066,O014818,C05328,3,Delivery was okay,2025-05-31
RV008067,O006990,C06433,5,Fresh products,2026-02-04
RV008068,O028040,C02125,5,Fast delivery,2024-10-07
RV008069,O032796,C07497,4,Good service,2025-04-10
RV008070,O037220,C06745,3,Delivery was okay,2025-10-18
RV008071,O015567,C03952,3,Average experience,2025-07-05
RV008072,O013958,C08662,3,Average experience,2025-11-21
RV008073,O027530,C00828,5,Highly recommended,2025-09-14
RV008074,O007387,C04015,5,Fast delivery,2024-08-21
RV008075,O013539,C08618,5,Fast delivery,2025-09-28
RV008076,O020211,C03909,5,Highly recommended,2026-03-23
RV008077,O039484,C09243,5,Very satisfied,2025-10-14
RV008078,O001351,C08126,4,Good service,2025-12-31
RV008079,O001364,C09245,4,Value for money,2025-05-18
RV008080,O010942,C05402,5,Very satisfied,2026-07-17
RV008081,O020675,C03836,5,Fresh products,2026-07-17
RV008082,O005825,C08573,4,Value for money,2025-06-29
RV008083,O020795,C02451,4,Value for money,2026-05-05
RV008084,O018753,C02631,5,Fresh products,2026-01-07
RV008085,O029684,C02535,5,Very satisfied,2026-03-05
RV008086,O006896,C09701,5,Fast delivery,2024-11-07
RV008087,O033677,C02808,5,Fast delivery,2025-01-12
RV008088,O014567,C07476,1,Damaged product,2025-09-04
RV008089,O002669,C04037,5,Very satisfied,2026-01-20
RV008090,O013829,C07858,3,Delivery was okay,2026-02-23
RV008091,O016557,C03813,5,Very satisfied,2025-02-08
RV008092,O039935,C02545,3,Could be better,2025-08-03
RV008093,O006339,C08973,5,Very satisfied,2026-03-11
RV008094,O038071,C07616,4,Value for money,2024-12-16
RV008095,O014412,C09367,5,Highly recommended,2025-05-19
RV008096,O038711,C00557,5,Very satisfied,2026-06-09
RV008097,O006704,C01608,4,Good service,2025-02-23
RV008098,O022534,C02943,5,Excellent quality,2026-07-26
RV008099,O030409,C00563,4,Satisfied,2025-10-08
RV008100,O038384,C04129,4,Satisfied,2025-12-13
RV008101,O000959,C06702,3,Could be better,2024-09-28
RV008102,O021065,C05014,4,Nice packaging,2026-02-15
RV008103,O037963,C02740,3,Average experience,2025-10-21
RV008104,O027311,C09263,5,Excellent quality,2024-11-20
RV008105,O008409,C07524,5,Excellent quality,2025-01-17
RV008106,O021836,C05234,1,Very disappointed,2025-03-13
RV008107,O037838,C05114,4,Satisfied,2025-08-21
RV008108,O027331,C07717,1,Very disappointed,2025-07-06
RV008109,O000177,C01285,4,Good service,2025-07-12
RV008110,O032751,C06976,5,Highly recommended,2025-05-15
RV008111,O021627,C03612,4,Good service,2026-06-16
RV008112,O026402,C04286,5,Fresh products,2026-02-11
RV008113,O004917,C00549,5,Highly recommended,2025-04-21
RV008114,O008308,C06534,5,Very satisfied,2025-05-19
RV008115,O007078,C04591,5,Fast delivery,2025-01-15
RV008116,O026598,C06290,5,Excellent quality,2024-10-22
RV008117,O005903,C00627,4,Nice packaging,2026-03-15
RV008118,O028811,C05130,5,Fast delivery,2024-10-28
RV008119,O000055,C00080,5,Excellent quality,2025-08-06
RV008120,O022473,C08603,5,Fast delivery,2024-12-10
RV008121,O013247,C00882,2,Product quality below expectations,2026-03-04
RV008122,O016594,C04140,4,Value for money,2026-02-17
RV008123,O024653,C06514,5,Highly recommended,2026-01-17
RV008124,O010431,C00207,4,Good service,2024-10-22
RV008125,O034978,C05617,5,Highly recommended,2026-01-23
RV008126,O030007,C09313,2,Packaging issue,2024-09-02
RV008127,O018570,C02501,4,Satisfied,2025-12-23
RV008128,O020230,C09925,4,Nice packaging,2024-09-20
RV008129,O032181,C09630,4,Value for money,2024-11-01
RV008130,O009963,C07338,4,Value for money,2026-05-30
RV008131,O025773,C03699,3,Average experience,2025-10-10
RV008132,O003870,C08199,3,Delivery was okay,2026-03-03
RV008133,O028854,C04005,4,Nice packaging,2025-07-27
RV008134,O028257,C09154,3,Average experience,2025-04-07
RV008135,O031349,C05868,5,Excellent quality,2026-02-14
RV008136,O006473,C04685,5,Fast delivery,2026-07-20
RV008137,O006626,C06365,1,Very disappointed,2025-09-30
RV008138,O028465,C02683,4,Value for money,2025-04-21
RV008139,O020428,C07703,5,Very satisfied,2024-09-05
RV008140,O031439,C07823,5,Fresh products,2025-11-28
RV008141,O032556,C09602,4,Nice packaging,2024-08-01
RV008142,O020815,C05208,5,Highly recommended,2025-08-15
RV008143,O003894,C09694,5,Excellent quality,2024-12-27
RV008144,O004504,C05557,2,Late delivery,2026-01-29
RV008145,O010548,C06754,4,Value for money,2026-06-28
RV008146,O021731,C06035,5,Highly recommended,2026-02-23
RV008147,O022865,C03645,5,Very satisfied,2025-04-20
RV008148,O022786,C05919,3,Delivery was okay,2026-02-10
RV008149,O005141,C07189,5,Excellent quality,2026-05-14
RV008150,O009761,C01871,2,Late delivery,2025-10-23
RV008151,O032665,C08409,5,Fresh products,2026-04-29
RV008152,O004625,C05753,5,Highly recommended,2025-08-15
RV008153,O023016,C04869,4,Value for money,2025-12-15
RV008154,O038472,C05163,5,Highly recommended,2025-06-11
RV008155,O029041,C01984,5,Very satisfied,2025-02-17
RV008156,O035280,C07833,3,Average experience,2025-03-16
RV008157,O035709,C09947,4,Satisfied,2025-08-25
RV008158,O019767,C08270,5,Excellent quality,2026-04-19
RV008159,O020439,C06144,3,Could be better,2026-05-21
RV008160,O020045,C08088,4,Satisfied,2024-10-19
RV008161,O025940,C07318,3,Could be better,2026-07-04
RV008162,O023453,C06164,3,Average experience,2025-08-14
RV008163,O017868,C01972,5,Highly recommended,2025-09-25
RV008164,O004214,C00834,4,Satisfied,2026-06-14
RV008165,O003152,C04399,5,Excellent quality,2026-03-08
RV008166,O030305,C06177,4,Nice packaging,2024-09-17
RV008167,O003773,C01106,5,Highly recommended,2024-08-06
RV008168,O019298,C06506,5,Very satisfied,2025-06-16
RV008169,O007668,C04440,5,Fresh products,2025-03-11
RV008170,O024663,C06437,5,Excellent quality,2026-03-14
RV008171,O032112,C00208,2,Packaging issue,2025-09-26
RV008172,O019226,C07871,4,Satisfied,2025-06-03
RV008173,O013636,C01620,5,Fast delivery,2025-08-24
RV008174,O013158,C07845,5,Fresh products,2026-08-02
RV008175,O036553,C04595,3,Delivery was okay,2025-02-19
RV008176,O013317,C02546,3,Could be better,2025-12-29
RV008177,O022778,C00631,4,Satisfied,2025-01-15
RV008178,O032666,C09488,5,Highly recommended,2025-08-12
RV008179,O023832,C03404,3,Delivery was okay,2025-06-19
RV008180,O001091,C06864,5,Very satisfied,2025-03-06
RV008181,O033094,C07177,5,Fast delivery,2025-12-21
RV008182,O016974,C06627,1,Very disappointed,2025-01-23
RV008183,O021623,C09869,5,Fresh products,2026-02-12
RV008184,O013039,C06436,5,Fast delivery,2026-04-18
RV008185,O035470,C00860,5,Fresh products,2026-05-13
RV008186,O035169,C08155,5,Fresh products,2025-07-12
RV008187,O032317,C02639,5,Very satisfied,2025-07-05
RV008188,O013268,C07209,5,Highly recommended,2026-01-20
RV008189,O008681,C08303,4,Satisfied,2024-11-08
RV008190,O016938,C06148,5,Excellent quality,2025-10-28
RV008191,O024883,C00058,4,Good service,2025-03-30
RV008192,O002864,C06395,5,Excellent quality,2024-12-06
RV008193,O009958,C01654,5,Excellent quality,2025-01-09
RV008194,O023183,C08144,5,Fast delivery,2024-12-09
RV008195,O012227,C08458,5,Fast delivery,2025-11-09
RV008196,O034160,C09501,1,Damaged product,2026-07-28
RV008197,O006189,C05999,5,Fast delivery,2024-09-22
RV008198,O016470,C07156,5,Fresh products,2024-10-30
RV008199,O023702,C05952,5,Excellent quality,2026-03-24
RV008200,O009862,C01143,4,Satisfied,2025-10-20
RV008201,O032399,C07984,1,Damaged product,2025-12-28
RV008202,O017269,C08399,5,Highly recommended,2025-12-25
RV008203,O003684,C01745,4,Good service,2025-07-05
RV008204,O030897,C06924,2,Product quality below expectations,2025-08-19
RV008205,O006798,C05856,4,Good service,2026-01-19
RV008206,O020526,C01846,5,Excellent quality,2026-01-07
RV008207,O034424,C03579,3,Could be better,2026-02-25
RV008208,O006638,C03918,5,Excellent quality,2025-07-21
RV008209,O016664,C08036,5,Highly recommended,2025-04-07
RV008210,O005278,C05133,3,Average experience,2025-07-04
RV008211,O015836,C00171,5,Highly recommended,2026-01-30
RV008212,O028638,C09206,4,Satisfied,2024-10-13
RV008213,O018904,C04998,1,Wrong item received,2026-07-23
RV008214,O005969,C09424,3,Delivery was okay,2026-07-18
RV008215,O020877,C04673,5,Excellent quality,2026-02-05
RV008216,O030960,C05476,1,Damaged product,2025-10-16
RV008217,O032412,C05197,4,Value for money,2025-09-23
RV008218,O012341,C00869,5,Very satisfied,2026-06-22
RV008219,O017082,C01908,5,Fresh products,2025-07-30
RV008220,O017162,C01402,5,Fast delivery,2025-09-04
RV008221,O025082,C04450,5,Excellent quality,2026-06-01
RV008222,O010634,C06325,5,Fast delivery,2025-03-09
RV008223,O023913,C04682,5,Fresh products,2025-04-05
RV008224,O018910,C09454,5,Highly recommended,2025-11-08
RV008225,O034908,C02573,2,Late delivery,2024-10-24
RV008226,O017873,C00886,5,Excellent quality,2026-07-20
RV008227,O014525,C07732,5,Excellent quality,2024-12-12
RV008228,O034378,C03960,2,Product quality below expectations,2025-06-27
RV008229,O030572,C06287,5,Fast delivery,2024-11-05
RV008230,O024501,C02156,4,Good service,2024-08-15
RV008231,O021808,C01715,1,Very disappointed,2026-05-09
RV008232,O011908,C08560,5,Fast delivery,2026-01-02
RV008233,O008239,C09691,5,Highly recommended,2026-04-17
RV008234,O016209,C08263,4,Value for money,2025-01-13
RV008235,O013342,C02171,5,Very satisfied,2025-11-26
RV008236,O007049,C03813,3,Delivery was okay,2026-05-17
RV008237,O039331,C02891,5,Fresh products,2026-04-01
RV008238,O026741,C00632,2,Packaging issue,2024-12-09
RV008239,O000588,C06781,5,Fast delivery,2025-09-02
RV008240,O013614,C02653,1,Very disappointed,2026-01-06
RV008241,O025246,C05673,3,Average experience,2024-08-24
RV008242,O009757,C07700,4,Value for money,2025-12-05
RV008243,O008884,C02296,5,Fresh products,2025-01-06
RV008244,O026807,C03212,5,Very satisfied,2025-03-08
RV008245,O036596,C00387,5,Very satisfied,2026-04-24
RV008246,O035202,C02684,5,Fast delivery,2025-05-07
RV008247,O007289,C01233,4,Nice packaging,2025-01-23
RV008248,O029793,C05446,5,Excellent quality,2026-04-22
RV008249,O028813,C07164,5,Highly recommended,2026-04-19
RV008250,O038319,C02612,5,Highly recommended,2026-07-09
RV008251,O018696,C07014,5,Highly recommended,2025-03-13
RV008252,O005872,C07068,5,Excellent quality,2025-11-24
RV008253,O021650,C03063,4,Good service,2024-11-15
RV008254,O030889,C00063,5,Excellent quality,2026-03-16
RV008255,O007501,C08348,2,Product quality below expectations,2025-10-13
RV008256,O002460,C05452,2,Product quality below expectations,2024-12-06
RV008257,O028418,C07583,5,Very satisfied,2025-12-25
RV008258,O032293,C01247,5,Very satisfied,2025-08-24
RV008259,O030934,C04899,3,Delivery was okay,2025-11-09
RV008260,O024628,C02239,5,Fast delivery,2025-04-24
RV008261,O020738,C01579,5,Fast delivery,2026-01-27
RV008262,O022054,C08406,2,Product quality below expectations,2026-05-05
RV008263,O009518,C04247,5,Highly recommended,2024-09-03
RV008264,O025874,C07289,3,Delivery was okay,2024-10-08
RV008265,O031976,C04775,5,Highly recommended,2024-12-11
RV008266,O010606,C03690,5,Excellent quality,2026-04-21
RV008267,O032798,C03284,5,Fast delivery,2025-06-19
RV008268,O035327,C04020,5,Fast delivery,2026-06-08
RV008269,O035813,C04394,3,Could be better,2026-06-28
RV008270,O012865,C05054,4,Value for money,2024-11-15
RV008271,O002438,C06580,3,Could be better,2025-10-21
RV008272,O006683,C02545,5,Excellent quality,2025-04-26
RV008273,O035064,C04787,5,Very satisfied,2024-12-16
RV008274,O003208,C06780,5,Excellent quality,2024-08-10
RV008275,O032589,C05039,5,Fast delivery,2025-03-06
RV008276,O039729,C07965,3,Average experience,2025-11-29
RV008277,O010682,C09211,5,Fast delivery,2026-02-27
RV008278,O029245,C03213,5,Fast delivery,2025-05-20
RV008279,O034461,C01605,2,Late delivery,2025-11-11
RV008280,O028058,C08459,5,Very satisfied,2024-11-05
RV008281,O029781,C07450,3,Could be better,2025-01-31
RV008282,O018608,C05349,5,Fresh products,2026-04-11
RV008283,O020078,C07365,4,Satisfied,2024-12-05
RV008284,O004508,C08481,5,Highly recommended,2025-06-12
RV008285,O015371,C07677,4,Value for money,2026-03-31
RV008286,O007835,C05619,5,Fresh products,2025-02-04
RV008287,O013677,C05897,3,Average experience,2024-08-25
RV008288,O012570,C01201,4,Nice packaging,2025-04-08
RV008289,O030082,C06221,4,Good service,2025-06-08
RV008290,O031832,C06398,5,Fast delivery,2026-03-09
RV008291,O032199,C03526,5,Fresh products,2026-07-07
RV008292,O010388,C06177,5,Excellent quality,2026-04-19
RV008293,O032809,C05022,4,Satisfied,2024-11-27
RV008294,O009425,C01853,5,Highly recommended,2026-04-19
RV008295,O021099,C02517,4,Nice packaging,2025-02-26
RV008296,O001050,C03851,5,Highly recommended,2026-04-01
RV008297,O027915,C00702,4,Good service,2025-07-22
RV008298,O036734,C03959,4,Satisfied,2026-08-01
RV008299,O028414,C00104,5,Fresh products,2026-06-19
RV008300,O035098,C07648,3,Delivery was okay,2025-07-06
RV008301,O020793,C03036,5,Excellent quality,2026-06-21
RV008302,O013507,C04940,4,Good service,2024-10-17
RV008303,O011248,C09969,3,Average experience,2025-05-12
RV008304,O038408,C04724,5,Highly recommended,2024-11-12
RV008305,O029514,C06019,5,Highly recommended,2025-02-10
RV008306,O038940,C01850,4,Value for money,2025-08-03
RV008307,O007209,C00560,3,Average experience,2026-04-24
RV008308,O007292,C01017,5,Fast delivery,2026-04-23
RV008309,O029608,C02492,5,Fast delivery,2025-08-13
RV008310,O028381,C00380,5,Very satisfied,2024-12-02
RV008311,O034042,C06314,5,Fast delivery,2025-11-15
RV008312,O003794,C08710,1,Very disappointed,2025-06-14
RV008313,O016142,C02733,5,Fast delivery,2024-08-07
RV008314,O008380,C01537,5,Fresh products,2025-11-28
RV008315,O032151,C08548,5,Fast delivery,2026-01-21
RV008316,O022719,C07040,5,Very satisfied,2026-02-22
RV008317,O031526,C05648,4,Satisfied,2025-09-08
RV008318,O031609,C07216,4,Good service,2025-09-20
RV008319,O018420,C00781,5,Highly recommended,2025-08-19
RV008320,O006778,C02040,5,Excellent quality,2026-05-07
RV008321,O003635,C05232,5,Fast delivery,2025-07-04
RV008322,O038975,C05261,5,Very satisfied,2024-12-18
RV008323,O005080,C06671,4,Satisfied,2024-12-31
RV008324,O039271,C01282,5,Highly recommended,2026-04-04
RV008325,O016290,C00855,4,Satisfied,2025-09-24
RV008326,O031339,C01716,5,Excellent quality,2026-07-18
RV008327,O015810,C08664,4,Satisfied,2025-12-01
RV008328,O010193,C03783,5,Fresh products,2025-01-20
RV008329,O037476,C01044,5,Fresh products,2025-05-31
RV008330,O031798,C07032,5,Very satisfied,2025-08-08
RV008331,O008485,C07141,4,Good service,2026-07-16
RV008332,O002102,C03285,4,Satisfied,2026-02-21
RV008333,O038787,C01819,5,Highly recommended,2025-09-26
RV008334,O011448,C03422,1,Damaged product,2025-01-11
RV008335,O011633,C05486,5,Highly recommended,2025-01-26
RV008336,O007907,C07576,5,Fresh products,2026-01-04
RV008337,O012239,C00992,4,Value for money,2026-02-14
RV008338,O039149,C02321,5,Fresh products,2026-06-25
RV008339,O006412,C03347,1,Damaged product,2026-03-09
RV008340,O013932,C07864,5,Highly recommended,2024-11-07
RV008341,O011866,C05394,3,Delivery was okay,2025-07-30
RV008342,O024320,C00689,5,Highly recommended,2025-03-13
RV008343,O008272,C01207,5,Fresh products,2025-07-22
RV008344,O039466,C09044,3,Average experience,2025-04-11
RV008345,O037404,C00922,5,Highly recommended,2025-09-10
RV008346,O019290,C08040,4,Satisfied,2025-07-28
RV008347,O019255,C09940,5,Fresh products,2025-10-15
RV008348,O004724,C03529,4,Good service,2025-04-04
RV008349,O027351,C04719,5,Fresh products,2024-08-31
RV008350,O034098,C07088,5,Fresh products,2025-04-08
RV008351,O033563,C07393,1,Damaged product,2026-03-24
RV008352,O003293,C08944,5,Fresh products,2025-12-31
RV008353,O012199,C08107,2,Packaging issue,2025-06-04
RV008354,O005624,C05155,5,Excellent quality,2025-01-31
RV008355,O016194,C01533,3,Delivery was okay,2026-07-02
RV008356,O000376,C04135,4,Value for money,2025-09-27
RV008357,O017297,C03018,5,Fresh products,2025-07-13
RV008358,O028168,C04127,5,Very satisfied,2024-08-18
RV008359,O002245,C06795,4,Value for money,2026-06-28
RV008360,O033288,C01563,5,Very satisfied,2024-11-16
RV008361,O014550,C01542,4,Satisfied,2025-05-24
RV008362,O015579,C07515,4,Nice packaging,2025-11-04
RV008363,O015277,C05048,5,Very satisfied,2025-08-23
RV008364,O035396,C06045,3,Average experience,2025-02-06
RV008365,O012335,C07139,3,Could be better,2025-08-28
RV008366,O035783,C07302,3,Could be better,2025-03-18
RV008367,O007810,C06280,5,Fast delivery,2025-07-28
RV008368,O007473,C07850,4,Value for money,2025-12-04
RV008369,O034554,C07464,5,Excellent quality,2025-03-18
RV008370,O018117,C05150,5,Very satisfied,2026-03-31
RV008371,O009856,C09661,5,Fresh products,2026-08-07
RV008372,O011312,C03860,5,Fresh products,2025-04-02
RV008373,O022810,C03212,2,Product quality below expectations,2024-07-31
RV008374,O021500,C09197,5,Highly recommended,2025-12-12
RV008375,O014654,C04005,3,Average experience,2025-01-16
RV008376,O026450,C05925,4,Satisfied,2024-09-22
RV008377,O022095,C02538,4,Nice packaging,2024-10-28
RV008378,O003291,C03140,4,Satisfied,2024-10-13
RV008379,O033091,C04281,5,Excellent quality,2025-05-29
RV008380,O027628,C08270,5,Highly recommended,2026-07-14
RV008381,O031736,C05688,4,Value for money,2025-09-18
RV008382,O038104,C09285,5,Fresh products,2025-10-15
RV008383,O018610,C07922,4,Good service,2024-12-02
RV008384,O032693,C05128,5,Highly recommended,2025-02-17
RV008385,O006091,C03390,1,Wrong item received,2025-08-28
RV008386,O007687,C05808,5,Fast delivery,2026-01-08
RV008387,O011411,C06094,5,Fresh products,2024-09-11
RV008388,O032651,C01222,3,Could be better,2026-01-15
RV008389,O012148,C03429,4,Value for money,2025-02-25
RV008390,O030756,C09221,5,Fast delivery,2026-03-10
RV008391,O024458,C08614,4,Satisfied,2024-09-25
RV008392,O008822,C06102,5,Excellent quality,2025-04-12
RV008393,O035474,C07432,1,Damaged product,2024-08-06
RV008394,O001012,C01105,4,Nice packaging,2025-12-04
RV008395,O031388,C06926,5,Very satisfied,2025-02-19
RV008396,O004689,C03016,2,Late delivery,2026-04-02
RV008397,O029590,C07743,4,Nice packaging,2025-01-08
RV008398,O034392,C05565,5,Highly recommended,2025-01-01
RV008399,O037695,C03830,5,Highly recommended,2025-11-19
RV008400,O008911,C06407,4,Satisfied,2024-11-28
RV008401,O031827,C07625,5,Fresh products,2026-02-23
RV008402,O026638,C00429,4,Satisfied,2024-09-03
RV008403,O014887,C09685,5,Fresh products,2025-11-01
RV008404,O015050,C00526,4,Nice packaging,2025-12-19
RV008405,O009487,C02373,3,Could be better,2025-05-16
RV008406,O026128,C07335,5,Very satisfied,2026-07-10
RV008407,O030584,C06501,5,Fresh products,2025-02-11
RV008408,O023167,C02791,5,Fast delivery,2026-03-04
RV008409,O021688,C08303,4,Nice packaging,2025-06-01
RV008410,O007564,C02200,5,Excellent quality,2025-11-28
RV008411,O025726,C07902,5,Very satisfied,2024-11-19
RV008412,O033167,C07138,3,Average experience,2026-01-14
RV008413,O030508,C09861,5,Excellent quality,2025-10-13
RV008414,O026447,C06570,5,Fast delivery,2025-09-16
RV008415,O012894,C01680,3,Average experience,2025-11-29
RV008416,O031794,C00130,4,Good service,2026-04-22
RV008417,O001622,C06593,4,Good service,2026-05-16
RV008418,O010494,C02119,5,Fast delivery,2025-11-29
RV008419,O011173,C03528,5,Excellent quality,2024-08-25
RV008420,O024942,C08581,4,Good service,2026-05-08
RV008421,O018887,C08777,5,Fresh products,2025-05-30
RV008422,O038148,C01138,5,Fast delivery,2024-12-27
RV008423,O006377,C09216,4,Good service,2025-09-07
RV008424,O012519,C02984,5,Highly recommended,2024-10-19
RV008425,O019798,C01025,5,Fresh products,2025-07-25
RV008426,O020139,C06437,5,Highly recommended,2025-02-21
RV008427,O024274,C03418,4,Good service,2025-10-25
RV008428,O024190,C00700,5,Fresh products,2025-02-08
RV008429,O030443,C06313,5,Excellent quality,2025-02-23
RV008430,O003240,C01588,5,Highly recommended,2024-10-11
RV008431,O038856,C00834,5,Very satisfied,2025-03-20
RV008432,O013321,C03421,5,Highly recommended,2024-11-24
RV008433,O010458,C05256,5,Very satisfied,2025-02-13
RV008434,O019436,C06693,5,Fast delivery,2025-09-30
RV008435,O020666,C08999,5,Highly recommended,2025-06-10
RV008436,O000416,C07027,5,Fast delivery,2025-06-11
RV008437,O036965,C05835,5,Very satisfied,2026-07-11
RV008438,O032925,C03345,2,Product quality below expectations,2025-09-30
RV008439,O024249,C05668,5,Fresh products,2026-06-15
RV008440,O002704,C07380,5,Excellent quality,2025-09-05
RV008441,O037460,C07843,3,Average experience,2025-07-15
RV008442,O018742,C06403,5,Fresh products,2024-10-29
RV008443,O028888,C01022,5,Fast delivery,2025-11-30
RV008444,O011830,C04650,4,Nice packaging,2025-07-08
RV008445,O029552,C09421,5,Excellent quality,2026-04-09
RV008446,O008741,C00626,5,Highly recommended,2024-09-27
RV008447,O000202,C05948,5,Excellent quality,2025-09-16
RV008448,O024180,C03829,5,Excellent quality,2026-07-06
RV008449,O021000,C07290,4,Nice packaging,2025-07-28
RV008450,O023150,C06718,5,Excellent quality,2025-12-30
RV008451,O001928,C02749,5,Fast delivery,2025-11-17
RV008452,O001234,C00862,3,Average experience,2025-07-25
RV008453,O015175,C04227,5,Fast delivery,2024-08-23
RV008454,O004233,C06262,5,Fast delivery,2025-12-18
RV008455,O012291,C01945,5,Fast delivery,2025-07-18
RV008456,O031247,C01281,5,Fast delivery,2025-06-02
RV008457,O028490,C09816,4,Nice packaging,2025-05-27
RV008458,O006963,C00172,2,Product quality below expectations,2026-07-14
RV008459,O028991,C02692,5,Highly recommended,2024-12-24
RV008460,O003228,C05518,4,Good service,2026-05-09
RV008461,O038765,C06637,3,Average experience,2025-06-06
RV008462,O004107,C01853,2,Product quality below expectations,2026-03-13
RV008463,O000298,C02329,4,Nice packaging,2025-05-06
RV008464,O023942,C04738,5,Fresh products,2025-04-13
RV008465,O027944,C03129,5,Highly recommended,2025-12-18
RV008466,O002273,C09317,3,Delivery was okay,2025-03-17
RV008467,O008437,C00191,3,Delivery was okay,2025-10-15
RV008468,O000528,C07481,3,Average experience,2026-06-16
RV008469,O022330,C02146,4,Good service,2025-03-23
RV008470,O020562,C04650,5,Fresh products,2026-02-14
RV008471,O029227,C06467,5,Fresh products,2024-11-23
RV008472,O014712,C03727,5,Highly recommended,2025-10-10
RV008473,O020625,C01374,5,Fast delivery,2026-05-16
RV008474,O017738,C08215,5,Fast delivery,2024-08-15
RV008475,O005536,C05926,5,Very satisfied,2026-05-31
RV008476,O010608,C08694,5,Excellent quality,2024-11-02
RV008477,O017907,C06391,4,Satisfied,2025-06-26
RV008478,O018484,C06019,5,Fast delivery,2026-03-07
RV008479,O022568,C06862,4,Good service,2025-06-12
RV008480,O019637,C07448,1,Very disappointed,2025-01-27
RV008481,O001238,C08888,4,Value for money,2024-12-03
RV008482,O033555,C00700,5,Fast delivery,2025-03-07
RV008483,O009270,C03295,5,Very satisfied,2026-07-07
RV008484,O037746,C04914,3,Delivery was okay,2026-02-15
RV008485,O010629,C01044,4,Good service,2026-06-28
RV008486,O020821,C05005,4,Nice packaging,2026-07-17
RV008487,O024617,C00508,5,Highly recommended,2025-11-15
RV008488,O008877,C02193,5,Very satisfied,2026-04-04
RV008489,O010090,C02438,5,Excellent quality,2024-11-18
RV008490,O037682,C07016,5,Very satisfied,2025-08-15
RV008491,O004293,C07483,5,Excellent quality,2025-02-27
RV008492,O014987,C04306,4,Good service,2024-12-22
RV008493,O010758,C04561,5,Highly recommended,2026-02-10
RV008494,O030073,C00081,2,Late delivery,2026-06-04
RV008495,O008116,C06622,5,Very satisfied,2026-01-26
RV008496,O031975,C00954,5,Excellent quality,2025-02-18
RV008497,O033080,C01510,4,Good service,2025-01-23
RV008498,O039687,C03223,5,Very satisfied,2025-10-01
RV008499,O021620,C05107,4,Value for money,2025-08-01
RV008500,O027526,C05087,2,Product quality below expectations,2026-07-09
RV008501,O014008,C04865,4,Nice packaging,2024-08-22
RV008502,O022767,C06565,4,Nice packaging,2024-10-23
RV008503,O037273,C00937,3,Delivery was okay,2025-11-20
RV008504,O013381,C08477,5,Excellent quality,2025-01-16
RV008505,O036346,C00429,2,Product quality below expectations,2026-03-12
RV008506,O027732,C05952,1,Damaged product,2024-10-23
RV008507,O039087,C00237,5,Highly recommended,2025-03-28
RV008508,O038094,C09585,3,Could be better,2024-10-19
RV008509,O036986,C00601,1,Damaged product,2026-07-13
RV008510,O036761,C01104,4,Value for money,2024-12-06
RV008511,O031452,C01206,5,Highly recommended,2025-06-01
RV008512,O032216,C03654,5,Fast delivery,2024-09-28
RV008513,O014408,C05189,5,Highly recommended,2025-12-27
RV008514,O028080,C00907,3,Could be better,2025-05-01
RV008515,O024939,C05594,1,Very disappointed,2024-08-14
RV008516,O038136,C04229,5,Very satisfied,2026-05-29
RV008517,O014566,C00351,4,Nice packaging,2025-05-10
RV008518,O030608,C01460,3,Delivery was okay,2025-10-05
RV008519,O015857,C04146,4,Value for money,2025-04-21
RV008520,O035498,C09558,5,Fresh products,2025-05-27
RV008521,O014774,C02161,1,Wrong item received,2024-12-08
RV008522,O016784,C02642,5,Excellent quality,2025-09-11
RV008523,O032767,C03992,5,Very satisfied,2025-06-03
RV008524,O005254,C01190,4,Good service,2025-12-05
RV008525,O012784,C08832,5,Fresh products,2026-04-16
RV008526,O018668,C09803,5,Excellent quality,2025-10-04
RV008527,O013242,C05181,5,Highly recommended,2025-09-03
RV008528,O025499,C09207,5,Very satisfied,2024-11-25
RV008529,O035321,C08526,1,Wrong item received,2026-02-09
RV008530,O032668,C04761,5,Fast delivery,2025-05-30
RV008531,O032997,C06448,4,Satisfied,2026-07-25
RV008532,O026027,C03850,5,Excellent quality,2025-05-03
RV008533,O001287,C02404,5,Very satisfied,2026-07-06
RV008534,O007995,C05177,5,Excellent quality,2025-06-23
RV008535,O028781,C01291,1,Damaged product,2024-09-15
RV008536,O004731,C01861,5,Fresh products,2026-05-02
RV008537,O028678,C06175,3,Delivery was okay,2025-12-15
RV008538,O007426,C01859,5,Excellent quality,2025-10-03
RV008539,O036320,C00664,5,Highly recommended,2025-04-24
RV008540,O000841,C03429,2,Packaging issue,2025-10-16
RV008541,O022949,C06720,4,Value for money,2026-01-08
RV008542,O034344,C05467,5,Fast delivery,2024-08-21
RV008543,O039181,C02523,3,Could be better,2026-06-19
RV008544,O030035,C05236,5,Highly recommended,2024-09-27
RV008545,O016074,C03730,1,Very disappointed,2026-02-21
RV008546,O014813,C01656,5,Very satisfied,2026-07-31
RV008547,O026997,C01520,4,Good service,2024-11-03
RV008548,O006799,C08889,5,Highly recommended,2025-05-08
RV008549,O030258,C02006,4,Value for money,2025-12-31
RV008550,O036529,C03893,5,Fast delivery,2025-01-28
RV008551,O001264,C09320,5,Very satisfied,2025-07-04
RV008552,O022688,C01564,5,Highly recommended,2025-11-16
RV008553,O022060,C02732,4,Good service,2025-01-05
RV008554,O022282,C03541,5,Fast delivery,2025-12-20
RV008555,O013466,C09104,5,Highly recommended,2025-03-25
RV008556,O034450,C01462,4,Good service,2025-11-02
RV008557,O007957,C06144,4,Satisfied,2026-02-04
RV008558,O022724,C04079,5,Highly recommended,2026-03-19
RV008559,O014104,C02125,4,Satisfied,2025-03-20
RV008560,O002734,C03572,5,Very satisfied,2024-11-24
RV008561,O026130,C00196,4,Nice packaging,2026-08-09
RV008562,O019428,C08012,4,Nice packaging,2025-01-24
RV008563,O038334,C02688,5,Very satisfied,2025-10-29
RV008564,O011414,C08164,5,Very satisfied,2026-03-10
RV008565,O012031,C02672,3,Average experience,2025-10-12
RV008566,O027491,C06098,3,Could be better,2024-11-16
RV008567,O019843,C09092,2,Late delivery,2024-09-05
RV008568,O002515,C01316,5,Fresh products,2024-10-01
RV008569,O037381,C09545,5,Fresh products,2025-02-20
RV008570,O032213,C09201,5,Excellent quality,2026-06-20
RV008571,O017139,C09047,5,Excellent quality,2025-12-27
RV008572,O013343,C08811,4,Nice packaging,2025-07-26
RV008573,O027799,C08333,4,Nice packaging,2025-05-17
RV008574,O029541,C09157,4,Value for money,2026-01-12
RV008575,O001528,C03611,4,Good service,2026-07-28
RV008576,O025395,C06945,5,Highly recommended,2026-07-07
RV008577,O027663,C06360,4,Value for money,2025-10-04
RV008578,O024372,C06505,4,Value for money,2024-09-25
RV008579,O025415,C02352,5,Fast delivery,2026-06-08
RV008580,O004229,C09683,5,Excellent quality,2026-02-25
RV008581,O024895,C09804,3,Average experience,2024-09-20
RV008582,O036918,C01998,4,Good service,2025-07-14
RV008583,O025830,C01607,5,Fresh products,2025-11-28
RV008584,O012862,C08274,5,Excellent quality,2024-12-29
RV008585,O031206,C02569,5,Fast delivery,2025-08-17
RV008586,O032846,C08752,5,Fresh products,2026-01-02
RV008587,O035204,C09743,5,Fast delivery,2025-10-17
RV008588,O003085,C06925,4,Good service,2025-06-06
RV008589,O004744,C09738,5,Highly recommended,2025-02-15
RV008590,O010785,C03116,5,Highly recommended,2025-07-13
RV008591,O019698,C03554,5,Very satisfied,2025-03-16
RV008592,O013628,C08193,5,Excellent quality,2025-05-07
RV008593,O009321,C05521,3,Average experience,2026-07-11
RV008594,O000703,C00565,3,Average experience,2025-09-30
RV008595,O018437,C01117,5,Excellent quality,2026-07-04
RV008596,O009649,C08916,4,Value for money,2025-01-14
RV008597,O035510,C07128,5,Fast delivery,2026-06-09
RV008598,O012414,C03841,4,Nice packaging,2025-01-31
RV008599,O014570,C08481,3,Delivery was okay,2025-01-06
RV008600,O003345,C03482,3,Delivery was okay,2026-06-25
RV008601,O029160,C01714,5,Fresh products,2026-06-15
RV008602,O002246,C08205,1,Wrong item received,2024-08-23
RV008603,O000482,C03410,3,Delivery was okay,2025-12-08
RV008604,O004936,C05769,5,Excellent quality,2025-07-10
RV008605,O014458,C03881,5,Very satisfied,2025-05-05
RV008606,O004491,C02132,2,Late delivery,2024-12-21
RV008607,O003934,C06099,5,Excellent quality,2024-12-13
RV008608,O009557,C04542,5,Very satisfied,2026-03-18
RV008609,O024984,C05351,4,Value for money,2025-09-28
RV008610,O037614,C07105,5,Fast delivery,2025-07-18
RV008611,O007645,C05739,5,Fast delivery,2025-12-27
RV008612,O028215,C00406,1,Damaged product,2024-10-05
RV008613,O038537,C00536,5,Fast delivery,2026-06-11
RV008614,O015251,C03874,4,Value for money,2026-01-28
RV008615,O032211,C07579,5,Highly recommended,2025-09-29
RV008616,O008405,C00405,2,Late delivery,2024-11-05
RV008617,O021990,C05374,5,Fresh products,2025-12-26
RV008618,O024753,C07028,5,Excellent quality,2024-10-30
RV008619,O003265,C08134,1,Damaged product,2026-05-20
RV008620,O019325,C07738,5,Fresh products,2026-06-13
RV008621,O007408,C09258,5,Very satisfied,2025-01-16
RV008622,O034182,C04593,5,Highly recommended,2025-12-14
RV008623,O037535,C02557,5,Fresh products,2024-12-13
RV008624,O023615,C03355,5,Fast delivery,2025-10-14
RV008625,O021084,C09060,5,Excellent quality,2025-11-04
RV008626,O000266,C03245,5,Highly recommended,2024-11-18
RV008627,O021939,C08482,5,Fast delivery,2026-03-07
RV008628,O016962,C01173,5,Excellent quality,2024-09-03
RV008629,O033902,C05844,4,Good service,2026-04-27
RV008630,O008364,C05341,5,Fast delivery,2026-04-11
RV008631,O027577,C06907,5,Fresh products,2026-01-14
RV008632,O026077,C06721,4,Good service,2025-06-28
RV008633,O028049,C08556,4,Nice packaging,2025-06-21
RV008634,O004049,C06924,5,Fast delivery,2025-05-07
RV008635,O026503,C06616,5,Excellent quality,2026-01-15
RV008636,O037361,C03571,2,Product quality below expectations,2026-03-12
RV008637,O032484,C09515,5,Excellent quality,2024-10-21
RV008638,O037376,C02503,3,Delivery was okay,2025-11-10
RV008639,O010963,C08092,5,Highly recommended,2025-02-14
RV008640,O002140,C03211,4,Satisfied,2024-10-29
RV008641,O037982,C01343,5,Very satisfied,2025-10-23
RV008642,O038147,C04350,3,Average experience,2025-09-04
RV008643,O009267,C02100,4,Satisfied,2025-08-24
RV008644,O002522,C03497,4,Good service,2026-05-20
RV008645,O026794,C05617,5,Fresh products,2026-03-15
RV008646,O035420,C04174,5,Excellent quality,2024-08-16
RV008647,O035203,C07215,5,Excellent quality,2025-08-15
RV008648,O016335,C09933,5,Fresh products,2024-09-15
RV008649,O017794,C09357,2,Packaging issue,2025-01-03
RV008650,O006173,C08695,5,Excellent quality,2025-10-27
RV008651,O013838,C00992,3,Delivery was okay,2024-09-29
RV008652,O024290,C05129,5,Highly recommended,2024-12-14
RV008653,O016434,C08617,5,Fast delivery,2024-10-06
RV008654,O007909,C00289,5,Excellent quality,2025-07-19
RV008655,O019216,C04008,4,Nice packaging,2026-01-09
RV008656,O037148,C04864,3,Could be better,2026-01-27
RV008657,O029949,C00856,3,Delivery was okay,2025-07-26
RV008658,O029883,C06250,5,Fast delivery,2025-03-03
RV008659,O028562,C03496,4,Good service,2025-03-30
RV008660,O028484,C04264,5,Fast delivery,2025-07-11
RV008661,O031121,C04390,5,Excellent quality,2025-04-01
RV008662,O011225,C08283,2,Packaging issue,2026-01-25
RV008663,O004015,C01148,5,Highly recommended,2024-09-18
RV008664,O023189,C09029,3,Average experience,2024-10-25
RV008665,O034671,C03789,5,Fast delivery,2025-07-27
RV008666,O006387,C04317,5,Fresh products,2024-12-02
RV008667,O019916,C05477,4,Nice packaging,2024-12-15
RV008668,O021960,C05182,3,Could be better,2026-07-09
RV008669,O021670,C06033,5,Fast delivery,2026-06-29
RV008670,O011379,C07662,3,Delivery was okay,2025-09-10
RV008671,O003348,C04034,5,Excellent quality,2025-01-03
RV008672,O001933,C09692,4,Good service,2024-09-19
RV008673,O021951,C00422,4,Good service,2026-05-27
RV008674,O035873,C04205,5,Highly recommended,2025-09-25
RV008675,O009876,C02330,4,Value for money,2025-01-08
RV008676,O029308,C09879,2,Late delivery,2025-10-30
RV008677,O037402,C08648,2,Packaging issue,2025-01-04
RV008678,O008601,C09389,5,Fresh products,2024-12-10
RV008679,O035867,C06760,5,Fast delivery,2025-09-12
RV008680,O022520,C00669,5,Excellent quality,2025-12-07
RV008681,O013732,C01862,5,Excellent quality,2026-04-10
RV008682,O013181,C04756,5,Fresh products,2024-08-24
RV008683,O009450,C09781,2,Packaging issue,2025-05-22
RV008684,O024218,C04525,3,Could be better,2026-04-17
RV008685,O020044,C04611,5,Highly recommended,2025-03-07
RV008686,O034858,C03189,4,Satisfied,2025-10-02
RV008687,O016825,C03611,5,Fast delivery,2025-11-03
RV008688,O000392,C04883,4,Good service,2026-05-25
RV008689,O000278,C09566,5,Highly recommended,2026-03-30
RV008690,O033217,C05852,4,Satisfied,2025-10-30
RV008691,O012000,C06163,5,Excellent quality,2025-09-07
RV008692,O034627,C09691,4,Nice packaging,2024-12-25
RV008693,O019063,C00440,5,Fresh products,2025-10-11
RV008694,O015790,C03435,4,Value for money,2025-03-05
RV008695,O015719,C03866,5,Very satisfied,2026-04-19
RV008696,O020361,C04626,4,Value for money,2026-02-03
RV008697,O038922,C09686,5,Highly recommended,2025-03-05
RV008698,O034547,C09156,1,Very disappointed,2026-02-23
RV008699,O009717,C04144,3,Could be better,2025-05-28
RV008700,O009629,C04798,5,Excellent quality,2025-10-04
RV008701,O032462,C02956,5,Fresh products,2024-12-14
RV008702,O034632,C09189,5,Fast delivery,2024-08-10
RV008703,O008496,C09032,5,Fast delivery,2026-03-07
RV008704,O022267,C01286,2,Packaging issue,2026-05-01
RV008705,O002589,C06600,5,Very satisfied,2024-12-19
RV008706,O012166,C08328,4,Value for money,2026-01-26
RV008707,O016412,C08476,5,Highly recommended,2025-10-06
RV008708,O006959,C09042,2,Packaging issue,2025-06-18
RV008709,O021324,C04256,4,Value for money,2025-11-28
RV008710,O001467,C07397,5,Highly recommended,2024-12-05
RV008711,O034306,C06861,4,Value for money,2025-06-26
RV008712,O008698,C03671,5,Fast delivery,2025-05-04
RV008713,O002763,C00220,5,Highly recommended,2025-03-30
RV008714,O017396,C05296,5,Highly recommended,2025-05-06
RV008715,O000557,C07939,5,Fast delivery,2026-06-16
RV008716,O029006,C02973,4,Good service,2024-08-17
RV008717,O004756,C02439,5,Highly recommended,2026-04-18
RV008718,O013237,C01727,4,Nice packaging,2026-04-15
RV008719,O008859,C05632,2,Product quality below expectations,2026-04-01
RV008720,O018458,C04848,1,Very disappointed,2024-12-01
RV008721,O000311,C08481,5,Excellent quality,2024-12-07
RV008722,O019415,C04883,5,Very satisfied,2025-05-02
RV008723,O018279,C01933,5,Very satisfied,2024-10-01
RV008724,O029678,C03472,5,Fast delivery,2025-04-08
RV008725,O000454,C01029,5,Very satisfied,2024-09-30
RV008726,O037289,C07308,5,Fresh products,2025-06-18
RV008727,O007551,C03978,2,Packaging issue,2026-04-15
RV008728,O004145,C01458,5,Fast delivery,2026-02-11
RV008729,O011784,C06237,4,Good service,2025-09-16
RV008730,O014082,C07095,2,Packaging issue,2026-06-21
RV008731,O016561,C09565,3,Could be better,2025-11-07
RV008732,O023435,C03792,5,Very satisfied,2025-08-16
RV008733,O031589,C03364,5,Fresh products,2025-11-03
RV008734,O025858,C01719,3,Could be better,2025-10-09
RV008735,O003160,C04162,5,Highly recommended,2025-07-28
RV008736,O030532,C00770,5,Fast delivery,2025-04-24
RV008737,O027900,C02031,5,Fresh products,2026-07-24
RV008738,O022348,C00679,2,Packaging issue,2026-06-04
RV008739,O023691,C02998,5,Fast delivery,2025-08-09
RV008740,O010612,C08271,5,Very satisfied,2025-10-05
RV008741,O014035,C07283,3,Could be better,2025-07-30
RV008742,O000643,C04044,5,Fast delivery,2026-02-24
RV008743,O034718,C05624,5,Very satisfied,2024-09-11
RV008744,O009489,C01862,5,Fresh products,2025-01-01
RV008745,O019673,C03903,5,Very satisfied,2025-03-27
RV008746,O011453,C03455,4,Satisfied,2026-02-08
RV008747,O018283,C01185,5,Fresh products,2025-07-29
RV008748,O020575,C01220,2,Late delivery,2025-08-22
RV008749,O018995,C08627,4,Value for money,2025-08-16
RV008750,O032633,C08233,5,Fresh products,2026-01-02
RV008751,O028998,C08612,5,Highly recommended,2025-01-30
RV008752,O015558,C03037,5,Highly recommended,2025-08-21
RV008753,O031392,C02277,5,Very satisfied,2026-01-14
RV008754,O028451,C03761,5,Very satisfied,2025-06-21
RV008755,O012328,C07605,5,Highly recommended,2025-03-05
RV008756,O005791,C00783,2,Product quality below expectations,2025-02-09
RV008757,O015669,C09395,5,Excellent quality,2026-02-04
RV008758,O029139,C05951,4,Nice packaging,2025-09-17
RV008759,O019572,C03218,5,Excellent quality,2025-02-05
RV008760,O030888,C08297,5,Fresh products,2025-08-31
RV008761,O032075,C01933,4,Value for money,2025-11-18
RV008762,O029130,C08298,4,Good service,2026-06-01
RV008763,O025903,C04202,5,Fresh products,2025-06-13
RV008764,O012736,C08177,5,Very satisfied,2024-08-14
RV008765,O005495,C00801,4,Good service,2026-07-15
RV008766,O007641,C04837,2,Packaging issue,2024-08-03
RV008767,O020100,C09486,5,Fresh products,2025-03-24
RV008768,O032217,C07378,5,Fresh products,2024-09-10
RV008769,O021895,C08150,4,Satisfied,2025-08-06
RV008770,O037095,C02352,5,Fresh products,2025-04-29
RV008771,O023858,C08460,5,Highly recommended,2026-05-11
RV008772,O038937,C08471,2,Product quality below expectations,2026-07-18
RV008773,O033765,C09195,4,Value for money,2025-01-06
RV008774,O033854,C09875,5,Fresh products,2026-06-19
RV008775,O020550,C08225,5,Highly recommended,2026-07-29
RV008776,O038812,C06240,3,Delivery was okay,2024-10-11
RV008777,O025976,C00819,5,Fresh products,2026-03-30
RV008778,O013511,C02194,5,Highly recommended,2025-08-29
RV008779,O025404,C07128,5,Fast delivery,2025-01-06
RV008780,O028930,C08251,4,Satisfied,2025-04-26
RV008781,O025042,C01017,5,Excellent quality,2024-08-06
RV008782,O015533,C05373,5,Highly recommended,2025-02-02
RV008783,O024141,C08619,1,Damaged product,2025-01-04
RV008784,O022161,C02230,5,Very satisfied,2025-01-23
RV008785,O007932,C06988,5,Highly recommended,2026-07-10
RV008786,O009836,C07707,4,Satisfied,2025-01-20
RV008787,O027844,C05217,2,Packaging issue,2025-10-29
RV008788,O027293,C06305,2,Packaging issue,2026-03-20
RV008789,O003350,C03746,5,Very satisfied,2025-11-15
RV008790,O028007,C07591,5,Very satisfied,2026-02-13
RV008791,O011340,C05778,4,Good service,2025-08-20
RV008792,O023066,C05629,2,Product quality below expectations,2026-06-24
RV008793,O003357,C03128,5,Fast delivery,2025-06-30
RV008794,O004683,C08889,5,Highly recommended,2024-08-05
RV008795,O002753,C09542,3,Delivery was okay,2026-04-13
RV008796,O006458,C08336,5,Fresh products,2025-02-04
RV008797,O033664,C02810,5,Fresh products,2024-10-22
RV008798,O015631,C09218,5,Excellent quality,2026-07-29
RV008799,O039362,C06907,5,Highly recommended,2026-06-18
RV008800,O019274,C09833,5,Very satisfied,2025-06-20
RV008801,O006109,C05146,5,Excellent quality,2024-10-18
RV008802,O021144,C02762,5,Excellent quality,2025-12-29
RV008803,O017577,C07874,5,Fresh products,2026-03-13
RV008804,O035054,C03057,4,Value for money,2025-08-28
RV008805,O033913,C00664,2,Product quality below expectations,2024-09-07
RV008806,O034341,C07316,4,Value for money,2026-02-18
RV008807,O014012,C06342,3,Delivery was okay,2025-04-16
RV008808,O004703,C02404,3,Could be better,2025-06-14
RV008809,O037174,C05093,3,Delivery was okay,2026-01-21
RV008810,O007776,C00904,2,Product quality below expectations,2026-05-31
RV008811,O003531,C07764,3,Could be better,2025-09-28
RV008812,O022489,C06525,5,Fresh products,2024-11-23
RV008813,O023456,C02804,5,Excellent quality,2026-02-18
RV008814,O029839,C00324,5,Fast delivery,2025-02-05
RV008815,O025194,C04719,5,Fresh products,2026-02-16
RV008816,O030304,C04195,4,Good service,2025-09-16
RV008817,O037530,C01646,5,Very satisfied,2024-10-04
RV008818,O011343,C05792,5,Fast delivery,2025-04-17
RV008819,O005678,C02376,4,Value for money,2025-10-09
RV008820,O033140,C08930,3,Average experience,2025-01-26
RV008821,O032927,C08853,5,Highly recommended,2025-01-12
RV008822,O023044,C06786,4,Satisfied,2025-02-10
RV008823,O012884,C07906,4,Satisfied,2025-10-16
RV008824,O022323,C07813,5,Very satisfied,2026-06-06
RV008825,O023903,C07473,1,Damaged product,2026-07-28
RV008826,O026344,C06905,5,Very satisfied,2024-11-04
RV008827,O033720,C01358,4,Good service,2025-08-13
RV008828,O007786,C08968,5,Excellent quality,2025-08-08
RV008829,O016602,C00180,4,Good service,2025-12-17
RV008830,O005615,C07503,5,Fresh products,2025-02-27
RV008831,O035460,C04671,4,Value for money,2025-06-12
RV008832,O025630,C07799,5,Excellent quality,2026-04-15
RV008833,O016986,C09418,4,Good service,2026-04-09
RV008834,O027344,C02785,5,Highly recommended,2025-09-16
RV008835,O024224,C05134,5,Excellent quality,2025-07-06
RV008836,O012155,C09504,5,Excellent quality,2026-01-09
RV008837,O007690,C09655,5,Highly recommended,2024-09-02
RV008838,O012541,C07248,5,Fresh products,2025-12-20
RV008839,O015929,C01441,5,Fast delivery,2025-01-18
RV008840,O029631,C09789,4,Value for money,2025-12-29
RV008841,O019614,C08422,5,Very satisfied,2026-07-10
RV008842,O021454,C04824,3,Average experience,2026-04-24
RV008843,O001856,C03961,5,Fast delivery,2026-03-08
RV008844,O009027,C09202,5,Fresh products,2026-01-19
RV008845,O036700,C00545,5,Fresh products,2026-03-30
RV008846,O012704,C07709,4,Value for money,2026-02-22
RV008847,O000114,C02204,4,Nice packaging,2025-05-12
RV008848,O026994,C08941,5,Highly recommended,2025-01-04
RV008849,O035567,C08527,5,Fresh products,2025-05-10
RV008850,O014438,C06702,5,Fast delivery,2025-03-07
RV008851,O038683,C03873,5,Highly recommended,2025-12-25
RV008852,O016114,C04604,4,Value for money,2025-09-09
RV008853,O000384,C01851,4,Nice packaging,2024-11-23
RV008854,O013105,C01390,5,Fresh products,2025-12-06
RV008855,O013658,C07444,3,Delivery was okay,2026-01-23
RV008856,O005027,C03125,4,Satisfied,2024-11-11
RV008857,O000234,C08878,5,Fresh products,2025-12-25
RV008858,O037306,C08312,4,Satisfied,2025-05-06
RV008859,O010367,C01019,3,Delivery was okay,2025-01-18
RV008860,O018726,C01984,5,Fast delivery,2024-09-18
RV008861,O007121,C05308,4,Value for money,2025-07-01
RV008862,O002944,C03155,5,Fast delivery,2025-05-31
RV008863,O034116,C06339,4,Good service,2026-04-21
RV008864,O013159,C02981,5,Fresh products,2026-07-25
RV008865,O033795,C03465,5,Fresh products,2025-10-21
RV008866,O013626,C02419,1,Damaged product,2026-06-26
RV008867,O035216,C08762,5,Excellent quality,2026-07-22
RV008868,O012361,C00920,5,Fresh products,2026-03-18
RV008869,O019506,C07523,4,Good service,2025-06-20
RV008870,O013818,C05133,5,Highly recommended,2024-08-21
RV008871,O016364,C05345,4,Good service,2025-09-15
RV008872,O002054,C01489,4,Nice packaging,2024-08-24
RV008873,O026699,C02392,5,Very satisfied,2025-09-20
RV008874,O025349,C07389,5,Fresh products,2024-09-29
RV008875,O012709,C02979,5,Very satisfied,2026-07-29
RV008876,O008817,C04523,2,Packaging issue,2025-05-22
RV008877,O006257,C04744,4,Value for money,2024-12-28
RV008878,O018212,C08763,5,Very satisfied,2025-05-07
RV008879,O014772,C01783,5,Fast delivery,2025-08-24
RV008880,O035912,C04159,4,Satisfied,2025-08-29
RV008881,O027540,C01779,5,Highly recommended,2025-08-02
RV008882,O019018,C09524,5,Fast delivery,2025-12-13
RV008883,O037015,C05262,4,Nice packaging,2026-07-10
RV008884,O017308,C08208,5,Fast delivery,2026-06-16
RV008885,O035476,C05480,2,Packaging issue,2025-08-13
RV008886,O008458,C07849,4,Good service,2026-07-11
RV008887,O027684,C06225,5,Excellent quality,2026-03-26
RV008888,O001579,C07119,4,Nice packaging,2024-10-24
RV008889,O037971,C07722,5,Very satisfied,2024-08-03
RV008890,O014048,C06020,3,Average experience,2026-05-06
RV008891,O036149,C09256,4,Nice packaging,2025-10-12
RV008892,O015920,C02774,5,Fresh products,2025-08-25
RV008893,O020517,C02249,5,Fresh products,2025-03-11
RV008894,O001037,C02956,5,Excellent quality,2024-09-20
RV008895,O016255,C02648,5,Very satisfied,2025-02-21
RV008896,O016474,C06329,3,Average experience,2024-12-28
RV008897,O003843,C05864,5,Excellent quality,2026-01-11
RV008898,O011445,C00825,5,Excellent quality,2025-12-30
RV008899,O034015,C03295,2,Late delivery,2025-02-01
RV008900,O005647,C03790,4,Satisfied,2026-06-22
RV008901,O013296,C07680,5,Very satisfied,2025-03-12
RV008902,O005174,C03412,5,Excellent quality,2024-12-30
RV008903,O021613,C02074,3,Delivery was okay,2026-05-31
RV008904,O007639,C01707,3,Delivery was okay,2025-02-24
RV008905,O012539,C08953,2,Product quality below expectations,2024-11-21
RV008906,O028594,C01240,5,Fast delivery,2025-01-01
RV008907,O000317,C04427,3,Average experience,2024-10-05
RV008908,O029491,C09455,4,Satisfied,2025-11-28
RV008909,O010539,C01753,5,Highly recommended,2026-01-23
RV008910,O034874,C09961,4,Value for money,2024-11-20
RV008911,O017127,C03773,5,Excellent quality,2026-04-02
RV008912,O031862,C03029,5,Highly recommended,2025-05-27
RV008913,O007071,C01581,3,Could be better,2025-03-21
RV008914,O015477,C04672,4,Value for money,2025-10-15
RV008915,O027601,C02922,5,Excellent quality,2025-09-16
RV008916,O028048,C04310,5,Fast delivery,2026-01-28
RV008917,O029279,C05985,5,Highly recommended,2026-07-19
RV008918,O034936,C07339,5,Very satisfied,2025-01-18
RV008919,O006097,C01621,5,Fast delivery,2025-04-21
RV008920,O024102,C00043,5,Fresh products,2026-06-08
RV008921,O024838,C05708,3,Could be better,2025-01-25
RV008922,O016361,C04316,4,Nice packaging,2026-05-18
RV008923,O030899,C01469,5,Excellent quality,2025-04-26
RV008924,O032008,C05811,5,Highly recommended,2026-03-22
RV008925,O006450,C08948,5,Fast delivery,2025-02-24
RV008926,O025537,C04243,5,Excellent quality,2025-02-05
RV008927,O022575,C06272,5,Fast delivery,2025-09-06
RV008928,O002127,C02037,4,Satisfied,2025-06-19
RV008929,O035501,C00550,4,Good service,2026-01-18
RV008930,O018291,C03308,4,Satisfied,2026-05-25
RV008931,O014196,C02544,5,Highly recommended,2025-07-18
RV008932,O026772,C00270,5,Fast delivery,2025-07-25
RV008933,O024590,C06651,5,Fresh products,2026-04-15
RV008934,O021715,C02216,5,Very satisfied,2025-07-15
RV008935,O023144,C07038,5,Highly recommended,2025-05-21
RV008936,O039910,C02228,5,Excellent quality,2024-09-16
RV008937,O036189,C02723,4,Value for money,2024-09-11
RV008938,O009635,C04931,5,Fast delivery,2025-06-15
RV008939,O039298,C04707,5,Fresh products,2024-09-28
RV008940,O020922,C02376,5,Very satisfied,2025-02-22
RV008941,O014931,C02701,5,Fresh products,2026-03-08
RV008942,O001127,C02546,5,Very satisfied,2026-02-07
RV008943,O035520,C02184,5,Excellent quality,2025-01-29
RV008944,O016050,C08997,2,Product quality below expectations,2025-01-24
RV008945,O032266,C00402,5,Highly recommended,2025-04-08
RV008946,O012690,C06529,5,Excellent quality,2025-01-03
RV008947,O023759,C05403,5,Very satisfied,2026-05-02
RV008948,O010315,C02642,3,Delivery was okay,2025-05-02
RV008949,O027425,C07983,5,Very satisfied,2025-03-10
RV008950,O000305,C00717,5,Fresh products,2024-09-05
RV008951,O017761,C03912,5,Very satisfied,2026-05-14
RV008952,O036863,C02681,5,Fast delivery,2025-07-31
RV008953,O005803,C03441,4,Nice packaging,2024-08-27
RV008954,O028572,C06439,5,Excellent quality,2025-03-12
RV008955,O039558,C07055,5,Fresh products,2026-04-28
RV008956,O031023,C09988,3,Could be better,2025-08-13
RV008957,O037675,C01366,3,Delivery was okay,2026-07-11
RV008958,O026436,C07286,3,Delivery was okay,2026-06-25
RV008959,O032976,C03445,5,Fresh products,2024-08-05
RV008960,O037035,C05840,4,Satisfied,2025-11-12
RV008961,O011033,C06496,5,Highly recommended,2026-05-24
RV008962,O025683,C00737,5,Very satisfied,2025-02-16
RV008963,O025652,C09869,4,Satisfied,2025-08-29
RV008964,O008639,C02868,5,Very satisfied,2024-12-28
RV008965,O024053,C06501,4,Good service,2025-03-19
RV008966,O032466,C06963,5,Excellent quality,2025-10-27
RV008967,O002366,C05922,5,Excellent quality,2024-08-21
RV008968,O024078,C03232,4,Value for money,2025-05-13
RV008969,O015458,C01935,5,Fast delivery,2026-05-02
RV008970,O007850,C06352,3,Could be better,2025-07-18
RV008971,O007522,C02719,5,Highly recommended,2025-12-03
RV008972,O018152,C07010,3,Could be better,2025-02-23
RV008973,O006049,C04706,5,Fast delivery,2025-09-08
RV008974,O029043,C05762,5,Fast delivery,2025-06-01
RV008975,O001751,C00042,5,Fast delivery,2024-08-05
RV008976,O016671,C06388,5,Very satisfied,2024-10-26
RV008977,O014865,C02576,5,Fresh products,2025-12-27
RV008978,O017344,C08792,5,Fast delivery,2024-10-06
RV008979,O037435,C01891,3,Average experience,2026-07-09
RV008980,O036350,C00883,5,Fast delivery,2026-01-05
RV008981,O020531,C00591,4,Nice packaging,2025-12-04
RV008982,O007466,C08449,4,Good service,2024-09-07
RV008983,O009569,C02439,5,Highly recommended,2026-03-14
RV008984,O024625,C04170,4,Nice packaging,2025-02-12
RV008985,O020219,C01966,3,Average experience,2026-03-04
RV008986,O021982,C00435,5,Very satisfied,2025-05-20
RV008987,O027924,C05818,4,Satisfied,2025-12-26
RV008988,O022352,C04329,5,Highly recommended,2024-10-04
RV008989,O017596,C03860,5,Excellent quality,2025-09-03
RV008990,O013885,C05533,4,Good service,2025-03-10
RV008991,O022547,C03017,4,Value for money,2025-08-02
RV008992,O036374,C03468,2,Product quality below expectations,2024-09-03
RV008993,O020926,C00199,5,Fast delivery,2025-08-20
RV008994,O019244,C00594,4,Good service,2024-08-03
RV008995,O020005,C07557,4,Satisfied,2026-05-01
RV008996,O003199,C05571,4,Nice packaging,2025-04-09
RV008997,O030154,C00227,5,Excellent quality,2026-01-11
RV008998,O017372,C00544,5,Very satisfied,2026-01-19
RV008999,O002977,C01471,5,Fast delivery,2025-07-29
RV009000,O039464,C09078,5,Excellent quality,2026-07-12
RV009001,O034173,C01330,4,Satisfied,2024-08-26
RV009002,O001197,C08061,5,Fast delivery,2026-03-26
RV009003,O018223,C00523,5,Excellent quality,2026-02-08
RV009004,O016818,C01326,5,Fresh products,2024-08-31
RV009005,O014446,C01340,4,Good service,2026-04-24
RV009006,O025387,C09965,5,Fresh products,2025-03-24
RV009007,O035466,C04387,5,Fast delivery,2025-02-09
RV009008,O020434,C00063,3,Could be better,2025-04-03
RV009009,O030700,C03463,4,Good service,2025-12-10
RV009010,O000162,C07257,4,Good service,2024-08-17
RV009011,O006324,C05853,5,Fresh products,2025-04-05
RV009012,O002853,C06642,5,Fresh products,2025-06-08
RV009013,O033272,C04690,5,Fresh products,2025-01-12
RV009014,O026658,C04946,3,Could be better,2025-04-10
RV009015,O030132,C09215,5,Highly recommended,2025-01-25
RV009016,O018395,C03861,3,Delivery was okay,2026-02-18
RV009017,O000251,C00677,5,Excellent quality,2026-05-14
RV009018,O016718,C07463,4,Value for money,2025-10-15
RV009019,O024471,C01662,3,Could be better,2026-06-27
RV009020,O035311,C07453,5,Fast delivery,2024-10-24
RV009021,O016022,C06085,4,Nice packaging,2025-09-11
RV009022,O036078,C03006,4,Nice packaging,2024-11-03
RV009023,O012089,C06759,5,Fast delivery,2024-09-27
RV009024,O030286,C00076,3,Delivery was okay,2026-01-03
RV009025,O020114,C08314,5,Fresh products,2025-06-08
RV009026,O008157,C00422,4,Nice packaging,2025-09-13
RV009027,O033830,C06571,3,Delivery was okay,2025-03-09
RV009028,O027890,C08063,5,Excellent quality,2024-09-08
RV009029,O021669,C08833,5,Very satisfied,2024-12-12
RV009030,O019143,C02969,3,Average experience,2026-02-08
RV009031,O014628,C05228,5,Fresh products,2025-06-20
RV009032,O038973,C08397,5,Highly recommended,2025-11-05
RV009033,O019600,C03273,4,Satisfied,2025-08-17
RV009034,O001874,C02733,5,Fast delivery,2024-11-21
RV009035,O015054,C03858,3,Average experience,2024-09-25
RV009036,O013828,C08626,3,Average experience,2025-11-04
RV009037,O029370,C02293,5,Very satisfied,2025-12-22
RV009038,O012657,C00503,5,Highly recommended,2024-08-11
RV009039,O007015,C03712,2,Late delivery,2024-08-06
RV009040,O008528,C04243,5,Fresh products,2026-07-20
RV009041,O023512,C03644,5,Excellent quality,2026-02-13
RV009042,O036690,C00687,3,Could be better,2026-03-07
RV009043,O017434,C07251,5,Excellent quality,2025-12-03
RV009044,O025676,C07484,2,Late delivery,2024-11-21
RV009045,O035925,C09443,5,Highly recommended,2024-08-13
RV009046,O020126,C05483,3,Average experience,2025-08-31
RV009047,O032323,C04639,5,Highly recommended,2026-03-12
RV009048,O023723,C00612,1,Damaged product,2026-02-17
RV009049,O000563,C04706,5,Fresh products,2025-05-02
RV009050,O009297,C08046,3,Could be better,2025-03-01
RV009051,O026868,C03431,5,Fast delivery,2025-03-15
RV009052,O006321,C04809,1,Very disappointed,2025-02-01
RV009053,O009215,C05638,5,Fresh products,2025-10-11
RV009054,O012965,C01499,3,Could be better,2024-10-16
RV009055,O013037,C06570,5,Fast delivery,2026-02-07
RV009056,O027140,C09625,4,Satisfied,2026-03-30
RV009057,O013883,C00103,3,Delivery was okay,2025-02-08
RV009058,O026800,C00836,2,Product quality below expectations,2025-03-12
RV009059,O002615,C00249,4,Nice packaging,2025-10-17
RV009060,O024711,C01431,2,Product quality below expectations,2024-10-11
RV009061,O030477,C02357,4,Value for money,2026-07-18
RV009062,O025115,C02448,4,Value for money,2025-02-11
RV009063,O019399,C03157,5,Excellent quality,2025-04-23
RV009064,O033250,C09521,5,Very satisfied,2024-11-29
RV009065,O010915,C04964,5,Excellent quality,2026-03-24
RV009066,O015194,C01349,5,Fast delivery,2024-12-04
RV009067,O004196,C01520,3,Delivery was okay,2025-08-24
RV009068,O010310,C01639,4,Good service,2025-08-24
RV009069,O003767,C02966,4,Value for money,2025-04-22
RV009070,O002715,C09897,5,Highly recommended,2024-12-30
RV009071,O038723,C06464,4,Value for money,2025-12-22
RV009072,O030730,C05988,4,Satisfied,2024-11-08
RV009073,O030278,C08463,5,Highly recommended,2026-06-01
RV009074,O035289,C04410,5,Highly recommended,2024-12-17
RV009075,O038669,C01273,5,Fresh products,2024-09-11
RV009076,O031374,C01037,3,Average experience,2025-10-15
RV009077,O018296,C07412,2,Packaging issue,2024-10-26
RV009078,O027755,C07926,5,Very satisfied,2025-04-10
RV009079,O012880,C09583,5,Very satisfied,2025-02-01
RV009080,O021288,C08091,5,Very satisfied,2025-07-03
RV009081,O038652,C02782,5,Excellent quality,2025-07-01
RV009082,O009089,C09193,5,Highly recommended,2024-11-18
RV009083,O036995,C09351,4,Good service,2024-10-20
RV009084,O028427,C06484,2,Product quality below expectations,2024-12-16
RV009085,O038690,C00729,4,Value for money,2024-11-05
RV009086,O003992,C03032,5,Fresh products,2025-12-03
RV009087,O013487,C03279,5,Fast delivery,2026-04-30
RV009088,O023923,C05253,3,Average experience,2026-03-19
RV009089,O032421,C01714,5,Excellent quality,2026-06-13
RV009090,O037311,C07419,5,Fast delivery,2025-05-29
RV009091,O034913,C01682,5,Fresh products,2025-05-30
RV009092,O006518,C08659,2,Late delivery,2025-07-23
RV009093,O039871,C05972,4,Satisfied,2024-09-30
RV009094,O003777,C06551,4,Nice packaging,2026-04-19
RV009095,O019587,C06952,5,Excellent quality,2024-12-01
RV009096,O032702,C09811,4,Value for money,2025-12-14
RV009097,O032557,C00197,2,Late delivery,2026-02-26
RV009098,O025319,C04127,5,Highly recommended,2026-02-28
RV009099,O030203,C05542,4,Nice packaging,2026-05-06
RV009100,O039064,C04182,4,Satisfied,2026-02-02
RV009101,O003735,C07654,5,Excellent quality,2024-12-04
RV009102,O002512,C00362,4,Nice packaging,2025-04-22
RV009103,O039740,C04770,5,Fast delivery,2026-01-03
RV009104,O033325,C04684,4,Satisfied,2024-11-27
RV009105,O037719,C08219,5,Fresh products,2026-06-05
RV009106,O012367,C02768,4,Satisfied,2025-10-07
RV009107,O004772,C08396,5,Very satisfied,2026-07-08
RV009108,O021750,C01000,5,Highly recommended,2026-06-30
RV009109,O028322,C08526,2,Late delivery,2025-01-14
RV009110,O015069,C06737,5,Fast delivery,2024-11-09
RV009111,O004237,C08215,5,Very satisfied,2025-09-12
RV009112,O004150,C04710,5,Excellent quality,2024-08-05
RV009113,O002050,C01728,4,Value for money,2025-08-12
RV009114,O030667,C07538,4,Good service,2025-02-08
RV009115,O020524,C00930,5,Fast delivery,2025-08-22
RV009116,O005801,C08079,3,Average experience,2026-04-07
RV009117,O023786,C02334,4,Good service,2026-01-23
RV009118,O039618,C05032,5,Fresh products,2025-10-08
RV009119,O013762,C05434,1,Wrong item received,2026-02-22
RV009120,O020248,C07460,5,Fresh products,2026-06-08
RV009121,O006141,C05430,4,Value for money,2025-01-03
RV009122,O025519,C08936,5,Excellent quality,2025-07-10
RV009123,O031706,C00634,5,Fast delivery,2025-07-16
RV009124,O020068,C02309,5,Fast delivery,2026-04-13
RV009125,O033505,C02624,5,Fast delivery,2024-11-20
RV009126,O003685,C01519,4,Good service,2025-04-05
RV009127,O028690,C00294,5,Highly recommended,2025-06-17
RV009128,O022984,C05545,4,Satisfied,2024-08-28
RV009129,O023278,C05911,2,Product quality below expectations,2025-12-08
RV009130,O039007,C03866,5,Fresh products,2024-10-08
RV009131,O030651,C01739,1,Very disappointed,2025-12-22
RV009132,O038628,C05914,4,Good service,2024-09-06
RV009133,O027044,C03011,5,Highly recommended,2024-09-05
RV009134,O035457,C07435,2,Packaging issue,2025-06-25
RV009135,O028560,C05762,4,Value for money,2026-05-06
RV009136,O029286,C06856,4,Good service,2024-11-28
RV009137,O038179,C05595,3,Delivery was okay,2026-01-15
RV009138,O015304,C07141,5,Fast delivery,2026-05-23
RV009139,O027205,C03530,5,Excellent quality,2025-06-03
RV009140,O021252,C01189,2,Product quality below expectations,2025-09-08
RV009141,O018387,C03095,4,Satisfied,2024-08-07
RV009142,O028190,C05905,5,Fast delivery,2024-12-05
RV009143,O030270,C09378,5,Fresh products,2026-04-12
RV009144,O000203,C07332,5,Very satisfied,2025-12-20
RV009145,O028245,C03131,1,Very disappointed,2026-05-27
RV009146,O029413,C03242,4,Value for money,2024-09-29
RV009147,O032769,C01590,5,Very satisfied,2025-10-16
RV009148,O005508,C01033,5,Very satisfied,2025-02-12
RV009149,O038564,C01909,4,Good service,2025-07-20
RV009150,O029448,C09032,2,Product quality below expectations,2024-10-13
RV009151,O028971,C01220,5,Fresh products,2025-01-26
RV009152,O010407,C09278,4,Nice packaging,2026-05-10
RV009153,O001902,C00643,3,Average experience,2024-10-03
RV009154,O031823,C00719,5,Fast delivery,2025-07-09
RV009155,O036696,C03030,4,Value for money,2026-03-01
RV009156,O001784,C06936,4,Value for money,2024-10-05
RV009157,O034846,C09485,5,Highly recommended,2025-11-23
RV009158,O007148,C09072,3,Could be better,2024-09-15
RV009159,O028274,C08527,5,Excellent quality,2026-07-24
RV009160,O022986,C07656,4,Nice packaging,2024-11-22
RV009161,O029629,C00286,3,Delivery was okay,2025-08-16
RV009162,O015353,C06166,5,Highly recommended,2024-10-17
RV009163,O013947,C05460,4,Satisfied,2026-04-21
RV009164,O032164,C09261,5,Highly recommended,2025-12-08
RV009165,O036277,C04057,4,Good service,2025-06-02
RV009166,O015586,C02671,4,Satisfied,2024-09-30
RV009167,O007842,C09265,1,Wrong item received,2025-11-25
RV009168,O039580,C09203,1,Wrong item received,2026-03-24
RV009169,O010154,C06440,5,Very satisfied,2026-02-20
RV009170,O026779,C07450,4,Nice packaging,2026-01-29
RV009171,O010910,C00043,4,Value for money,2025-09-11
RV009172,O019058,C03230,4,Satisfied,2026-05-29
RV009173,O005121,C04660,5,Very satisfied,2025-04-20
RV009174,O014821,C00692,5,Excellent quality,2025-02-27
RV009175,O014910,C09974,4,Value for money,2025-06-21
RV009176,O005024,C00887,3,Could be better,2025-09-12
RV009177,O024239,C08062,5,Highly recommended,2024-11-24
RV009178,O032291,C01822,3,Delivery was okay,2024-09-15
RV009179,O000885,C09794,3,Average experience,2024-08-19
RV009180,O015165,C09035,5,Fast delivery,2026-05-08
RV009181,O001394,C05983,4,Satisfied,2026-04-09
RV009182,O017347,C05481,4,Value for money,2025-03-14
RV009183,O031075,C03072,5,Very satisfied,2026-02-17
RV009184,O023665,C00997,4,Satisfied,2025-08-28
RV009185,O007556,C09020,4,Nice packaging,2024-08-07
RV009186,O003110,C03974,5,Excellent quality,2026-01-27
RV009187,O021547,C04789,5,Highly recommended,2025-01-23
RV009188,O002315,C00046,5,Highly recommended,2026-07-07
RV009189,O033602,C02485,4,Value for money,2025-06-13
RV009190,O038265,C01724,5,Very satisfied,2025-11-01
RV009191,O023837,C03530,5,Very satisfied,2025-10-19
RV009192,O012484,C06376,4,Nice packaging,2025-12-20
RV009193,O034376,C01653,5,Fast delivery,2024-08-11
RV009194,O021539,C06060,5,Highly recommended,2025-06-17
RV009195,O013283,C09057,4,Value for money,2026-02-26
RV009196,O034407,C03551,5,Highly recommended,2026-03-10
RV009197,O024264,C06105,5,Fresh products,2025-02-25
RV009198,O002958,C00850,2,Packaging issue,2025-09-06
RV009199,O002834,C03773,5,Highly recommended,2025-06-05
RV009200,O013819,C05935,5,Highly recommended,2025-09-16
RV009201,O037419,C03228,4,Value for money,2025-04-09
RV009202,O030570,C00329,5,Fresh products,2025-08-27
RV009203,O005220,C07535,4,Satisfied,2026-06-21
RV009204,O001253,C09678,5,Very satisfied,2025-06-07
RV009205,O029325,C02192,5,Excellent quality,2026-06-06
RV009206,O011330,C03099,4,Satisfied,2025-12-19
RV009207,O024750,C02249,5,Fast delivery,2026-07-10
RV009208,O006225,C08397,5,Fast delivery,2025-01-13
RV009209,O039985,C01980,4,Good service,2026-01-15
RV009210,O034079,C00531,5,Excellent quality,2025-05-19
RV009211,O000970,C03195,2,Product quality below expectations,2024-12-18
RV009212,O032178,C05219,5,Very satisfied,2026-07-12
RV009213,O037916,C03055,5,Very satisfied,2025-02-10
RV009214,O021247,C02588,5,Excellent quality,2025-11-12
RV009215,O023720,C05556,5,Fast delivery,2026-05-09
RV009216,O033507,C06721,5,Fast delivery,2026-07-17
RV009217,O013678,C09401,4,Nice packaging,2024-08-13
RV009218,O035081,C00644,4,Good service,2026-07-22
RV009219,O033784,C06179,5,Fast delivery,2025-06-16
RV009220,O013128,C05691,5,Highly recommended,2024-12-17
RV009221,O003419,C06655,5,Highly recommended,2025-01-07
RV009222,O032803,C08164,4,Nice packaging,2025-04-03
RV009223,O023362,C08575,2,Product quality below expectations,2026-01-03
RV009224,O015064,C08558,5,Highly recommended,2026-02-13
RV009225,O036628,C06024,5,Fast delivery,2025-01-23
RV009226,O034294,C03223,5,Very satisfied,2026-07-03
RV009227,O009693,C05034,3,Delivery was okay,2026-02-08
RV009228,O013833,C01334,4,Value for money,2026-03-22
RV009229,O001558,C00702,4,Nice packaging,2025-12-24
RV009230,O029845,C04778,5,Highly recommended,2026-06-13
RV009231,O033320,C09977,5,Very satisfied,2025-02-03
RV009232,O013931,C05582,3,Delivery was okay,2026-04-08
RV009233,O011518,C01879,5,Excellent quality,2024-12-17
RV009234,O025517,C02568,5,Highly recommended,2026-03-14
RV009235,O019398,C00817,5,Highly recommended,2025-10-03
RV009236,O022160,C07110,4,Value for money,2025-01-10
RV009237,O017356,C05083,5,Fast delivery,2024-08-14
RV009238,O030652,C00744,5,Fresh products,2025-06-23
RV009239,O039736,C04681,4,Good service,2025-10-14
RV009240,O032282,C07202,5,Fast delivery,2026-07-17
RV009241,O005529,C06844,5,Fresh products,2024-11-06
RV009242,O011646,C06022,1,Very disappointed,2024-08-29
RV009243,O007912,C00985,5,Highly recommended,2026-03-13
RV009244,O032294,C00238,5,Fast delivery,2025-09-01
RV009245,O010219,C07780,4,Nice packaging,2026-01-28
RV009246,O004796,C03815,2,Packaging issue,2025-05-14
RV009247,O034432,C01842,5,Fast delivery,2025-03-03
RV009248,O024878,C06783,5,Excellent quality,2025-06-11
RV009249,O007750,C09603,4,Nice packaging,2025-01-08
RV009250,O008745,C02289,5,Highly recommended,2024-10-29
RV009251,O007770,C03824,2,Product quality below expectations,2026-07-02
RV009252,O006011,C05288,5,Fresh products,2026-05-23
RV009253,O000745,C02849,3,Delivery was okay,2024-11-22
RV009254,O039555,C03112,4,Nice packaging,2026-01-02
RV009255,O037221,C00163,5,Fresh products,2024-11-17
RV009256,O032996,C06014,5,Highly recommended,2025-04-29
RV009257,O005918,C00392,5,Fast delivery,2025-03-27
RV009258,O036284,C04098,2,Packaging issue,2025-03-07
RV009259,O039731,C00186,4,Value for money,2024-12-10
RV009260,O028003,C06901,1,Very disappointed,2025-07-18
RV009261,O004778,C09993,4,Value for money,2025-09-06
RV009262,O010393,C07849,4,Value for money,2026-02-06
RV009263,O027363,C06895,4,Nice packaging,2026-08-01
RV009264,O005424,C01863,3,Average experience,2025-01-16
RV009265,O021048,C09989,5,Excellent quality,2025-08-12
RV009266,O039035,C00864,5,Fast delivery,2025-12-24
RV009267,O038435,C09853,5,Fast delivery,2024-10-24
RV009268,O036358,C01393,3,Average experience,2025-09-04
RV009269,O025704,C06463,4,Good service,2025-10-13
RV009270,O019317,C02830,5,Fast delivery,2026-07-13
RV009271,O009934,C00848,5,Very satisfied,2025-04-21
RV009272,O024279,C00010,4,Nice packaging,2026-06-16
RV009273,O007003,C05818,5,Very satisfied,2026-07-18
RV009274,O009353,C00059,5,Highly recommended,2025-01-11
RV009275,O015820,C01155,5,Excellent quality,2025-12-08
RV009276,O031527,C00633,5,Fast delivery,2025-04-20
RV009277,O002549,C06687,5,Excellent quality,2026-05-25
RV009278,O032382,C01769,3,Delivery was okay,2025-09-04
RV009279,O020057,C03540,4,Satisfied,2026-07-01
RV009280,O036647,C06961,3,Could be better,2025-09-10
RV009281,O017299,C03559,5,Fast delivery,2026-02-18
RV009282,O013431,C00721,2,Packaging issue,2025-01-15
RV009283,O009972,C05421,3,Average experience,2026-05-25
RV009284,O005912,C05969,5,Fresh products,2026-01-01
RV009285,O017936,C02030,5,Fast delivery,2024-11-06
RV009286,O008126,C07505,5,Very satisfied,2026-06-04
RV009287,O032313,C03451,5,Highly recommended,2024-08-20
RV009288,O011873,C06025,2,Packaging issue,2026-01-20
RV009289,O028456,C03933,3,Could be better,2025-12-19
RV009290,O035704,C01934,2,Product quality below expectations,2026-04-11
RV009291,O013669,C01310,5,Highly recommended,2025-12-24
RV009292,O016265,C09131,4,Satisfied,2025-02-21
RV009293,O009750,C02219,4,Nice packaging,2025-11-03
RV009294,O021230,C08186,3,Delivery was okay,2026-02-13
RV009295,O012464,C02199,4,Nice packaging,2024-08-06
RV009296,O004935,C02124,5,Fast delivery,2025-02-25
RV009297,O039096,C09329,4,Good service,2026-06-23
RV009298,O039830,C07797,4,Nice packaging,2026-02-20
RV009299,O023600,C09637,3,Could be better,2025-01-10
RV009300,O000960,C09389,5,Very satisfied,2024-12-19
RV009301,O009408,C01735,1,Damaged product,2026-01-01
RV009302,O039856,C05153,5,Very satisfied,2025-02-19
RV009303,O017249,C01795,3,Average experience,2025-06-20
RV009304,O000245,C08796,5,Excellent quality,2024-08-02
RV009305,O015882,C03987,4,Nice packaging,2026-03-22
RV009306,O008127,C03420,4,Nice packaging,2026-01-05
RV009307,O027221,C03457,4,Satisfied,2025-08-16
RV009308,O002850,C09416,5,Excellent quality,2026-06-15
RV009309,O012302,C02108,5,Highly recommended,2025-09-30
RV009310,O024450,C03994,2,Packaging issue,2025-12-08
RV009311,O032591,C01931,4,Value for money,2024-10-18
RV009312,O002149,C01247,4,Value for money,2025-11-01
RV009313,O025831,C03687,5,Excellent quality,2026-02-28
RV009314,O024103,C06898,5,Highly recommended,2026-02-08
RV009315,O034264,C03286,5,Fast delivery,2024-08-18
RV009316,O031969,C01383,3,Delivery was okay,2025-04-12
RV009317,O007201,C08892,4,Satisfied,2025-06-13
RV009318,O033016,C05739,2,Packaging issue,2025-02-21
RV009319,O012081,C09372,4,Satisfied,2025-01-02
RV009320,O035982,C04067,4,Value for money,2025-01-21
RV009321,O022712,C02811,5,Highly recommended,2025-08-12
RV009322,O003953,C06461,5,Highly recommended,2025-08-19
RV009323,O027139,C00379,5,Very satisfied,2025-06-09
RV009324,O011858,C06893,5,Highly recommended,2025-09-21
RV009325,O028527,C07593,5,Fresh products,2026-07-03
RV009326,O020298,C06777,4,Nice packaging,2026-07-20
RV009327,O014510,C01091,5,Fresh products,2025-09-02
RV009328,O012590,C04195,5,Fast delivery,2025-06-17
RV009329,O009124,C06869,4,Satisfied,2026-07-21
RV009330,O022577,C04240,5,Very satisfied,2024-12-19
RV009331,O017228,C04404,4,Good service,2024-08-23
RV009332,O035632,C04299,4,Value for money,2026-04-05
RV009333,O005721,C06160,4,Value for money,2025-06-05
RV009334,O037430,C07980,5,Fresh products,2024-09-12
RV009335,O035999,C05677,5,Fresh products,2025-07-07
RV009336,O038559,C02123,3,Average experience,2025-12-01
RV009337,O008118,C03533,4,Satisfied,2025-09-01
RV009338,O036515,C01175,5,Highly recommended,2025-07-15
RV009339,O034288,C00375,4,Nice packaging,2026-03-29
RV009340,O009593,C04301,4,Good service,2025-10-09
RV009341,O014598,C09703,4,Value for money,2026-02-10
RV009342,O038612,C05869,2,Late delivery,2026-05-29
RV009343,O038647,C01062,4,Good service,2026-06-12
RV009344,O006374,C01627,5,Fast delivery,2026-03-29
RV009345,O000723,C09684,5,Highly recommended,2025-12-10
RV009346,O007223,C01797,3,Delivery was okay,2025-01-11
RV009347,O027145,C06570,5,Very satisfied,2024-12-11
RV009348,O035527,C01158,5,Highly recommended,2025-08-03
RV009349,O015337,C04138,5,Fast delivery,2025-03-22
RV009350,O002376,C04271,5,Fresh products,2025-08-27
RV009351,O011964,C02999,5,Excellent quality,2024-10-09
RV009352,O014145,C08052,2,Product quality below expectations,2026-02-18
RV009353,O036821,C03477,5,Fresh products,2024-09-14
RV009354,O002607,C01008,5,Fresh products,2025-04-09
RV009355,O037369,C07965,4,Value for money,2026-02-14
RV009356,O026298,C03231,2,Late delivery,2025-12-11
RV009357,O031687,C09953,4,Nice packaging,2025-02-07
RV009358,O013108,C08192,5,Very satisfied,2026-04-20
RV009359,O024742,C08967,4,Value for money,2025-06-09
RV009360,O028666,C06354,4,Satisfied,2025-07-29
RV009361,O019327,C09156,5,Fast delivery,2025-03-26
RV009362,O022548,C09282,4,Satisfied,2026-05-10
RV009363,O037044,C00182,4,Value for money,2024-12-16
RV009364,O003908,C05892,5,Fast delivery,2025-05-10
RV009365,O038087,C03106,5,Highly recommended,2026-04-20
RV009366,O031109,C07727,3,Could be better,2025-12-30
RV009367,O017748,C02253,2,Packaging issue,2026-06-02
RV009368,O009817,C08813,4,Nice packaging,2026-01-13
RV009369,O037907,C01221,5,Very satisfied,2025-02-28
RV009370,O004751,C00270,4,Nice packaging,2025-07-02
RV009371,O039416,C08808,3,Could be better,2025-09-06
RV009372,O018733,C07757,5,Excellent quality,2026-01-07
RV009373,O032885,C08804,5,Excellent quality,2026-08-02
RV009374,O010964,C07576,4,Value for money,2024-09-24
RV009375,O000559,C08781,4,Satisfied,2024-11-10
RV009376,O032271,C03129,4,Nice packaging,2025-03-04
RV009377,O025030,C08011,5,Fresh products,2025-04-26
RV009378,O035916,C09665,1,Very disappointed,2025-03-07
RV009379,O016267,C05609,5,Fast delivery,2025-03-11
RV009380,O004058,C06934,5,Fresh products,2025-07-22
RV009381,O016410,C07480,5,Fresh products,2025-02-08
RV009382,O031070,C06931,5,Very satisfied,2026-02-05
RV009383,O021592,C01013,4,Nice packaging,2026-07-02
RV009384,O030720,C03170,4,Good service,2026-07-26
RV009385,O037469,C02960,4,Value for money,2025-04-07
RV009386,O012424,C08887,1,Wrong item received,2024-12-30
RV009387,O037741,C08123,4,Nice packaging,2025-06-21
RV009388,O009623,C06101,4,Value for money,2026-06-01
RV009389,O031505,C05008,5,Very satisfied,2025-05-24
RV009390,O037186,C01951,4,Value for money,2024-08-10
RV009391,O030832,C07898,3,Average experience,2026-05-07
RV009392,O001133,C04192,4,Value for money,2024-10-05
RV009393,O004990,C03389,5,Highly recommended,2024-10-18
RV009394,O018278,C02217,5,Fresh products,2025-02-06
RV009395,O012889,C09306,5,Fresh products,2025-05-15
RV009396,O032839,C04704,5,Fresh products,2025-02-14
RV009397,O016045,C04713,4,Good service,2026-05-07
RV009398,O028983,C08966,5,Fresh products,2025-08-20
RV009399,O030714,C09734,5,Excellent quality,2024-11-16
RV009400,O010292,C08220,4,Satisfied,2026-03-25
RV009401,O037215,C09192,5,Fresh products,2026-06-08
RV009402,O012516,C01896,4,Nice packaging,2025-11-01
RV009403,O029707,C01561,1,Very disappointed,2025-06-01
RV009404,O026205,C02696,5,Excellent quality,2026-07-28
RV009405,O010806,C00721,3,Average experience,2026-07-13
RV009406,O009196,C05427,3,Average experience,2025-06-28
RV009407,O009684,C06132,5,Excellent quality,2025-05-28
RV009408,O005043,C00272,5,Excellent quality,2025-06-11
RV009409,O021724,C09754,2,Product quality below expectations,2025-11-27
RV009410,O004717,C08556,1,Wrong item received,2026-05-02
RV009411,O008814,C02859,5,Very satisfied,2024-12-27
RV009412,O005336,C05631,5,Excellent quality,2026-01-07
RV009413,O005012,C01543,3,Average experience,2025-11-04
RV009414,O012255,C04457,3,Average experience,2025-07-12
RV009415,O024380,C06680,5,Highly recommended,2025-10-18
RV009416,O000389,C03995,4,Nice packaging,2025-08-21
RV009417,O007331,C02140,4,Satisfied,2026-05-26
RV009418,O024481,C00145,3,Delivery was okay,2025-09-01
RV009419,O011026,C02353,4,Satisfied,2026-05-26
RV009420,O038046,C09844,5,Very satisfied,2025-11-11
RV009421,O029506,C01699,5,Fresh products,2025-03-15
RV009422,O027546,C09005,5,Very satisfied,2025-11-09
RV009423,O023838,C05730,5,Highly recommended,2024-11-16
RV009424,O016555,C06674,2,Product quality below expectations,2024-10-27
RV009425,O025607,C05866,2,Product quality below expectations,2026-02-06
RV009426,O023391,C01118,5,Fast delivery,2025-02-22
RV009427,O005565,C05086,5,Fresh products,2026-02-24
RV009428,O010477,C01748,5,Fresh products,2025-01-27
RV009429,O029274,C07437,1,Wrong item received,2024-12-11
RV009430,O021304,C04005,5,Excellent quality,2026-05-24
RV009431,O038159,C01237,4,Good service,2024-12-23
RV009432,O006886,C00452,5,Fast delivery,2024-10-08
RV009433,O030492,C08332,3,Average experience,2025-07-17
RV009434,O037572,C04169,5,Fast delivery,2026-04-10
RV009435,O016547,C03041,5,Very satisfied,2025-08-21
RV009436,O036711,C04384,5,Very satisfied,2025-08-30
RV009437,O032934,C02747,2,Packaging issue,2026-01-29
RV009438,O032953,C02322,5,Excellent quality,2025-05-06
RV009439,O030860,C04222,5,Fast delivery,2024-08-08
RV009440,O017000,C05643,5,Excellent quality,2024-09-06
RV009441,O032180,C02674,5,Fast delivery,2025-09-19
RV009442,O007231,C01827,4,Nice packaging,2026-06-08
RV009443,O024725,C08910,4,Good service,2025-04-04
RV009444,O035445,C04292,5,Excellent quality,2025-08-25
RV009445,O016171,C06300,2,Packaging issue,2025-08-26
RV009446,O030027,C05136,3,Delivery was okay,2026-06-02
RV009447,O024688,C09146,2,Packaging issue,2026-03-29
RV009448,O039314,C02816,4,Nice packaging,2026-06-14
RV009449,O025564,C04344,5,Highly recommended,2025-01-22
RV009450,O030317,C03089,5,Very satisfied,2024-11-18
RV009451,O031817,C01208,5,Fast delivery,2026-05-08
RV009452,O003216,C00546,3,Average experience,2024-07-27
RV009453,O035872,C09977,5,Highly recommended,2025-12-18
RV009454,O002226,C06262,2,Packaging issue,2025-08-11
RV009455,O025989,C04176,4,Good service,2025-06-11
RV009456,O031657,C09887,4,Value for money,2025-06-15
RV009457,O019313,C03496,5,Highly recommended,2025-06-27
RV009458,O039097,C08277,4,Nice packaging,2025-09-11
RV009459,O009289,C04733,4,Value for money,2026-07-29
RV009460,O001173,C00749,4,Value for money,2025-02-09
RV009461,O038272,C07542,5,Fresh products,2025-06-07
RV009462,O020122,C03267,5,Very satisfied,2024-08-18
RV009463,O038176,C07870,5,Highly recommended,2024-08-03
RV009464,O005418,C06182,5,Very satisfied,2025-01-14
RV009465,O000163,C08395,3,Average experience,2025-09-04
RV009466,O027427,C02169,5,Excellent quality,2025-10-01
RV009467,O003935,C06056,5,Highly recommended,2025-04-10
RV009468,O000510,C07510,4,Good service,2026-07-01
RV009469,O024855,C01107,5,Fresh products,2025-05-15
RV009470,O009210,C08784,5,Highly recommended,2025-03-08
RV009471,O000890,C05067,5,Fast delivery,2025-11-27
RV009472,O024388,C08173,4,Satisfied,2025-04-24
RV009473,O029809,C09226,5,Fresh products,2025-04-29
RV009474,O004016,C01421,4,Satisfied,2025-06-25
RV009475,O037905,C01336,5,Highly recommended,2024-11-10
RV009476,O029373,C02862,4,Value for money,2025-09-22
RV009477,O014509,C01810,5,Highly recommended,2025-02-09
RV009478,O000378,C08705,4,Nice packaging,2026-05-30
RV009479,O025294,C05259,5,Very satisfied,2025-08-07
RV009480,O000176,C08870,5,Fresh products,2025-07-23
RV009481,O037510,C01450,5,Very satisfied,2026-07-01
RV009482,O030346,C05226,4,Value for money,2025-07-22
RV009483,O010162,C03901,4,Good service,2026-04-09
RV009484,O035634,C08749,5,Excellent quality,2025-04-13
RV009485,O017686,C05265,5,Excellent quality,2025-04-10
RV009486,O027639,C08028,5,Excellent quality,2025-11-18
RV009487,O015897,C08105,5,Fresh products,2026-06-16
RV009488,O006280,C03111,5,Very satisfied,2026-06-18
RV009489,O038681,C03253,4,Value for money,2024-10-18
RV009490,O010281,C06080,4,Satisfied,2025-06-22
RV009491,O019651,C01302,5,Excellent quality,2025-01-25
RV009492,O037386,C05422,3,Delivery was okay,2026-03-04
RV009493,O032948,C06572,5,Excellent quality,2025-02-10
RV009494,O004086,C09796,5,Highly recommended,2026-03-31
RV009495,O009167,C08367,5,Fast delivery,2025-08-19
RV009496,O007200,C05697,5,Fast delivery,2025-10-06
RV009497,O025306,C07899,3,Could be better,2026-03-13
RV009498,O017374,C05077,5,Fresh products,2026-01-16
RV009499,O036023,C04693,3,Could be better,2026-02-04
RV009500,O018480,C09409,4,Satisfied,2025-12-20
RV009501,O010727,C07043,3,Delivery was okay,2026-05-24
RV009502,O031013,C06870,4,Value for money,2025-09-19
RV009503,O038662,C07825,3,Could be better,2026-04-22
RV009504,O003649,C06077,3,Delivery was okay,2025-03-11
RV009505,O016797,C08007,5,Fast delivery,2025-03-25
RV009506,O024136,C07682,5,Very satisfied,2025-02-13
RV009507,O030758,C01898,5,Fresh products,2025-06-06
RV009508,O012048,C02325,5,Fast delivery,2025-09-30
RV009509,O013491,C00244,5,Very satisfied,2025-08-10
RV009510,O001846,C02631,5,Very satisfied,2025-12-28
RV009511,O011940,C06292,5,Fresh products,2025-06-14
RV009512,O033395,C00531,4,Satisfied,2026-02-05
RV009513,O024680,C05410,4,Satisfied,2026-06-16
RV009514,O007779,C09641,4,Good service,2024-09-09
RV009515,O028717,C03337,4,Satisfied,2024-12-12
RV009516,O003519,C04854,3,Average experience,2025-12-11
RV009517,O010899,C02879,3,Delivery was okay,2026-05-28
RV009518,O039368,C02486,4,Value for money,2025-05-29
RV009519,O007145,C01090,4,Satisfied,2025-01-01
RV009520,O017567,C09823,4,Value for money,2025-05-10
RV009521,O013334,C04745,5,Fresh products,2025-06-19
RV009522,O011329,C03883,5,Fast delivery,2025-06-20
RV009523,O029826,C01379,5,Excellent quality,2025-03-31
RV009524,O032957,C03314,3,Could be better,2025-10-16
RV009525,O035086,C03078,3,Average experience,2026-05-24
RV009526,O029853,C03875,5,Excellent quality,2025-05-07
RV009527,O021053,C00467,4,Satisfied,2025-12-05
RV009528,O007882,C04347,5,Excellent quality,2026-01-29
RV009529,O014318,C05742,5,Fast delivery,2024-09-14
RV009530,O020252,C02844,3,Delivery was okay,2025-06-02
RV009531,O010816,C03646,5,Highly recommended,2026-07-22
RV009532,O030833,C01323,4,Satisfied,2024-09-15
RV009533,O030890,C02699,2,Product quality below expectations,2025-06-10
RV009534,O035576,C03408,4,Good service,2025-10-01
RV009535,O010842,C01626,5,Fast delivery,2025-08-30
RV009536,O002659,C07626,4,Good service,2026-03-30
RV009537,O000813,C01863,4,Nice packaging,2026-04-23
RV009538,O026890,C01235,3,Average experience,2025-09-03
RV009539,O022364,C00081,5,Highly recommended,2026-05-23
RV009540,O007866,C00842,5,Fast delivery,2025-07-17
RV009541,O019908,C09396,5,Excellent quality,2025-10-13
RV009542,O011056,C01576,4,Good service,2025-02-18
RV009543,O019449,C02759,5,Very satisfied,2025-12-22
RV009544,O001700,C02226,5,Fast delivery,2024-10-22
RV009545,O004941,C01415,5,Fast delivery,2024-08-08
RV009546,O027050,C07951,5,Highly recommended,2026-04-07
RV009547,O012944,C07844,5,Fresh products,2025-05-09
RV009548,O013625,C02648,4,Satisfied,2026-01-27
RV009549,O003881,C02651,5,Excellent quality,2025-03-02
RV009550,O006462,C04463,5,Fast delivery,2025-05-13
RV009551,O016042,C03302,2,Packaging issue,2026-06-20
RV009552,O010774,C09508,4,Satisfied,2025-08-08
RV009553,O006358,C04101,5,Excellent quality,2024-12-17
RV009554,O007240,C05289,3,Average experience,2026-06-05
RV009555,O003119,C08058,5,Fast delivery,2025-03-06
RV009556,O022469,C04464,5,Excellent quality,2025-12-17
RV009557,O000220,C02750,5,Highly recommended,2025-06-27
RV009558,O004200,C06069,4,Value for money,2024-11-01
RV009559,O026947,C06252,5,Very satisfied,2024-08-24
RV009560,O007156,C01248,2,Late delivery,2025-04-03
RV009561,O029895,C06486,5,Very satisfied,2024-10-06
RV009562,O008035,C00195,4,Good service,2024-08-18
RV009563,O037822,C00485,5,Fresh products,2025-02-09
RV009564,O034207,C05689,5,Highly recommended,2024-10-06
RV009565,O007640,C07537,4,Nice packaging,2024-10-07
RV009566,O001652,C06009,4,Satisfied,2026-06-23
RV009567,O001836,C01592,2,Packaging issue,2025-04-22
RV009568,O013220,C00020,5,Very satisfied,2024-12-19
RV009569,O023058,C04847,5,Highly recommended,2025-01-10
RV009570,O027496,C09877,3,Could be better,2026-05-21
RV009571,O037347,C05318,5,Highly recommended,2025-07-10
RV009572,O005494,C06920,4,Good service,2025-01-26
RV009573,O009429,C05149,1,Damaged product,2025-02-23
RV009574,O006159,C05703,2,Packaging issue,2025-02-16
RV009575,O005545,C01948,5,Fast delivery,2026-06-15
RV009576,O004245,C00548,5,Very satisfied,2026-02-23
RV009577,O026850,C04043,4,Satisfied,2026-06-09
RV009578,O013199,C08349,5,Very satisfied,2025-05-04
RV009579,O000217,C09052,3,Could be better,2024-12-02
RV009580,O014838,C04453,5,Fast delivery,2026-05-04
RV009581,O021115,C06589,1,Very disappointed,2025-03-01
RV009582,O031518,C04786,4,Value for money,2026-05-08
RV009583,O012566,C05358,4,Satisfied,2024-11-10
RV009584,O017224,C04949,2,Product quality below expectations,2025-07-11
RV009585,O038457,C07851,5,Highly recommended,2025-05-02
RV009586,O015055,C04447,5,Very satisfied,2025-02-05
RV009587,O000548,C06002,5,Fresh products,2025-12-02
RV009588,O002538,C04576,1,Wrong item received,2025-11-04
RV009589,O001196,C05305,5,Fast delivery,2025-08-01
RV009590,O018355,C00563,5,Very satisfied,2026-06-29
RV009591,O027107,C08329,5,Fast delivery,2025-08-02
RV009592,O008816,C07203,2,Packaging issue,2024-10-06
RV009593,O034706,C03339,4,Nice packaging,2024-10-19
RV009594,O025920,C08258,5,Excellent quality,2024-10-28
RV009595,O002108,C08724,5,Fresh products,2025-08-13
RV009596,O012749,C04706,4,Value for money,2025-08-26
RV009597,O030456,C06451,5,Excellent quality,2024-10-02
RV009598,O017555,C06777,3,Delivery was okay,2024-09-23
RV009599,O021911,C03617,5,Very satisfied,2025-01-08
RV009600,O001384,C03441,5,Excellent quality,2026-05-17
RV009601,O039566,C07301,5,Very satisfied,2024-09-17
RV009602,O008332,C03446,4,Nice packaging,2026-06-28
RV009603,O007241,C04968,3,Average experience,2026-06-01
RV009604,O023535,C08961,5,Highly recommended,2025-11-27
RV009605,O009453,C09382,5,Fresh products,2025-12-15
RV009606,O030191,C04286,5,Fast delivery,2025-06-23
RV009607,O013046,C06173,5,Fast delivery,2025-05-11
RV009608,O015680,C09553,3,Could be better,2025-11-07
RV009609,O020589,C01466,1,Damaged product,2025-12-12
RV009610,O008423,C08168,5,Highly recommended,2024-08-15
RV009611,O013694,C00846,4,Value for money,2026-05-12
RV009612,O037773,C03949,5,Fast delivery,2025-08-14
RV009613,O023645,C06890,4,Satisfied,2026-06-08
RV009614,O016017,C08016,5,Fast delivery,2025-07-28
RV009615,O004377,C03109,3,Average experience,2026-07-12
RV009616,O028670,C08276,4,Satisfied,2025-05-04
RV009617,O030632,C01688,1,Wrong item received,2026-06-10
RV009618,O005214,C05527,5,Excellent quality,2025-04-01
RV009619,O004527,C06661,5,Excellent quality,2025-08-28
RV009620,O032778,C09791,5,Excellent quality,2026-07-05
RV009621,O034074,C01752,5,Fresh products,2024-11-04
RV009622,O037522,C01989,3,Average experience,2025-04-10
RV009623,O022571,C08943,4,Value for money,2026-02-28
RV009624,O031029,C08404,5,Fresh products,2026-05-03
RV009625,O005974,C00737,5,Highly recommended,2025-03-30
RV009626,O021427,C00710,4,Satisfied,2025-08-03
RV009627,O001513,C04747,4,Satisfied,2025-09-21
RV009628,O018531,C05099,4,Good service,2025-12-24
RV009629,O009068,C08803,5,Fast delivery,2024-11-09
RV009630,O011052,C07195,4,Nice packaging,2026-08-04
RV009631,O010354,C05941,5,Very satisfied,2024-09-20
RV009632,O013396,C05790,4,Satisfied,2026-02-06
RV009633,O012891,C01663,5,Fast delivery,2025-04-11
RV009634,O033833,C02466,5,Highly recommended,2025-01-25
RV009635,O018479,C02077,4,Satisfied,2025-12-20
RV009636,O011154,C07283,5,Very satisfied,2026-02-07
RV009637,O027608,C01292,5,Very satisfied,2026-01-24
RV009638,O017956,C09072,5,Excellent quality,2025-10-17
RV009639,O010280,C04673,5,Fast delivery,2025-08-21
RV009640,O014737,C02283,4,Good service,2026-04-20
RV009641,O035744,C04250,4,Nice packaging,2025-09-14
RV009642,O018285,C04270,4,Nice packaging,2026-04-27
RV009643,O011778,C03442,5,Very satisfied,2024-11-06
RV009644,O004769,C05156,5,Very satisfied,2025-10-29
RV009645,O016813,C07985,5,Highly recommended,2025-05-22
RV009646,O009099,C03838,5,Excellent quality,2025-05-27
RV009647,O019148,C04262,4,Value for money,2026-03-19
RV009648,O032387,C05157,5,Fast delivery,2025-08-06
RV009649,O014891,C00047,5,Very satisfied,2026-06-10
RV009650,O024538,C08667,4,Satisfied,2025-05-01
RV009651,O032933,C07040,3,Average experience,2025-07-14
RV009652,O010511,C07468,4,Value for money,2026-01-10
RV009653,O000039,C00749,3,Average experience,2025-09-19
RV009654,O025705,C06908,5,Excellent quality,2025-05-17
RV009655,O037179,C07676,5,Excellent quality,2026-04-26
RV009656,O033315,C04415,5,Fresh products,2025-09-24
RV009657,O007074,C06037,5,Highly recommended,2025-01-21
RV009658,O018630,C05649,4,Value for money,2025-05-05
RV009659,O025555,C00332,4,Good service,2025-11-06
RV009660,O015433,C07267,5,Excellent quality,2025-01-31
RV009661,O030989,C04598,4,Value for money,2025-12-27
RV009662,O005091,C09750,5,Excellent quality,2025-11-29
RV009663,O033687,C05137,4,Value for money,2026-04-17
RV009664,O003090,C07431,5,Excellent quality,2026-04-07
RV009665,O002195,C01771,3,Average experience,2025-09-18
RV009666,O017752,C02134,3,Average experience,2024-11-21
RV009667,O028935,C07146,5,Fast delivery,2026-04-17
RV009668,O021904,C05036,4,Good service,2025-06-10
RV009669,O001122,C06365,5,Fast delivery,2026-07-19
RV009670,O001148,C03562,5,Highly recommended,2024-12-01
RV009671,O023984,C05369,5,Very satisfied,2026-03-10
RV009672,O019420,C04066,5,Excellent quality,2025-06-11
RV009673,O014126,C05633,5,Excellent quality,2025-10-01
RV009674,O007326,C01420,4,Nice packaging,2026-06-13
RV009675,O032207,C03942,5,Fresh products,2025-09-26
RV009676,O024789,C05768,4,Satisfied,2025-05-30
RV009677,O033641,C06305,5,Fast delivery,2025-11-02
RV009678,O000532,C05389,4,Satisfied,2024-11-29
RV009679,O004840,C01724,5,Fast delivery,2024-10-30
RV009680,O008914,C02903,5,Very satisfied,2026-02-04
RV009681,O036247,C09655,5,Fast delivery,2025-06-23
RV009682,O037664,C03860,5,Highly recommended,2025-07-27
RV009683,O006706,C03672,5,Very satisfied,2025-07-27
RV009684,O015734,C02416,5,Highly recommended,2025-10-19
RV009685,O009587,C06871,5,Fast delivery,2025-12-14
RV009686,O023317,C04861,4,Nice packaging,2025-03-25
RV009687,O032736,C08209,5,Fresh products,2025-08-05
RV009688,O034476,C06731,4,Nice packaging,2026-05-16
RV009689,O024943,C03400,5,Highly recommended,2025-03-26
RV009690,O003491,C00645,3,Average experience,2025-04-24
RV009691,O013271,C03085,1,Damaged product,2025-11-24
RV009692,O013073,C08319,3,Delivery was okay,2025-11-25
RV009693,O001463,C02865,5,Fresh products,2025-02-01
RV009694,O020888,C02981,5,Fast delivery,2026-01-05
RV009695,O020141,C07317,4,Nice packaging,2025-03-21
RV009696,O017300,C06182,5,Very satisfied,2024-08-28
RV009697,O029424,C03246,4,Satisfied,2026-02-23
RV009698,O009261,C07342,4,Value for money,2025-12-22
RV009699,O020940,C04527,5,Fast delivery,2025-02-04
RV009700,O039467,C03845,3,Delivery was okay,2024-11-14
RV009701,O039724,C03653,5,Excellent quality,2026-07-18
RV009702,O039765,C00012,2,Packaging issue,2024-12-21
RV009703,O006089,C07648,5,Highly recommended,2026-02-24
RV009704,O004767,C07325,4,Nice packaging,2025-12-26
RV009705,O039641,C04930,5,Very satisfied,2025-04-14
RV009706,O004914,C05793,5,Highly recommended,2025-12-06
RV009707,O011359,C04183,5,Highly recommended,2024-11-24
RV009708,O034755,C09291,4,Nice packaging,2026-06-29
RV009709,O014381,C08167,4,Satisfied,2025-02-11
RV009710,O031990,C07431,5,Highly recommended,2026-03-04
RV009711,O038866,C04135,5,Fast delivery,2024-10-19
RV009712,O017775,C01468,5,Excellent quality,2024-10-11
RV009713,O023776,C03136,5,Highly recommended,2025-03-18
RV009714,O034911,C00644,5,Highly recommended,2026-03-25
RV009715,O031488,C00352,5,Very satisfied,2026-07-23
RV009716,O028952,C09926,5,Very satisfied,2025-07-02
RV009717,O018605,C01858,4,Satisfied,2025-08-16
RV009718,O001671,C02082,4,Value for money,2025-06-08
RV009719,O014661,C08157,4,Satisfied,2025-10-20
RV009720,O010617,C04620,5,Excellent quality,2025-07-04
RV009721,O016261,C05610,3,Average experience,2025-12-10
RV009722,O025092,C06358,4,Satisfied,2024-11-10
RV009723,O029532,C04478,4,Good service,2025-10-19
RV009724,O006694,C08911,4,Nice packaging,2026-06-24
RV009725,O019459,C02469,4,Satisfied,2025-06-05
RV009726,O021740,C09089,5,Excellent quality,2025-04-01
RV009727,O025671,C04647,4,Good service,2025-10-09
RV009728,O029067,C07729,3,Average experience,2026-03-20
RV009729,O008668,C04222,5,Very satisfied,2025-06-12
RV009730,O024853,C00341,2,Late delivery,2024-12-16
RV009731,O037622,C09335,5,Fresh products,2026-05-07
RV009732,O001890,C05999,5,Excellent quality,2025-12-20
RV009733,O026164,C08294,5,Highly recommended,2025-11-15
RV009734,O014435,C04421,2,Packaging issue,2024-11-02
RV009735,O039154,C07761,2,Packaging issue,2026-06-27
RV009736,O030273,C09415,5,Excellent quality,2025-07-22
RV009737,O022262,C02001,4,Satisfied,2025-12-21
RV009738,O034833,C05424,4,Satisfied,2025-08-26
RV009739,O001776,C04012,4,Nice packaging,2024-12-05
RV009740,O016052,C04331,4,Nice packaging,2026-05-17
RV009741,O019437,C01826,3,Average experience,2025-08-01
RV009742,O009790,C06816,1,Damaged product,2025-11-02
RV009743,O018178,C09257,5,Very satisfied,2024-10-27
RV009744,O038602,C05692,3,Could be better,2025-06-15
RV009745,O008536,C08767,5,Fresh products,2025-05-25
RV009746,O037943,C02323,5,Excellent quality,2024-12-15
RV009747,O014751,C05294,5,Excellent quality,2024-08-10
RV009748,O023321,C09611,4,Value for money,2025-03-10
RV009749,O009176,C01794,1,Wrong item received,2025-10-30
RV009750,O011407,C02070,5,Highly recommended,2026-05-02
RV009751,O009443,C05055,4,Nice packaging,2025-06-02
RV009752,O002639,C09954,3,Could be better,2024-12-17
RV009753,O035096,C00693,5,Very satisfied,2024-11-17
RV009754,O015066,C07242,5,Fresh products,2025-09-22
RV009755,O011264,C08737,4,Good service,2026-07-04
RV009756,O035239,C03865,4,Value for money,2026-01-24
RV009757,O038853,C06934,5,Excellent quality,2026-04-24
RV009758,O028622,C03248,5,Fresh products,2024-09-06
RV009759,O030736,C08951,2,Late delivery,2026-04-15
RV009760,O026816,C09695,5,Fast delivery,2026-07-21
RV009761,O015156,C07838,5,Fast delivery,2025-09-12
RV009762,O014923,C00928,3,Delivery was okay,2026-01-05
RV009763,O017272,C07623,5,Fast delivery,2025-10-25
RV009764,O033838,C09100,1,Very disappointed,2025-04-14
RV009765,O004704,C07578,5,Fast delivery,2025-05-22
RV009766,O000424,C04105,5,Highly recommended,2026-04-26
RV009767,O004323,C07294,3,Could be better,2026-05-20
RV009768,O009402,C01384,5,Highly recommended,2024-10-16
RV009769,O026729,C09949,3,Could be better,2026-07-25
RV009770,O005288,C09264,5,Fresh products,2024-08-27
RV009771,O015900,C07644,5,Fast delivery,2026-03-14
RV009772,O028364,C06431,4,Nice packaging,2025-02-19
RV009773,O019092,C01313,5,Excellent quality,2024-09-06
RV009774,O034063,C07206,5,Very satisfied,2026-05-30
RV009775,O009178,C07078,2,Packaging issue,2025-06-01
RV009776,O021913,C07418,3,Average experience,2025-06-26
RV009777,O030728,C02195,3,Could be better,2025-05-02
RV009778,O004873,C08263,3,Could be better,2025-05-22
RV009779,O008701,C07463,5,Very satisfied,2025-01-08
RV009780,O031005,C01532,5,Highly recommended,2025-12-29
RV009781,O024217,C08701,5,Excellent quality,2026-01-04
RV009782,O020962,C05411,3,Delivery was okay,2025-02-15
RV009783,O023668,C05275,5,Excellent quality,2025-08-13
RV009784,O015617,C06074,4,Good service,2026-07-28
RV009785,O003045,C02817,5,Excellent quality,2026-06-06
RV009786,O033031,C01956,3,Could be better,2025-10-06
RV009787,O003026,C00262,5,Fast delivery,2024-10-11
RV009788,O020123,C04914,1,Wrong item received,2025-12-01
RV009789,O010815,C07307,4,Good service,2025-09-07
RV009790,O011064,C02350,4,Value for money,2025-06-15
RV009791,O035750,C08573,4,Value for money,2025-11-03
RV009792,O034195,C05428,4,Nice packaging,2026-06-16
RV009793,O034952,C02203,5,Excellent quality,2026-01-01
RV009794,O020948,C07827,5,Fresh products,2026-03-03
RV009795,O035961,C07299,5,Very satisfied,2026-02-06
RV009796,O002367,C00427,5,Fast delivery,2025-06-17
RV009797,O018202,C03977,5,Fast delivery,2026-06-06
RV009798,O036733,C00464,5,Fresh products,2024-10-20
RV009799,O035975,C00350,5,Highly recommended,2025-02-20
RV009800,O003406,C02974,4,Satisfied,2026-03-26
RV009801,O010364,C07543,5,Fresh products,2025-02-25
RV009802,O003161,C00446,4,Value for money,2025-09-03
RV009803,O033449,C02498,3,Delivery was okay,2025-08-22
RV009804,O032683,C07442,5,Highly recommended,2025-01-05
RV009805,O002754,C09532,4,Good service,2025-07-04
RV009806,O019763,C03929,5,Fast delivery,2024-09-17
RV009807,O019178,C08771,4,Value for money,2025-07-22
RV009808,O025604,C08136,3,Average experience,2025-07-12
RV009809,O002058,C01398,5,Very satisfied,2025-02-06
RV009810,O012621,C05788,4,Satisfied,2024-09-09
RV009811,O009726,C00418,5,Highly recommended,2026-02-17
RV009812,O006765,C00847,5,Fresh products,2026-06-16
RV009813,O021732,C04971,5,Fresh products,2025-11-05
RV009814,O000492,C05848,5,Fast delivery,2025-10-01
RV009815,O012559,C09394,4,Satisfied,2026-03-22
RV009816,O025111,C06578,2,Late delivery,2025-06-13
RV009817,O000760,C01468,3,Delivery was okay,2025-09-05
RV009818,O005859,C04531,4,Nice packaging,2025-01-01
RV009819,O031849,C09608,5,Fresh products,2024-08-12
RV009820,O034166,C09485,5,Highly recommended,2025-10-07
RV009821,O022932,C08918,5,Excellent quality,2026-04-22
RV009822,O030927,C07533,4,Good service,2025-11-19
RV009823,O039088,C09029,4,Value for money,2025-06-10
RV009824,O037644,C07425,3,Could be better,2026-01-12
RV009825,O015018,C02329,4,Good service,2025-03-11
RV009826,O002221,C02955,4,Nice packaging,2026-03-25
RV009827,O003077,C01454,5,Fast delivery,2026-02-16
RV009828,O014557,C05145,5,Fast delivery,2025-05-28
RV009829,O023718,C01013,3,Delivery was okay,2025-07-27
RV009830,O017198,C04535,5,Fast delivery,2026-02-09
RV009831,O005891,C09062,5,Fresh products,2025-08-23
RV009832,O024100,C01145,4,Satisfied,2025-05-23
RV009833,O003648,C04650,5,Very satisfied,2024-11-02
RV009834,O024531,C02100,4,Good service,2024-09-18
RV009835,O027043,C00831,4,Good service,2025-03-03
RV009836,O009807,C08554,5,Highly recommended,2026-05-10
RV009837,O025914,C04305,5,Fast delivery,2026-02-27
RV009838,O025769,C04467,5,Very satisfied,2025-09-14
RV009839,O013846,C04374,3,Delivery was okay,2025-03-01
RV009840,O038014,C07500,4,Value for money,2025-08-13
RV009841,O033755,C08914,2,Product quality below expectations,2026-02-02
RV009842,O036315,C09008,2,Product quality below expectations,2025-09-10
RV009843,O002591,C02821,4,Satisfied,2025-05-01
RV009844,O021557,C01098,5,Very satisfied,2025-05-22
RV009845,O035105,C02964,3,Could be better,2024-08-05
RV009846,O035945,C06258,4,Good service,2024-10-28
RV009847,O009604,C04165,4,Good service,2025-05-18
RV009848,O014309,C05625,5,Excellent quality,2025-09-07
RV009849,O014065,C01147,4,Nice packaging,2025-12-20
RV009850,O035099,C05243,4,Good service,2024-09-13
RV009851,O034958,C09913,4,Nice packaging,2026-04-30
RV009852,O011223,C00161,5,Fresh products,2026-02-20
RV009853,O010363,C07719,2,Packaging issue,2026-06-01
RV009854,O024985,C09474,5,Excellent quality,2024-10-30
RV009855,O001945,C02910,5,Very satisfied,2026-02-22
RV009856,O013954,C07741,5,Highly recommended,2025-04-05
RV009857,O037134,C03898,5,Highly recommended,2025-01-28
RV009858,O011921,C01907,5,Fast delivery,2026-01-11
RV009859,O015992,C01231,2,Product quality below expectations,2024-09-21
RV009860,O039425,C02027,3,Could be better,2025-09-26
RV009861,O038756,C01228,5,Excellent quality,2026-06-12
RV009862,O011367,C01919,5,Fresh products,2026-06-20
RV009863,O015010,C03644,4,Nice packaging,2025-12-29
RV009864,O018903,C09634,5,Very satisfied,2024-08-14
RV009865,O026692,C02498,5,Excellent quality,2026-05-23
RV009866,O009323,C04823,2,Packaging issue,2025-12-07
RV009867,O002012,C01299,5,Highly recommended,2025-10-29
RV009868,O034959,C03377,4,Good service,2026-02-04
RV009869,O020804,C01886,5,Excellent quality,2024-10-22
RV009870,O013259,C02872,1,Very disappointed,2026-07-18
RV009871,O034034,C05667,5,Very satisfied,2024-11-18
RV009872,O026158,C03882,5,Excellent quality,2026-01-24
RV009873,O000827,C01741,3,Average experience,2024-12-04
RV009874,O013640,C02452,4,Nice packaging,2024-09-28
RV009875,O015099,C00298,5,Fast delivery,2025-05-27
RV009876,O038184,C04426,5,Highly recommended,2026-05-08
RV009877,O001460,C08516,4,Good service,2025-08-16
RV009878,O020399,C07192,3,Could be better,2025-06-22
RV009879,O039308,C07471,4,Satisfied,2025-10-05
RV009880,O016354,C08946,5,Fresh products,2025-07-28
RV009881,O005521,C07749,4,Satisfied,2025-05-15
RV009882,O002075,C01868,1,Wrong item received,2025-05-09
RV009883,O016424,C04942,4,Good service,2026-05-31
RV009884,O007185,C05273,5,Very satisfied,2024-11-02
RV009885,O003837,C05798,5,Fresh products,2025-05-10
RV009886,O025474,C05217,5,Very satisfied,2024-12-11
RV009887,O021265,C08928,5,Fresh products,2025-01-09
RV009888,O007195,C05089,3,Average experience,2025-12-25
RV009889,O022175,C06581,3,Average experience,2024-12-30
RV009890,O029659,C09692,5,Excellent quality,2025-08-22
RV009891,O026514,C01349,5,Fast delivery,2024-12-08
RV009892,O033408,C06381,4,Satisfied,2026-07-13
RV009893,O019832,C01409,3,Could be better,2026-06-04
RV009894,O025370,C08471,4,Value for money,2026-01-09
RV009895,O006289,C08937,5,Fresh products,2024-10-24
RV009896,O028254,C05332,5,Fast delivery,2025-05-15
RV009897,O023062,C04806,5,Highly recommended,2025-04-27
RV009898,O023108,C07314,5,Fresh products,2025-12-06
RV009899,O036025,C04516,5,Fast delivery,2024-08-11
RV009900,O017822,C05340,5,Very satisfied,2024-12-05
RV009901,O018405,C07439,5,Fast delivery,2025-09-07
RV009902,O004500,C03099,5,Fresh products,2025-07-27
RV009903,O007273,C01999,5,Fast delivery,2024-10-07
RV009904,O032592,C01458,4,Satisfied,2025-03-05
RV009905,O029228,C02120,4,Value for money,2024-10-30
RV009906,O000799,C05094,2,Late delivery,2025-05-30
RV009907,O014198,C05091,5,Fast delivery,2026-03-09
RV009908,O038328,C09152,3,Could be better,2025-04-22
RV009909,O021303,C03988,5,Fresh products,2024-11-16
RV009910,O024535,C06928,4,Nice packaging,2025-09-01
RV009911,O034220,C03775,5,Fresh products,2025-10-01
RV009912,O021852,C04624,1,Very disappointed,2024-12-13
RV009913,O029064,C06766,5,Highly recommended,2025-07-12
RV009914,O035963,C05932,5,Fresh products,2026-05-11
RV009915,O024020,C09984,4,Satisfied,2024-09-13
RV009916,O012394,C09384,3,Could be better,2026-07-16
RV009917,O034085,C01793,5,Fast delivery,2026-02-14
RV009918,O003256,C09039,5,Highly recommended,2025-04-30
RV009919,O038614,C04602,4,Nice packaging,2025-10-15
RV009920,O020445,C03300,4,Nice packaging,2025-11-17
RV009921,O007993,C00741,5,Very satisfied,2025-12-17
RV009922,O017241,C03191,5,Fresh products,2024-10-19
RV009923,O013674,C00327,5,Fast delivery,2025-11-29
RV009924,O033919,C08685,5,Highly recommended,2025-11-18
RV009925,O011914,C05674,5,Fresh products,2026-04-25
RV009926,O021763,C02445,5,Very satisfied,2025-11-16
RV009927,O030784,C05093,3,Could be better,2026-04-12
RV009928,O023386,C04222,5,Fast delivery,2026-01-29
RV009929,O039471,C07082,5,Highly recommended,2024-10-01
RV009930,O008649,C02478,5,Excellent quality,2026-06-20
RV009931,O029382,C01775,5,Fast delivery,2025-08-02
RV009932,O009051,C06570,4,Nice packaging,2025-11-10
RV009933,O024723,C04441,2,Packaging issue,2024-12-04
RV009934,O006418,C00900,5,Very satisfied,2024-09-21
RV009935,O007697,C06970,4,Value for money,2024-09-01
RV009936,O009511,C02351,5,Excellent quality,2025-04-21
RV009937,O004238,C09643,4,Nice packaging,2025-01-26
RV009938,O005970,C03723,4,Good service,2026-05-24
RV009939,O038728,C01388,3,Average experience,2025-08-19
RV009940,O022001,C06702,2,Late delivery,2026-04-11
RV009941,O029592,C02820,5,Fresh products,2026-07-09
RV009942,O001618,C08216,5,Very satisfied,2025-01-15
RV009943,O024525,C06623,4,Nice packaging,2025-09-25
RV009944,O003873,C06711,5,Highly recommended,2024-11-03
RV009945,O035210,C00172,5,Very satisfied,2026-06-27
RV009946,O030543,C00998,5,Fast delivery,2025-06-02
RV009947,O001212,C07016,4,Value for money,2025-01-18
RV009948,O028519,C04958,2,Packaging issue,2025-12-22
RV009949,O034158,C08671,5,Very satisfied,2024-08-31
RV009950,O036908,C09540,5,Very satisfied,2026-02-12
RV009951,O007178,C00141,4,Satisfied,2025-01-17
RV009952,O030085,C01985,5,Fast delivery,2024-12-05
RV009953,O033358,C06609,4,Satisfied,2024-12-29
RV009954,O014925,C06412,5,Fast delivery,2025-08-19
RV009955,O032629,C03739,4,Value for money,2026-01-12
RV009956,O015968,C05838,4,Good service,2025-08-08
RV009957,O019623,C03688,4,Nice packaging,2025-08-08
RV009958,O027589,C08055,5,Very satisfied,2024-12-08
RV009959,O022237,C03334,3,Average experience,2026-04-06
RV009960,O038255,C00406,4,Satisfied,2024-09-07
RV009961,O034506,C02774,2,Packaging issue,2025-12-17
RV009962,O037043,C04740,4,Satisfied,2024-10-01
RV009963,O009011,C05530,5,Highly recommended,2026-06-09
RV009964,O020330,C02781,5,Fast delivery,2026-02-08
RV009965,O003219,C02018,3,Average experience,2024-09-12
RV009966,O037985,C03347,5,Very satisfied,2025-05-25
RV009967,O010679,C09764,5,Excellent quality,2026-01-21
RV009968,O021179,C07665,3,Could be better,2025-04-15
RV009969,O007338,C09318,3,Could be better,2025-04-06
RV009970,O009774,C02612,3,Average experience,2025-06-18
RV009971,O010146,C05867,4,Good service,2025-07-09
RV009972,O001885,C07025,1,Damaged product,2025-08-26
RV009973,O009308,C09752,5,Very satisfied,2025-04-01
RV009974,O012466,C00352,5,Highly recommended,2025-11-09
RV009975,O015845,C06088,1,Damaged product,2024-08-05
RV009976,O016889,C01411,2,Late delivery,2026-05-15
RV009977,O027835,C08850,3,Average experience,2025-09-18
RV009978,O014057,C08575,5,Fresh products,2025-09-25
RV009979,O007384,C05395,5,Fast delivery,2024-09-02
RV009980,O034545,C07808,5,Fresh products,2026-06-05
RV009981,O022368,C03184,4,Good service,2026-01-19
RV009982,O006921,C06247,5,Excellent quality,2024-10-29
RV009983,O013968,C07032,2,Packaging issue,2025-11-06
RV009984,O035437,C03973,5,Fast delivery,2024-11-20
RV009985,O012379,C04823,5,Very satisfied,2026-03-02
RV009986,O037000,C06203,3,Average experience,2025-11-04
RV009987,O029951,C03829,5,Excellent quality,2026-04-13
RV009988,O031090,C07969,3,Could be better,2024-09-29
RV009989,O015930,C09245,3,Average experience,2024-09-13
RV009990,O024454,C05255,5,Fast delivery,2025-07-29
RV009991,O019371,C06896,3,Delivery was okay,2025-12-29
RV009992,O011594,C06918,5,Very satisfied,2026-06-15
RV009993,O000958,C05382,5,Excellent quality,2024-09-14
RV009994,O032419,C05239,5,Fresh products,2025-02-12
RV009995,O004686,C01690,5,Excellent quality,2024-08-09
RV009996,O014062,C08521,5,Fast delivery,2026-07-10
RV009997,O022768,C08875,4,Satisfied,2026-04-29
RV009998,O035701,C04406,4,Good service,2026-04-08
RV009999,O017536,C07510,4,Good service,2025-12-18
RV010000,O023721,C07484,5,Fast delivery,2025-01-09
RV010001,O000205,C00530,5,Fast delivery,2024-12-20
RV010002,O024464,C03098,4,Good service,2026-07-05
RV010003,O036387,C07811,5,Fresh products,2025-11-13
RV010004,O011104,C01725,3,Delivery was okay,2026-03-29
RV010005,O016096,C05265,4,Nice packaging,2025-03-08
RV010006,O002450,C04253,4,Good service,2026-03-28
RV010007,O024872,C04622,3,Could be better,2025-12-04
RV010008,O026624,C01767,5,Very satisfied,2025-10-05
RV010009,O015374,C05165,2,Late delivery,2024-10-03
RV010010,O037114,C04661,5,Very satisfied,2025-03-13
RV010011,O015171,C02393,5,Fresh products,2024-09-04
RV010012,O036451,C09520,1,Very disappointed,2025-02-18
RV010013,O016704,C09900,5,Excellent quality,2025-07-02
RV010014,O039653,C06389,5,Very satisfied,2026-02-05
RV010015,O029101,C06920,4,Good service,2024-08-20
RV010016,O012073,C07196,5,Excellent quality,2025-09-29
RV010017,O009567,C05570,5,Fresh products,2026-06-09
RV010018,O014852,C06443,5,Highly recommended,2024-12-07
RV010019,O003692,C06432,4,Good service,2024-08-02
RV010020,O020278,C06826,3,Could be better,2025-11-08
RV010021,O009841,C07801,5,Very satisfied,2025-12-19
RV010022,O037588,C01773,4,Good service,2026-05-13
RV010023,O010198,C08551,5,Highly recommended,2025-04-12
RV010024,O019594,C01801,4,Satisfied,2025-03-27
RV010025,O024307,C02583,5,Fresh products,2025-09-22
RV010026,O007034,C09169,5,Excellent quality,2025-07-15
RV010027,O008787,C02740,5,Very satisfied,2025-02-04
RV010028,O000006,C04960,5,Fast delivery,2024-08-18
RV010029,O019749,C07422,4,Good service,2025-12-19
RV010030,O019540,C08179,4,Good service,2026-01-19
RV010031,O001914,C06665,5,Excellent quality,2024-12-08
RV010032,O032300,C02332,5,Fresh products,2025-12-05
RV010033,O028671,C08864,5,Highly recommended,2026-03-10
RV010034,O020158,C09786,4,Good service,2025-09-21
RV010035,O035323,C04260,3,Delivery was okay,2026-02-08
RV010036,O012853,C04898,5,Very satisfied,2025-08-11
RV010037,O017854,C01057,4,Satisfied,2026-04-07
RV010038,O011477,C03926,4,Satisfied,2025-11-27
RV010039,O003986,C09917,5,Fresh products,2025-03-05
RV010040,O022962,C00262,5,Very satisfied,2025-12-15
RV010041,O000544,C06998,4,Value for money,2026-02-13
RV010042,O028838,C07961,5,Fast delivery,2024-11-10
RV010043,O022326,C05990,4,Good service,2026-05-26
RV010044,O021869,C05838,5,Fresh products,2024-10-10
RV010045,O023854,C09506,5,Fresh products,2025-03-05
RV010046,O024559,C09139,1,Very disappointed,2025-04-01
RV010047,O023105,C01299,5,Fast delivery,2025-03-07
RV010048,O000503,C05881,1,Wrong item received,2025-06-23
RV010049,O005082,C03446,1,Wrong item received,2024-11-02
RV010050,O035333,C07634,4,Good service,2025-03-13
RV010051,O005179,C03875,1,Very disappointed,2024-11-17
RV010052,O021517,C02476,5,Very satisfied,2025-04-03
RV010053,O008460,C05677,4,Value for money,2025-10-21
RV010054,O029447,C01199,4,Good service,2025-08-22
RV010055,O009804,C04851,4,Satisfied,2024-11-14
RV010056,O037783,C02526,4,Satisfied,2025-08-22
RV010057,O024010,C01823,5,Very satisfied,2025-07-24
RV010058,O026626,C06583,5,Highly recommended,2025-05-25
RV010059,O025895,C04693,5,Very satisfied,2025-04-16
RV010060,O036216,C08164,5,Fast delivery,2026-07-09
RV010061,O019287,C03145,4,Value for money,2026-06-22
RV010062,O031168,C06274,2,Late delivery,2024-08-25
RV010063,O012602,C05084,4,Satisfied,2026-02-02
RV010064,O009132,C04621,4,Value for money,2026-01-25
RV010065,O022035,C04783,4,Satisfied,2026-03-04
RV010066,O028373,C07520,2,Product quality below expectations,2026-05-10
RV010067,O021914,C09404,5,Fresh products,2026-07-09
RV010068,O004138,C00046,2,Packaging issue,2026-05-29
RV010069,O036941,C07542,5,Highly recommended,2026-07-03
RV010070,O011881,C04689,4,Satisfied,2025-11-22
RV010071,O034479,C02071,4,Nice packaging,2026-04-24
RV010072,O032950,C08910,5,Excellent quality,2025-05-01
RV010073,O029107,C06200,5,Highly recommended,2026-03-03
RV010074,O022899,C05458,5,Highly recommended,2026-07-15
RV010075,O012075,C06039,2,Late delivery,2025-01-15
RV010076,O015906,C05922,5,Fast delivery,2025-03-03
RV010077,O033071,C06806,5,Very satisfied,2025-09-06
RV010078,O017550,C02989,5,Fast delivery,2026-03-10
RV010079,O034225,C04262,5,Fresh products,2025-12-16
RV010080,O035108,C01832,3,Delivery was okay,2026-02-22
RV010081,O028140,C06936,5,Fresh products,2025-05-15
RV010082,O030703,C02873,5,Very satisfied,2024-09-19
RV010083,O019056,C05940,5,Excellent quality,2026-04-03
RV010084,O021285,C02225,3,Could be better,2026-06-03
RV010085,O013400,C05053,5,Fresh products,2025-05-18
RV010086,O015772,C03687,5,Fast delivery,2025-03-15
RV010087,O005504,C02922,5,Highly recommended,2024-09-14
RV010088,O016715,C00530,5,Very satisfied,2025-09-02
RV010089,O027712,C06051,5,Fresh products,2026-02-06
RV010090,O037323,C07335,4,Nice packaging,2025-09-27
RV010091,O032260,C08447,5,Excellent quality,2025-09-18
RV010092,O019976,C03618,4,Good service,2025-09-27
RV010093,O013928,C07491,2,Product quality below expectations,2026-07-02
RV010094,O038238,C07261,3,Could be better,2025-05-09
RV010095,O025109,C04972,4,Satisfied,2024-08-24
RV010096,O014853,C09347,4,Satisfied,2025-07-20
RV010097,O016027,C05595,5,Fast delivery,2025-11-14
RV010098,O017939,C07021,4,Good service,2025-11-07
RV010099,O022782,C01677,2,Packaging issue,2024-12-21
RV010100,O003037,C02655,3,Average experience,2026-02-19
RV010101,O035296,C06684,5,Very satisfied,2026-03-06
RV010102,O012149,C02739,3,Delivery was okay,2025-09-14
RV010103,O023867,C05192,5,Fresh products,2024-12-29
RV010104,O027613,C02072,4,Good service,2025-01-19
RV010105,O025164,C04651,4,Nice packaging,2024-08-19
RV010106,O004332,C03809,4,Satisfied,2025-02-14
RV010107,O016939,C05245,5,Excellent quality,2024-10-31
RV010108,O027893,C08811,4,Nice packaging,2025-01-18
RV010109,O008475,C09188,3,Average experience,2024-10-04
RV010110,O022339,C08580,5,Fast delivery,2024-09-13
RV010111,O008623,C09839,5,Fresh products,2026-07-07
RV010112,O034566,C08789,2,Packaging issue,2024-08-15
RV010113,O008081,C02613,4,Value for money,2025-01-02
RV010114,O030996,C06014,5,Very satisfied,2025-04-19
RV010115,O010803,C07955,4,Good service,2026-05-02
RV010116,O020132,C02457,5,Highly recommended,2026-04-19
RV010117,O032543,C07867,5,Highly recommended,2024-09-03
RV010118,O009190,C01317,5,Fast delivery,2025-03-19
RV010119,O005404,C07117,5,Excellent quality,2026-01-23
RV010120,O032103,C01420,1,Very disappointed,2026-03-31
RV010121,O031737,C06527,3,Average experience,2024-08-15
RV010122,O030143,C06413,2,Product quality below expectations,2025-09-02
RV010123,O029042,C01198,4,Nice packaging,2025-05-16
RV010124,O026647,C06530,5,Excellent quality,2025-04-08
RV010125,O011966,C01017,5,Excellent quality,2025-07-13
RV010126,O039044,C05056,5,Highly recommended,2025-07-18
RV010127,O014660,C01064,5,Highly recommended,2025-09-19
RV010128,O039991,C07808,5,Highly recommended,2024-09-01
RV010129,O022498,C00855,5,Highly recommended,2025-05-14
RV010130,O030564,C02163,4,Good service,2026-01-06
RV010131,O004443,C06116,4,Nice packaging,2025-04-05
RV010132,O029293,C05191,5,Fast delivery,2024-12-19
RV010133,O007934,C03166,2,Packaging issue,2025-07-24
RV010134,O026320,C07841,2,Packaging issue,2025-12-14
RV010135,O003237,C09950,5,Fast delivery,2026-03-14
RV010136,O036210,C08425,5,Highly recommended,2025-08-16
RV010137,O032550,C05587,5,Highly recommended,2025-07-01
RV010138,O010466,C01482,5,Very satisfied,2026-02-28
RV010139,O036810,C04608,5,Very satisfied,2026-01-05
RV010140,O029827,C03920,3,Could be better,2024-10-31
RV010141,O003410,C08202,4,Satisfied,2026-07-13
RV010142,O022806,C02915,5,Highly recommended,2025-07-30
RV010143,O039738,C04658,5,Fast delivery,2026-03-23
RV010144,O008724,C02931,3,Delivery was okay,2024-12-23
RV010145,O039855,C04557,2,Packaging issue,2026-01-19
RV010146,O038667,C02312,5,Very satisfied,2025-01-18
RV010147,O028068,C02702,5,Fresh products,2025-10-25
RV010148,O030269,C01262,4,Satisfied,2026-04-11
RV010149,O020364,C03315,4,Value for money,2024-10-18
RV010150,O011287,C06514,4,Value for money,2025-10-03
RV010151,O018751,C08136,5,Excellent quality,2026-01-03
RV010152,O026091,C03120,5,Excellent quality,2026-03-16
RV010153,O017095,C08884,4,Value for money,2025-04-17
RV010154,O025377,C01379,5,Fresh products,2024-08-09
RV010155,O028606,C07766,3,Delivery was okay,2026-06-07
RV010156,O007619,C02518,5,Fast delivery,2024-09-16
RV010157,O016443,C06070,2,Product quality below expectations,2025-11-29
RV010158,O038194,C05797,4,Value for money,2025-06-07
RV010159,O014492,C08447,2,Packaging issue,2025-02-28
RV010160,O010231,C03501,5,Highly recommended,2025-08-28
RV010161,O001580,C01655,5,Fresh products,2026-07-01
RV010162,O003959,C00319,5,Excellent quality,2024-11-12
RV010163,O015275,C04854,5,Fresh products,2024-09-12
RV010164,O016205,C00048,5,Fresh products,2026-01-31
RV010165,O026952,C04645,4,Good service,2025-08-07
RV010166,O015981,C02297,5,Fresh products,2025-07-31
RV010167,O027815,C08997,2,Packaging issue,2025-03-21
RV010168,O010181,C04055,5,Fast delivery,2025-11-06
RV010169,O013003,C05658,4,Good service,2026-01-13
RV010170,O039924,C02191,5,Very satisfied,2026-04-29
RV010171,O003738,C03978,4,Value for money,2025-10-17
RV010172,O018736,C06356,5,Fresh products,2025-03-28
RV010173,O014314,C06365,4,Good service,2025-01-21
RV010174,O033209,C05896,5,Excellent quality,2024-10-22
RV010175,O024500,C09130,5,Excellent quality,2026-04-21
RV010176,O033567,C03212,5,Very satisfied,2026-06-05
RV010177,O018646,C08049,2,Late delivery,2025-09-28
RV010178,O014899,C02104,4,Satisfied,2025-06-05
RV010179,O006453,C01606,5,Highly recommended,2024-11-15
RV010180,O007861,C03383,4,Value for money,2025-05-05
RV010181,O039666,C01629,4,Good service,2025-03-12
RV010182,O024273,C05399,4,Value for money,2026-06-01
RV010183,O002207,C04165,5,Fast delivery,2026-07-10
RV010184,O003055,C08738,5,Fast delivery,2025-11-26
RV010185,O026540,C07211,3,Could be better,2026-04-17
RV010186,O018301,C07251,5,Excellent quality,2026-05-22
RV010187,O038720,C01799,3,Delivery was okay,2025-10-16
RV010188,O013527,C08449,4,Satisfied,2024-12-14
RV010189,O011602,C05651,5,Excellent quality,2025-11-23
RV010190,O005344,C08104,5,Fresh products,2024-11-02
RV010191,O032943,C03022,1,Damaged product,2025-07-01
RV010192,O019846,C03644,5,Fast delivery,2026-03-30
RV010193,O002585,C05125,5,Very satisfied,2026-06-08
RV010194,O020036,C00530,5,Highly recommended,2025-05-25
RV010195,O011765,C08087,5,Fresh products,2024-12-27
RV010196,O021143,C05579,4,Satisfied,2024-11-14
RV010197,O009766,C05977,5,Excellent quality,2025-05-07
RV010198,O024821,C02215,4,Good service,2025-04-09
RV010199,O012287,C06197,5,Fresh products,2026-01-05
RV010200,O019645,C07561,5,Excellent quality,2026-01-05
RV010201,O036406,C07531,4,Good service,2025-11-27
RV010202,O004159,C01877,4,Value for money,2026-07-05
RV010203,O005998,C03671,5,Fresh products,2025-03-01
RV010204,O002601,C06187,5,Highly recommended,2025-07-30
RV010205,O020609,C07436,4,Satisfied,2024-11-09
RV010206,O013926,C06024,5,Highly recommended,2025-02-06
RV010207,O037641,C09384,4,Value for money,2025-03-13
RV010208,O020242,C04221,4,Value for money,2025-08-31
RV010209,O026648,C04512,5,Very satisfied,2024-09-30
RV010210,O030961,C07101,2,Packaging issue,2024-08-21
RV010211,O030971,C09871,3,Could be better,2025-11-01
RV010212,O027290,C00983,5,Highly recommended,2025-01-09
RV010213,O028283,C00471,4,Good service,2026-07-02
RV010214,O000385,C06025,5,Excellent quality,2025-07-03
RV010215,O026407,C04665,5,Fresh products,2025-02-02
RV010216,O012857,C02060,5,Excellent quality,2025-10-04
RV010217,O034924,C00234,2,Product quality below expectations,2025-02-24
RV010218,O026106,C00390,4,Nice packaging,2025-03-14
RV010219,O012363,C07174,5,Very satisfied,2025-11-26
RV010220,O028584,C07364,5,Fast delivery,2026-07-17
RV010221,O030038,C00107,5,Fresh products,2025-12-19
RV010222,O011585,C00928,5,Highly recommended,2025-05-01
RV010223,O025667,C03732,5,Highly recommended,2024-09-11
RV010224,O021855,C06781,5,Very satisfied,2026-04-23
RV010225,O005124,C00774,4,Good service,2026-04-12
RV010226,O010055,C09581,3,Could be better,2025-07-07
RV010227,O039329,C07870,3,Average experience,2026-01-12
RV010228,O039255,C00151,5,Fresh products,2025-01-27
RV010229,O034983,C09557,5,Fast delivery,2025-06-19
RV010230,O016015,C00984,4,Good service,2026-04-07
RV010231,O039201,C06474,2,Product quality below expectations,2025-08-28
RV010232,O011806,C06963,4,Satisfied,2025-03-12
RV010233,O038745,C09774,5,Fast delivery,2025-12-09
RV010234,O030446,C07655,5,Very satisfied,2024-10-02
RV010235,O000441,C05744,4,Satisfied,2026-05-28
RV010236,O029343,C06703,3,Average experience,2025-03-08
RV010237,O020663,C07937,5,Very satisfied,2026-07-29
RV010238,O014266,C05628,5,Fresh products,2025-12-08
RV010239,O020613,C03015,3,Average experience,2025-06-11
RV010240,O002431,C00512,4,Satisfied,2026-06-02
RV010241,O024700,C03599,5,Fast delivery,2024-11-29
RV010242,O007002,C04651,5,Fresh products,2026-04-11
RV010243,O018213,C00662,5,Fresh products,2025-05-30
RV010244,O006993,C01183,3,Could be better,2025-10-26
RV010245,O023710,C08810,5,Excellent quality,2026-01-12
RV010246,O020991,C03946,5,Fresh products,2025-03-17
RV010247,O004141,C09788,5,Excellent quality,2026-01-01
RV010248,O038484,C06636,4,Good service,2025-03-05
RV010249,O017311,C06950,4,Value for money,2025-05-21
RV010250,O016175,C04888,2,Packaging issue,2026-07-14
RV010251,O016338,C02011,4,Nice packaging,2026-07-15
RV010252,O013672,C09668,3,Could be better,2025-03-09
RV010253,O000142,C05388,4,Value for money,2024-08-30
RV010254,O018026,C01840,5,Fresh products,2026-05-13
RV010255,O013684,C09398,5,Fast delivery,2025-07-16
RV010256,O030754,C05174,5,Excellent quality,2025-04-03
RV010257,O023657,C02272,4,Good service,2025-11-09
RV010258,O030887,C01618,3,Delivery was okay,2025-02-16
RV010259,O010949,C03480,5,Highly recommended,2025-12-03
RV010260,O022214,C01980,5,Fast delivery,2026-03-30
RV010261,O018167,C02036,5,Excellent quality,2026-03-07
RV010262,O000068,C06570,5,Highly recommended,2025-03-19
RV010263,O009891,C04893,5,Very satisfied,2025-05-06
RV010264,O028076,C08357,4,Nice packaging,2025-11-15
RV010265,O001826,C07955,5,Fresh products,2025-01-07
RV010266,O014773,C06339,5,Fresh products,2026-05-30
RV010267,O023159,C05811,2,Packaging issue,2026-03-16
RV010268,O011979,C03422,5,Highly recommended,2025-02-24
RV010269,O023596,C04848,5,Fresh products,2026-06-15
RV010270,O000110,C07182,3,Delivery was okay,2026-06-04
RV010271,O031094,C05593,5,Highly recommended,2024-11-21
RV010272,O010404,C00733,5,Excellent quality,2024-11-12
RV010273,O032380,C07967,5,Very satisfied,2025-05-13
RV010274,O003601,C04128,5,Fresh products,2024-10-24
RV010275,O014655,C01514,3,Could be better,2024-11-13
RV010276,O025712,C07635,5,Fresh products,2025-09-18
RV010277,O001261,C02696,4,Value for money,2026-05-30
RV010278,O012914,C09783,5,Fast delivery,2026-05-07
RV010279,O024129,C06259,5,Highly recommended,2025-08-08
RV010280,O010754,C02821,2,Product quality below expectations,2026-06-19
RV010281,O029814,C03908,5,Highly recommended,2025-02-18
RV010282,O014521,C05564,5,Fresh products,2026-03-21
RV010283,O035994,C09047,2,Late delivery,2024-10-06
RV010284,O017336,C07774,5,Fast delivery,2025-11-17
RV010285,O036081,C03942,4,Good service,2025-09-11
RV010286,O038177,C03816,5,Highly recommended,2024-12-11
RV010287,O038335,C08914,5,Fast delivery,2026-01-07
RV010288,O008428,C02411,5,Fresh products,2026-05-22
RV010289,O037250,C00820,4,Good service,2025-09-11
RV010290,O015809,C07341,5,Very satisfied,2025-08-03
RV010291,O037031,C03985,5,Very satisfied,2025-04-16
RV010292,O010408,C07965,5,Highly recommended,2026-02-07
RV010293,O019504,C05955,4,Good service,2025-06-24
RV010294,O005150,C06213,4,Nice packaging,2025-01-31
RV010295,O028664,C01071,4,Value for money,2025-09-03
RV010296,O020781,C01729,5,Very satisfied,2024-10-03
RV010297,O002575,C04136,5,Highly recommended,2025-04-22
RV010298,O035335,C08835,5,Highly recommended,2026-06-30
RV010299,O005904,C00803,4,Nice packaging,2024-10-01
RV010300,O030864,C09672,5,Excellent quality,2026-07-25
RV010301,O030573,C07208,4,Good service,2025-01-06
RV010302,O021930,C07857,5,Fast delivery,2026-07-15
RV010303,O003494,C08598,3,Average experience,2026-02-10
RV010304,O010254,C09778,5,Excellent quality,2025-05-06
RV010305,O008424,C07890,5,Highly recommended,2024-09-21
RV010306,O017877,C03610,5,Fast delivery,2024-12-12
RV010307,O024988,C07296,4,Good service,2026-07-11
RV010308,O001102,C06798,5,Fast delivery,2025-12-11
RV010309,O014405,C02288,5,Excellent quality,2025-07-27
RV010310,O010527,C05575,5,Fresh products,2024-12-17
RV010311,O039861,C06770,5,Fresh products,2024-10-27
RV010312,O039683,C02641,5,Highly recommended,2025-02-08
RV010313,O003936,C08693,5,Very satisfied,2025-01-19
RV010314,O012413,C05352,4,Good service,2025-08-15
RV010315,O011613,C06810,4,Value for money,2026-07-10
RV010316,O035727,C05463,5,Highly recommended,2025-08-20
RV010317,O001829,C01850,5,Fresh products,2026-07-02
RV010318,O024692,C00714,2,Packaging issue,2025-12-28
RV010319,O010807,C01237,3,Average experience,2024-09-24
RV010320,O003157,C00405,5,Fresh products,2025-02-03
RV010321,O036143,C09087,2,Product quality below expectations,2025-11-19
RV010322,O004759,C00050,4,Value for money,2025-03-06
RV010323,O027528,C09797,4,Value for money,2024-12-21
RV010324,O018259,C08011,2,Product quality below expectations,2025-12-26
RV010325,O012727,C03485,4,Satisfied,2026-07-30
RV010326,O029059,C03003,4,Value for money,2025-06-27
RV010327,O039658,C05334,5,Highly recommended,2024-12-12
RV010328,O015204,C03556,5,Very satisfied,2024-12-21
RV010329,O025599,C08810,5,Fresh products,2025-05-16
RV010330,O012644,C09356,5,Excellent quality,2024-09-08
RV010331,O025281,C00002,4,Nice packaging,2025-09-19
RV010332,O015045,C01434,5,Highly recommended,2026-03-18
RV010333,O034754,C04524,4,Satisfied,2024-12-18
RV010334,O020492,C03974,5,Excellent quality,2026-03-05
RV010335,O008372,C01855,5,Very satisfied,2025-09-26
RV010336,O025568,C06877,5,Fast delivery,2024-09-25
RV010337,O016933,C02156,5,Fresh products,2025-03-01
RV010338,O001757,C06770,1,Very disappointed,2024-10-24
RV010339,O026066,C01893,5,Fresh products,2025-07-24
RV010340,O037312,C01023,4,Good service,2026-05-02
RV010341,O034985,C04827,5,Excellent quality,2025-06-07
RV010342,O021605,C00322,5,Highly recommended,2026-07-12
RV010343,O033429,C06134,5,Fast delivery,2026-04-01
RV010344,O007879,C05402,4,Nice packaging,2025-06-30
RV010345,O008285,C09367,5,Very satisfied,2026-04-06
RV010346,O001756,C08199,5,Very satisfied,2025-04-08
RV010347,O003855,C00394,4,Good service,2025-10-15
RV010348,O027443,C09957,5,Very satisfied,2026-04-09
RV010349,O029496,C07737,1,Damaged product,2025-12-01
RV010350,O003150,C09939,2,Late delivery,2025-03-26
RV010351,O015931,C03291,5,Highly recommended,2025-12-03
RV010352,O022405,C04502,1,Damaged product,2026-07-26
RV010353,O003872,C04760,5,Excellent quality,2025-08-29
RV010354,O020687,C02777,4,Value for money,2025-10-17
RV010355,O035760,C00803,5,Excellent quality,2024-12-15
RV010356,O025102,C09107,4,Satisfied,2026-04-25
RV010357,O025759,C05705,5,Highly recommended,2025-04-27
RV010358,O008951,C03442,2,Product quality below expectations,2024-11-14
RV010359,O031673,C04669,4,Good service,2026-03-30
RV010360,O031617,C08366,5,Fast delivery,2025-04-24
RV010361,O024194,C09539,2,Product quality below expectations,2026-02-01
RV010362,O010273,C04965,5,Fast delivery,2025-12-18
RV010363,O008466,C03268,5,Highly recommended,2025-06-08
RV010364,O013645,C04163,5,Excellent quality,2025-07-26
RV010365,O011073,C03667,5,Fast delivery,2026-02-01
RV010366,O039452,C08274,3,Delivery was okay,2025-12-14
RV010367,O006197,C06307,3,Average experience,2024-10-18
RV010368,O031655,C01156,4,Nice packaging,2025-11-06
RV010369,O024084,C03211,5,Excellent quality,2025-08-10
RV010370,O022829,C09814,5,Very satisfied,2025-07-29
RV010371,O035603,C04302,5,Fast delivery,2025-05-05
RV010372,O026301,C08877,5,Fast delivery,2026-03-12
RV010373,O026655,C06929,5,Fast delivery,2026-04-10
RV010374,O030141,C00550,5,Very satisfied,2025-12-24
RV010375,O021289,C00166,5,Fast delivery,2025-05-07
RV010376,O010032,C07041,1,Damaged product,2025-08-18
RV010377,O001979,C03437,5,Highly recommended,2025-07-26
RV010378,O001588,C01885,5,Excellent quality,2025-08-16
RV010379,O028416,C00992,5,Excellent quality,2025-12-25
RV010380,O015044,C08523,5,Very satisfied,2026-06-26
RV010381,O021673,C07826,5,Excellent quality,2026-03-17
RV010382,O000804,C05526,4,Satisfied,2026-06-03
RV010383,O006744,C03681,5,Fast delivery,2024-11-21
RV010384,O010286,C09137,5,Fresh products,2025-08-13
RV010385,O002248,C03698,5,Very satisfied,2025-07-12
RV010386,O004137,C00126,4,Value for money,2026-02-14
RV010387,O018899,C05500,5,Fresh products,2024-08-10
RV010388,O037194,C02101,5,Highly recommended,2025-07-25
RV010389,O026761,C09386,4,Value for money,2024-08-14
RV010390,O020371,C04538,5,Very satisfied,2025-11-16
RV010391,O016796,C07305,5,Very satisfied,2025-02-27
RV010392,O033954,C08146,5,Highly recommended,2025-08-23
RV010393,O023829,C03296,3,Delivery was okay,2025-07-13
RV010394,O034636,C07507,5,Fast delivery,2025-12-27
RV010395,O002372,C06337,2,Product quality below expectations,2025-03-16
RV010396,O001791,C05848,3,Could be better,2025-03-23
RV010397,O039775,C05933,5,Fast delivery,2025-01-07
RV010398,O012614,C03927,4,Satisfied,2025-11-11
RV010399,O011983,C02175,3,Delivery was okay,2025-06-11
RV010400,O037531,C08674,4,Good service,2024-12-19
RV010401,O010115,C00699,4,Satisfied,2025-08-02
RV010402,O010076,C01750,4,Good service,2025-01-10
RV010403,O009755,C02965,4,Good service,2025-07-18
RV010404,O029598,C02050,5,Excellent quality,2025-11-02
RV010405,O010430,C05218,5,Fresh products,2024-12-10
RV010406,O017227,C03081,5,Highly recommended,2025-12-24
RV010407,O024727,C08834,4,Value for money,2025-03-01
RV010408,O027797,C06364,4,Value for money,2025-05-25
RV010409,O027251,C05027,5,Highly recommended,2024-10-14
RV010410,O030197,C04950,5,Very satisfied,2025-12-17
RV010411,O023938,C06548,5,Excellent quality,2025-06-16
RV010412,O034000,C03225,4,Satisfied,2026-03-01
RV010413,O021334,C05357,4,Good service,2025-09-12
RV010414,O016240,C02561,3,Average experience,2025-04-23
RV010415,O034784,C01099,5,Highly recommended,2024-09-03
RV010416,O023314,C00295,5,Fast delivery,2025-10-10
RV010417,O026738,C06111,5,Excellent quality,2024-09-08
RV010418,O016466,C03767,1,Damaged product,2024-09-14
RV010419,O016536,C09829,4,Satisfied,2024-10-21
RV010420,O009420,C06656,5,Very satisfied,2024-12-09
RV010421,O024610,C02241,2,Packaging issue,2025-11-23
RV010422,O037256,C04958,5,Fast delivery,2025-01-05
RV010423,O005238,C01398,5,Very satisfied,2024-11-02
RV010424,O015530,C00203,5,Highly recommended,2024-09-09
RV010425,O037121,C01937,3,Could be better,2026-06-27
RV010426,O004382,C06860,3,Average experience,2024-11-27
RV010427,O029501,C08084,5,Highly recommended,2025-10-18
RV010428,O010278,C00953,1,Wrong item received,2025-08-10
RV010429,O031054,C08162,5,Highly recommended,2025-04-27
RV010430,O031633,C07607,5,Fresh products,2024-08-31
RV010431,O035279,C07670,4,Nice packaging,2025-05-03
RV010432,O023202,C00022,5,Very satisfied,2026-01-18
RV010433,O007247,C08638,5,Fresh products,2025-08-13
RV010434,O026668,C00937,5,Fresh products,2025-07-28
RV010435,O034301,C02454,5,Highly recommended,2026-01-04
RV010436,O004246,C07347,5,Very satisfied,2025-04-30
RV010437,O034715,C07061,5,Fast delivery,2025-09-14
RV010438,O011277,C04151,5,Excellent quality,2026-02-05
RV010439,O039285,C09097,5,Fast delivery,2026-03-15
RV010440,O002608,C05782,5,Excellent quality,2024-08-12
RV010441,O002964,C06514,5,Very satisfied,2025-12-09
RV010442,O017866,C07135,5,Excellent quality,2026-02-21
RV010443,O003918,C01213,3,Average experience,2025-09-04
RV010444,O013860,C08719,3,Average experience,2026-05-12
RV010445,O027256,C08740,2,Late delivery,2026-04-28
RV010446,O000651,C03263,4,Satisfied,2025-05-02
RV010447,O006630,C06358,5,Fast delivery,2024-11-21
RV010448,O014819,C01319,5,Highly recommended,2026-01-22
RV010449,O010681,C06946,5,Highly recommended,2025-01-17
RV010450,O025034,C09719,5,Fast delivery,2025-06-09
RV010451,O016128,C09973,5,Fresh products,2026-07-25
RV010452,O037557,C06677,5,Fresh products,2025-01-07
RV010453,O031063,C06031,5,Fast delivery,2025-03-02
RV010454,O027532,C07301,4,Nice packaging,2025-04-29
RV010455,O012411,C04577,5,Very satisfied,2025-11-28
RV010456,O010298,C06450,5,Fresh products,2024-09-16
RV010457,O026088,C04170,4,Value for money,2025-12-03
RV010458,O031873,C01212,5,Very satisfied,2025-05-03
RV010459,O033065,C09401,5,Fast delivery,2025-05-28
RV010460,O033440,C08924,2,Product quality below expectations,2024-08-23
RV010461,O014205,C09812,5,Excellent quality,2026-03-01
RV010462,O037732,C06774,2,Packaging issue,2024-12-27
RV010463,O003192,C04711,2,Packaging issue,2025-07-26
RV010464,O008120,C09931,5,Fresh products,2026-05-15
RV010465,O017443,C08044,5,Fresh products,2024-12-20
RV010466,O001883,C01888,4,Nice packaging,2025-06-02
RV010467,O028094,C05079,3,Could be better,2026-07-06
RV010468,O005350,C09612,5,Fast delivery,2025-11-08
RV010469,O015843,C09500,5,Fresh products,2025-06-30
RV010470,O016720,C00771,1,Very disappointed,2025-04-04
RV010471,O021665,C02191,4,Nice packaging,2026-04-02
RV010472,O035767,C00140,3,Could be better,2024-08-06
RV010473,O002826,C09329,5,Fresh products,2024-11-26
RV010474,O034894,C09947,5,Fast delivery,2025-09-24
RV010475,O034190,C00460,5,Excellent quality,2026-02-26
RV010476,O023745,C06827,3,Could be better,2025-06-27
RV010477,O020285,C07975,4,Nice packaging,2025-03-26
RV010478,O037977,C00868,4,Good service,2024-11-22
RV010479,O039664,C00591,4,Nice packaging,2025-07-05
RV010480,O026533,C03921,4,Satisfied,2025-11-07
RV010481,O024775,C09356,5,Fresh products,2025-12-30
RV010482,O016959,C03320,5,Fast delivery,2024-08-24
RV010483,O020237,C01857,5,Excellent quality,2025-03-12
RV010484,O007955,C01884,4,Satisfied,2026-07-04
RV010485,O010330,C02635,1,Damaged product,2025-02-16
RV010486,O007423,C02421,4,Satisfied,2026-05-16
RV010487,O025996,C03476,5,Very satisfied,2026-05-27
RV010488,O027640,C08377,5,Fast delivery,2025-03-01
RV010489,O020748,C02809,1,Wrong item received,2025-06-07
RV010490,O034921,C08118,5,Very satisfied,2025-01-27
RV010491,O003360,C01538,5,Fast delivery,2025-11-22
RV010492,O026712,C04513,5,Excellent quality,2024-10-29
RV010493,O020593,C03041,5,Very satisfied,2024-11-04
RV010494,O019394,C05874,3,Delivery was okay,2026-02-22
RV010495,O013441,C09865,4,Value for money,2025-07-06
RV010496,O000710,C06648,3,Delivery was okay,2026-04-29
RV010497,O013293,C04384,5,Fast delivery,2025-05-25
RV010498,O032227,C03749,3,Average experience,2025-09-04
RV010499,O034379,C05000,5,Excellent quality,2024-09-18
RV010500,O028406,C05032,4,Good service,2025-02-09
RV010501,O010260,C02727,5,Fresh products,2024-12-21
RV010502,O028786,C02794,4,Value for money,2025-09-16
RV010503,O000992,C06727,4,Satisfied,2024-12-24
RV010504,O002256,C01260,4,Nice packaging,2025-12-05
RV010505,O016020,C05483,5,Highly recommended,2024-09-11
RV010506,O022288,C07245,5,Fast delivery,2025-08-19
RV010507,O027894,C03293,5,Highly recommended,2026-06-13
RV010508,O025808,C07236,5,Excellent quality,2024-08-16
RV010509,O007988,C06471,4,Good service,2025-08-02
RV010510,O016281,C04189,4,Value for money,2025-04-12
RV010511,O011053,C06829,5,Fresh products,2024-08-15
RV010512,O023068,C04685,4,Nice packaging,2025-05-16
RV010513,O000056,C02042,4,Nice packaging,2025-10-25
RV010514,O003290,C09543,5,Fast delivery,2026-05-18
RV010515,O036013,C02321,5,Very satisfied,2025-01-06
RV010516,O039114,C02201,5,Fast delivery,2026-01-20
RV010517,O022360,C05214,4,Good service,2024-12-15
RV010518,O013707,C00915,5,Fresh products,2024-10-31
RV010519,O029003,C06364,4,Good service,2026-05-28
RV010520,O038984,C08658,4,Good service,2025-12-12
RV010521,O025685,C09580,5,Fast delivery,2026-01-27
RV010522,O023273,C02495,2,Packaging issue,2025-12-16
RV010523,O006813,C02596,5,Fast delivery,2026-05-03
RV010524,O028479,C08022,5,Excellent quality,2024-08-30
RV010525,O010297,C05313,4,Value for money,2025-02-11
RV010526,O033025,C05641,5,Fresh products,2024-08-22
RV010527,O008606,C07023,4,Satisfied,2024-11-15
RV010528,O007558,C01181,5,Highly recommended,2025-10-27
RV010529,O036838,C06910,5,Fresh products,2024-08-20
RV010530,O019198,C00256,4,Satisfied,2026-07-05
RV010531,O034819,C09544,5,Very satisfied,2025-12-10
RV010532,O015718,C04713,5,Fresh products,2026-05-25
RV010533,O039381,C00460,5,Fresh products,2024-12-25
RV010534,O035580,C00618,5,Highly recommended,2026-07-11
RV010535,O005349,C05056,4,Satisfied,2025-02-02
RV010536,O024790,C00758,4,Satisfied,2025-01-10
RV010537,O002400,C00187,3,Delivery was okay,2024-09-16
RV010538,O017919,C00876,3,Delivery was okay,2025-08-15
RV010539,O003604,C04824,5,Excellent quality,2026-03-15
RV010540,O025072,C04648,2,Product quality below expectations,2025-11-21
RV010541,O032334,C00067,4,Satisfied,2026-02-01
RV010542,O016066,C07397,5,Very satisfied,2026-03-20
RV010543,O029533,C04367,4,Satisfied,2024-08-21
RV010544,O009263,C00512,5,Highly recommended,2025-03-27
RV010545,O018092,C05465,5,Fresh products,2025-02-01
RV010546,O027487,C07765,2,Packaging issue,2025-08-16
RV010547,O002653,C06162,3,Average experience,2025-11-06
RV010548,O001430,C09563,5,Highly recommended,2025-09-10
RV010549,O036808,C04657,1,Wrong item received,2026-02-16
RV010550,O010350,C06988,4,Value for money,2026-03-06
RV010551,O004457,C07436,4,Nice packaging,2024-09-25
RV010552,O012054,C04812,5,Highly recommended,2025-07-28
RV010553,O004606,C05075,4,Value for money,2024-12-24
RV010554,O006556,C04926,2,Late delivery,2025-04-02
RV010555,O025812,C02763,5,Fresh products,2025-12-19
RV010556,O008629,C08596,4,Nice packaging,2026-05-30
RV010557,O009180,C02941,3,Delivery was okay,2024-11-27
RV010558,O024645,C07328,2,Late delivery,2026-04-23
RV010559,O024916,C03743,5,Fresh products,2025-10-31
RV010560,O012855,C00833,4,Nice packaging,2025-09-22
RV010561,O006532,C05614,3,Could be better,2026-06-16
RV010562,O012113,C00114,5,Very satisfied,2025-08-04
RV010563,O010870,C01106,5,Excellent quality,2024-12-18
RV010564,O016242,C00282,5,Fast delivery,2026-02-24
RV010565,O029354,C07757,5,Highly recommended,2025-08-02
RV010566,O038398,C08900,2,Late delivery,2026-01-28
RV010567,O000444,C02519,5,Excellent quality,2025-10-07
RV010568,O010345,C08427,4,Value for money,2025-05-27
RV010569,O016471,C00778,3,Delivery was okay,2025-02-10
RV010570,O010591,C09171,3,Could be better,2024-10-08
RV010571,O033148,C09058,5,Excellent quality,2025-01-17
RV010572,O029071,C03829,5,Fast delivery,2026-06-06
RV010573,O005915,C03331,5,Fresh products,2025-07-17
RV010574,O021419,C09502,4,Satisfied,2025-01-05
RV010575,O031191,C03026,2,Late delivery,2026-03-28
RV010576,O005944,C00527,5,Fast delivery,2026-05-18
RV010577,O039798,C08213,2,Packaging issue,2026-02-10
RV010578,O007371,C00705,4,Satisfied,2026-06-22
RV010579,O038635,C02020,4,Satisfied,2025-06-22
RV010580,O005805,C03713,4,Good service,2024-09-05
RV010581,O034302,C07378,5,Excellent quality,2025-04-11
RV010582,O021924,C01679,5,Excellent quality,2025-08-14
RV010583,O013541,C04517,3,Could be better,2026-01-20
RV010584,O032385,C09382,4,Good service,2024-10-15
RV010585,O005540,C04178,5,Highly recommended,2025-05-12
RV010586,O018843,C09556,4,Satisfied,2025-11-11
RV010587,O014720,C08055,4,Satisfied,2025-01-23
RV010588,O020347,C05700,5,Fast delivery,2024-10-24
RV010589,O000091,C00527,4,Satisfied,2025-09-29
RV010590,O024547,C01622,5,Very satisfied,2025-08-09
RV010591,O002044,C06282,4,Satisfied,2025-11-07
RV010592,O032498,C02983,5,Fresh products,2025-04-13
RV010593,O014627,C02358,5,Excellent quality,2026-03-11
RV010594,O014199,C01617,5,Highly recommended,2025-03-08
RV010595,O009636,C07692,5,Highly recommended,2026-01-06
RV010596,O017901,C08161,3,Average experience,2025-08-18
RV010597,O012067,C06858,5,Very satisfied,2025-02-17
RV010598,O030771,C06438,4,Nice packaging,2025-08-22
RV010599,O000274,C04423,3,Average experience,2025-06-25
RV010600,O039192,C07474,1,Damaged product,2026-07-04
RV010601,O025066,C02453,4,Good service,2025-01-19
RV010602,O036390,C02263,5,Very satisfied,2025-12-08
RV010603,O026732,C03009,4,Nice packaging,2025-05-13
RV010604,O011832,C09177,5,Fresh products,2025-10-17
RV010605,O004024,C07578,2,Product quality below expectations,2025-03-08
RV010606,O032565,C02004,3,Average experience,2025-01-18
RV010607,O024783,C08863,4,Nice packaging,2025-01-11
RV010608,O002130,C07643,2,Product quality below expectations,2024-09-22
RV010609,O014949,C09770,4,Nice packaging,2025-02-01
RV010610,O000452,C05645,4,Nice packaging,2025-04-24
RV010611,O039475,C04761,5,Highly recommended,2026-01-27
RV010612,O000372,C03578,5,Excellent quality,2025-03-01
RV010613,O014511,C02815,4,Satisfied,2024-08-14
RV010614,O022648,C06926,5,Highly recommended,2025-05-28
RV010615,O003305,C02755,3,Average experience,2026-03-20
RV010616,O011531,C08752,5,Excellent quality,2024-08-20
RV010617,O030655,C00441,5,Very satisfied,2025-11-13
RV010618,O035879,C01478,5,Excellent quality,2026-03-10
RV010619,O006164,C00887,5,Fast delivery,2024-10-14
RV010620,O008233,C01692,5,Fresh products,2025-11-06
RV010621,O003583,C01775,5,Excellent quality,2025-08-03
RV010622,O023709,C07502,4,Good service,2025-07-16
RV010623,O015138,C05498,5,Fresh products,2024-08-26
RV010624,O032861,C06364,5,Excellent quality,2025-07-10
RV010625,O007876,C04503,5,Excellent quality,2025-01-08
RV010626,O039751,C05703,3,Average experience,2025-08-21
RV010627,O004752,C01564,4,Satisfied,2025-12-09
RV010628,O015104,C09511,4,Satisfied,2026-05-18
RV010629,O010887,C02116,4,Nice packaging,2025-12-20
RV010630,O026764,C02920,2,Packaging issue,2026-03-29
RV010631,O021461,C07023,5,Fresh products,2025-04-09
RV010632,O018391,C04681,5,Excellent quality,2025-05-24
RV010633,O014130,C06318,4,Value for money,2026-01-24
RV010634,O003396,C07094,3,Could be better,2026-06-07
RV010635,O018478,C09886,5,Highly recommended,2024-11-21
RV010636,O009152,C06289,5,Very satisfied,2026-01-24
RV010637,O019022,C00864,5,Fast delivery,2025-01-08
RV010638,O010461,C08053,5,Excellent quality,2024-11-11
RV010639,O039838,C08913,5,Excellent quality,2024-09-09
RV010640,O008128,C00007,5,Highly recommended,2025-04-03
RV010641,O019812,C03234,5,Excellent quality,2024-09-20
RV010642,O038857,C07052,5,Very satisfied,2026-04-13
RV010643,O001137,C02797,5,Fast delivery,2025-05-14
RV010644,O006826,C00352,1,Damaged product,2024-07-27
RV010645,O031626,C01028,5,Excellent quality,2024-08-24
RV010646,O017234,C05229,5,Very satisfied,2026-07-18
RV010647,O012796,C01170,2,Packaging issue,2026-04-19
RV010648,O000726,C03064,5,Very satisfied,2025-04-24
RV010649,O027778,C04711,4,Nice packaging,2026-04-16
RV010650,O022919,C01390,4,Nice packaging,2024-11-07
RV010651,O011707,C04751,5,Fast delivery,2025-09-30
RV010652,O034406,C04725,4,Satisfied,2026-02-09
RV010653,O007067,C09945,5,Highly recommended,2024-08-10
RV010654,O006354,C02160,4,Value for money,2026-03-17
RV010655,O026519,C01496,5,Excellent quality,2024-11-20
RV010656,O014533,C06138,5,Very satisfied,2026-03-10
RV010657,O002314,C07300,5,Fresh products,2025-07-22
RV010658,O035774,C08510,4,Satisfied,2025-03-16
RV010659,O038872,C03546,5,Fresh products,2025-05-10
RV010660,O026809,C07579,5,Fresh products,2025-11-12
RV010661,O037036,C09940,5,Fast delivery,2025-03-27
RV010662,O029062,C03482,5,Highly recommended,2025-01-09
RV010663,O009311,C02428,5,Highly recommended,2025-04-02
RV010664,O007314,C07772,5,Fast delivery,2025-03-29
RV010665,O002374,C05945,3,Delivery was okay,2025-12-03
RV010666,O033591,C05729,5,Fresh products,2025-04-06
RV010667,O035360,C01433,5,Highly recommended,2024-11-28
RV010668,O020201,C03210,2,Packaging issue,2025-02-15
RV010669,O039730,C07400,4,Good service,2025-04-12
RV010670,O019875,C07333,3,Could be better,2026-03-21
RV010671,O036400,C07633,4,Value for money,2026-07-14
RV010672,O015075,C07183,5,Highly recommended,2025-05-27
RV010673,O013316,C01739,5,Highly recommended,2025-08-02
RV010674,O039123,C00073,4,Good service,2025-02-17
RV010675,O027219,C06119,4,Good service,2026-01-30
RV010676,O006476,C03804,4,Nice packaging,2026-06-07
RV010677,O002940,C06947,5,Very satisfied,2025-07-08
RV010678,O005687,C06223,2,Late delivery,2026-01-01
RV010679,O007032,C05812,5,Fresh products,2024-11-14
RV010680,O027048,C08574,3,Average experience,2025-06-18
RV010681,O034350,C02812,4,Satisfied,2025-09-17
RV010682,O026424,C06725,5,Highly recommended,2026-05-07
RV010683,O016942,C00729,5,Very satisfied,2024-11-04
RV010684,O033531,C06696,5,Very satisfied,2025-05-04
RV010685,O015664,C01919,3,Average experience,2025-08-17
RV010686,O009690,C04100,4,Satisfied,2024-08-14
RV010687,O020957,C03859,5,Fast delivery,2024-09-11
RV010688,O021870,C08932,3,Delivery was okay,2025-12-02
RV010689,O007869,C09924,4,Satisfied,2024-08-21
RV010690,O024917,C05870,2,Packaging issue,2025-10-31
RV010691,O008459,C08015,3,Could be better,2024-10-24
RV010692,O001802,C07788,2,Late delivery,2024-11-15
RV010693,O039718,C07643,4,Nice packaging,2026-05-03
RV010694,O029045,C08421,5,Fresh products,2026-03-03
RV010695,O016521,C07816,5,Highly recommended,2025-01-15
RV010696,O008756,C03770,5,Very satisfied,2025-05-02
RV010697,O000128,C06253,3,Average experience,2026-03-21
RV010698,O001040,C05155,5,Excellent quality,2025-11-02
RV010699,O002023,C07208,4,Value for money,2024-12-12
RV010700,O029040,C03881,5,Excellent quality,2025-05-09
RV010701,O021057,C02286,5,Excellent quality,2026-02-26
RV010702,O029336,C05164,5,Excellent quality,2024-11-28
RV010703,O035141,C05519,5,Very satisfied,2024-09-19
RV010704,O004380,C04896,5,Fresh products,2025-09-20
RV010705,O039822,C01484,5,Fast delivery,2025-08-24
RV010706,O008611,C06106,1,Damaged product,2024-08-02
RV010707,O023107,C04171,5,Very satisfied,2024-08-06
RV010708,O024735,C00372,4,Satisfied,2024-11-17
RV010709,O029023,C08897,5,Very satisfied,2026-07-23
RV010710,O009090,C06172,4,Value for money,2024-11-25
RV010711,O021034,C08636,4,Value for money,2024-12-24
RV010712,O019142,C08783,4,Value for money,2025-03-01
RV010713,O001059,C00208,1,Damaged product,2025-07-28
RV010714,O037377,C07452,1,Damaged product,2026-06-04
RV010715,O022390,C02806,4,Satisfied,2026-05-04
RV010716,O034039,C09520,5,Fast delivery,2026-04-05
RV010717,O005499,C05952,5,Fast delivery,2024-12-15
RV010718,O025915,C06596,4,Nice packaging,2024-10-01
RV010719,O012084,C01556,5,Very satisfied,2026-07-22
RV010720,O035039,C05253,5,Very satisfied,2026-03-08
RV010721,O026904,C05661,5,Highly recommended,2025-08-23
RV010722,O026541,C01536,5,Excellent quality,2024-11-09
RV010723,O001689,C03588,5,Excellent quality,2026-03-17
RV010724,O004224,C07046,5,Excellent quality,2025-02-09
RV010725,O028731,C03752,5,Very satisfied,2025-01-11
RV010726,O000932,C05710,4,Value for money,2026-05-15
RV010727,O022600,C08027,3,Delivery was okay,2026-04-22
RV010728,O032386,C08900,4,Nice packaging,2025-07-27
RV010729,O028873,C07669,5,Fresh products,2025-02-10
RV010730,O012102,C02850,5,Very satisfied,2025-12-25
RV010731,O031838,C01213,5,Excellent quality,2025-07-12
RV010732,O012646,C05396,5,Excellent quality,2026-06-17
RV010733,O009500,C07783,5,Fast delivery,2026-07-27
RV010734,O008861,C05978,5,Fresh products,2025-07-19
RV010735,O039119,C03028,1,Damaged product,2025-06-21
RV010736,O037776,C06556,5,Fresh products,2025-12-18
RV010737,O018802,C06603,5,Excellent quality,2025-01-09
RV010738,O002629,C01179,4,Nice packaging,2026-04-02
RV010739,O018732,C08804,5,Excellent quality,2025-03-18
RV010740,O001340,C05008,5,Very satisfied,2025-07-20
RV010741,O028827,C07038,5,Very satisfied,2025-12-13
RV010742,O038701,C06830,4,Value for money,2025-02-15
RV010743,O001262,C00521,5,Highly recommended,2026-06-28
RV010744,O004109,C07894,5,Very satisfied,2026-07-08
RV010745,O021658,C02246,5,Highly recommended,2026-02-25
RV010746,O008693,C05088,4,Good service,2025-03-15
RV010747,O033327,C00602,5,Fast delivery,2025-01-23
RV010748,O026491,C06728,5,Very satisfied,2025-08-05
RV010749,O027195,C01210,4,Good service,2026-03-04
RV010750,O005264,C09662,4,Nice packaging,2026-03-04
RV010751,O033146,C02026,5,Very satisfied,2025-08-28
RV010752,O038011,C08865,5,Excellent quality,2026-07-06
RV010753,O024715,C09455,5,Highly recommended,2025-07-30
RV010754,O016482,C06996,3,Could be better,2024-12-15
RV010755,O023705,C01982,5,Fresh products,2026-01-20
RV010756,O002208,C03257,5,Excellent quality,2024-11-06
RV010757,O020724,C04822,5,Fast delivery,2025-02-02
RV010758,O022504,C08509,4,Nice packaging,2026-07-18
RV010759,O013353,C02384,5,Highly recommended,2024-11-30
RV010760,O003511,C00328,4,Satisfied,2025-05-28
RV010761,O010223,C07051,5,Very satisfied,2024-12-16
RV010762,O024050,C03550,3,Delivery was okay,2025-07-16
RV010763,O037949,C07545,5,Fast delivery,2025-12-27
RV010764,O005818,C07806,3,Could be better,2025-03-22
RV010765,O007382,C01282,4,Nice packaging,2024-08-22
RV010766,O029656,C04478,2,Product quality below expectations,2025-02-27
RV010767,O018096,C04660,5,Fast delivery,2025-05-16
RV010768,O039537,C01387,1,Damaged product,2025-11-14
RV010769,O003878,C05971,5,Fresh products,2025-09-26
RV010770,O031940,C03338,5,Fast delivery,2025-06-19
RV010771,O005239,C00816,4,Satisfied,2025-06-24
RV010772,O027403,C00632,4,Satisfied,2024-11-24
RV010773,O020260,C01918,5,Excellent quality,2026-02-06
RV010774,O004664,C07970,5,Fast delivery,2025-02-18
RV010775,O024763,C09557,3,Delivery was okay,2025-07-27
RV010776,O021101,C00050,4,Satisfied,2025-10-28
RV010777,O011192,C07629,4,Satisfied,2025-02-10
RV010778,O029134,C06811,5,Very satisfied,2025-12-10
RV010779,O030839,C02437,5,Very satisfied,2025-12-08
RV010780,O002084,C08212,1,Wrong item received,2025-08-01
RV010781,O036791,C01005,4,Nice packaging,2025-09-13
RV010782,O006454,C05019,5,Excellent quality,2024-12-19
RV010783,O039401,C00881,2,Product quality below expectations,2025-10-19
RV010784,O018906,C04706,5,Excellent quality,2026-04-13
RV010785,O004545,C01297,5,Highly recommended,2024-12-28
RV010786,O006438,C05775,5,Very satisfied,2024-10-15
RV010787,O021599,C07437,5,Fresh products,2025-06-25
RV010788,O011986,C00195,5,Very satisfied,2024-08-26
RV010789,O017273,C01627,5,Highly recommended,2025-07-03
RV010790,O022611,C02067,4,Satisfied,2024-11-12
RV010791,O030387,C09814,5,Fast delivery,2025-12-06
RV010792,O000073,C02446,5,Fresh products,2024-08-14
RV010793,O039562,C06307,5,Very satisfied,2025-07-19
RV010794,O027112,C04896,5,Excellent quality,2025-01-21
RV010795,O022336,C09807,3,Delivery was okay,2026-03-31
RV010796,O032200,C02782,5,Very satisfied,2026-02-11
RV010797,O025489,C04819,5,Highly recommended,2025-11-29
RV010798,O006357,C04044,4,Satisfied,2025-03-22
RV010799,O023468,C07187,5,Fresh products,2026-07-17
RV010800,O037968,C06865,5,Excellent quality,2026-02-15
RV010801,O031607,C05115,5,Excellent quality,2025-06-27
RV010802,O034804,C08180,5,Excellent quality,2025-03-06
RV010803,O024104,C06368,4,Satisfied,2025-04-09
RV010804,O038676,C08454,5,Very satisfied,2026-02-03
RV010805,O014473,C03566,5,Excellent quality,2026-05-29
RV010806,O030196,C03388,4,Nice packaging,2024-10-26
RV010807,O025841,C01598,5,Very satisfied,2026-02-21
RV010808,O029547,C07055,5,Fresh products,2025-06-27
RV010809,O013961,C02121,4,Good service,2026-02-20
RV010810,O008093,C02669,5,Fast delivery,2025-02-13
RV010811,O039052,C00557,4,Value for money,2025-06-26
RV010812,O001023,C09909,4,Good service,2025-06-30
RV010813,O014715,C05937,4,Nice packaging,2026-01-15
RV010814,O008541,C01949,4,Satisfied,2025-05-27
RV010815,O022681,C06357,5,Fresh products,2024-09-15
RV010816,O033906,C06204,4,Value for money,2025-03-19
RV010817,O000638,C02360,5,Very satisfied,2025-02-14
RV010818,O010579,C05284,5,Excellent quality,2025-04-06
RV010819,O028816,C07453,5,Highly recommended,2026-07-14
RV010820,O004954,C01718,5,Excellent quality,2025-06-09
RV010821,O002186,C03432,4,Good service,2024-12-09
RV010822,O005671,C01216,5,Highly recommended,2025-02-23
RV010823,O001480,C04712,5,Highly recommended,2025-10-08
RV010824,O035130,C05983,5,Fresh products,2026-05-26
RV010825,O019245,C05016,5,Very satisfied,2026-06-12
RV010826,O003318,C01355,3,Average experience,2026-01-04
RV010827,O000858,C05388,5,Very satisfied,2025-12-30
RV010828,O017454,C09659,5,Highly recommended,2025-02-22
RV010829,O023146,C09344,3,Delivery was okay,2025-08-12
RV010830,O038322,C00364,4,Nice packaging,2026-05-05
RV010831,O022061,C07563,5,Very satisfied,2026-05-14
RV010832,O015587,C01135,4,Value for money,2024-11-13
RV010833,O016251,C07488,2,Late delivery,2025-02-05
RV010834,O023534,C05608,5,Fresh products,2025-07-14
RV010835,O031175,C09230,4,Nice packaging,2025-11-23
RV010836,O020647,C09240,5,Fresh products,2026-04-27
RV010837,O005869,C00190,5,Very satisfied,2025-05-28
RV010838,O022888,C04529,5,Excellent quality,2026-01-26
RV010839,O003091,C05570,4,Satisfied,2025-08-07
RV010840,O016540,C00241,5,Fast delivery,2025-01-29
RV010841,O031656,C00737,4,Satisfied,2025-05-16
RV010842,O035391,C05617,2,Product quality below expectations,2025-07-18
RV010843,O003203,C06076,5,Excellent quality,2025-10-31
RV010844,O011917,C00549,5,Fresh products,2025-09-27
RV010845,O022474,C06701,4,Nice packaging,2025-05-22
RV010846,O015419,C09004,4,Nice packaging,2026-01-19
RV010847,O024869,C09044,5,Excellent quality,2025-04-23
RV010848,O011028,C09054,5,Excellent quality,2025-04-16
RV010849,O037425,C06648,5,Excellent quality,2026-06-18
RV010850,O014848,C05556,4,Satisfied,2025-07-20
RV010851,O019064,C09180,1,Damaged product,2025-10-18
RV010852,O022379,C09360,5,Excellent quality,2025-11-01
RV010853,O014983,C07783,4,Value for money,2025-12-26
RV010854,O025877,C07134,5,Excellent quality,2024-09-12
RV010855,O027734,C08012,5,Fresh products,2025-07-05
RV010856,O038591,C02646,4,Value for money,2024-08-27
RV010857,O024205,C02812,5,Very satisfied,2025-07-18
RV010858,O015112,C08962,4,Good service,2025-06-29
RV010859,O018878,C04897,3,Delivery was okay,2025-07-05
RV010860,O020702,C05298,4,Satisfied,2024-11-27
RV010861,O020499,C01025,5,Fast delivery,2025-05-14
RV010862,O004774,C07789,4,Value for money,2024-08-28
RV010863,O017851,C09533,5,Excellent quality,2025-11-22
RV010864,O000423,C02279,5,Excellent quality,2025-12-22
RV010865,O020839,C01187,4,Good service,2025-10-20
RV010866,O022641,C03671,4,Nice packaging,2024-11-23
RV010867,O026464,C09699,4,Value for money,2025-04-10
RV010868,O016733,C05225,5,Excellent quality,2025-05-20
RV010869,O031038,C05697,5,Excellent quality,2026-06-29
RV010870,O022604,C06651,5,Highly recommended,2026-06-21
RV010871,O027199,C06084,1,Damaged product,2025-05-11
RV010872,O011394,C09411,5,Fast delivery,2026-06-06
RV010873,O012802,C01425,5,Highly recommended,2025-07-03
RV010874,O002656,C04644,5,Highly recommended,2026-06-13
RV010875,O007347,C00722,4,Good service,2026-07-20
RV010876,O002480,C02682,1,Wrong item received,2026-04-28
RV010877,O027787,C08126,5,Fresh products,2025-09-17
RV010878,O004547,C06829,5,Fresh products,2025-11-15
RV010879,O015263,C03154,5,Very satisfied,2025-06-20
RV010880,O002052,C01906,5,Fast delivery,2024-11-23
RV010881,O030624,C02489,5,Very satisfied,2025-12-25
RV010882,O008180,C07077,5,Highly recommended,2025-05-03
RV010883,O020904,C01346,5,Fast delivery,2025-11-13
RV010884,O010723,C00328,5,Highly recommended,2026-04-27
RV010885,O001589,C08210,5,Excellent quality,2026-06-05
RV010886,O027823,C05389,3,Delivery was okay,2025-08-08
RV010887,O038732,C09511,4,Value for money,2026-01-20
RV010888,O005826,C07642,5,Fast delivery,2025-11-06
RV010889,O012301,C09004,5,Excellent quality,2025-03-24
RV010890,O018930,C05962,5,Fresh products,2025-06-14
RV010891,O034067,C04146,5,Fast delivery,2026-02-25
RV010892,O004639,C01360,5,Excellent quality,2024-12-14
RV010893,O022994,C08173,4,Satisfied,2025-09-03
RV010894,O012090,C00232,5,Very satisfied,2026-03-19
RV010895,O012187,C00705,5,Highly recommended,2025-10-06
RV010896,O020187,C01986,5,Very satisfied,2025-06-27
RV010897,O037061,C06834,5,Fast delivery,2025-07-15
RV010898,O030051,C00951,5,Very satisfied,2025-05-31
RV010899,O020200,C01492,1,Damaged product,2025-07-29
RV010900,O032831,C02624,4,Value for money,2025-06-08
RV010901,O028044,C07381,5,Highly recommended,2026-04-13
RV010902,O025739,C03666,5,Fast delivery,2025-06-04
RV010903,O037727,C06967,5,Very satisfied,2025-03-18
RV010904,O030285,C00628,4,Nice packaging,2025-12-11
RV010905,O006716,C00542,5,Excellent quality,2025-11-30
RV010906,O032228,C06342,2,Late delivery,2025-11-16
RV010907,O012882,C03961,5,Fresh products,2026-02-22
RV010908,O029975,C07425,4,Nice packaging,2025-06-09
RV010909,O003163,C09797,5,Fresh products,2026-05-16
RV010910,O014634,C06270,5,Very satisfied,2025-01-01
RV010911,O004028,C04242,2,Product quality below expectations,2025-03-06
RV010912,O013290,C06686,5,Highly recommended,2025-12-26
RV010913,O018548,C06534,5,Excellent quality,2025-04-14
RV010914,O038260,C07688,4,Value for money,2024-09-12
RV010915,O000263,C08784,4,Good service,2025-05-01
RV010916,O017264,C08782,2,Packaging issue,2025-11-25
RV010917,O034242,C01698,5,Very satisfied,2026-07-20
RV010918,O023296,C05239,5,Very satisfied,2025-06-21
RV010919,O038236,C09101,5,Fast delivery,2026-03-11
RV010920,O003101,C02386,4,Good service,2025-06-26
RV010921,O032849,C07785,4,Value for money,2025-08-21
RV010922,O016567,C05279,5,Very satisfied,2026-07-28
RV010923,O018095,C08982,5,Very satisfied,2026-01-29
RV010924,O014859,C03546,5,Fast delivery,2024-12-14
RV010925,O014390,C09235,4,Value for money,2024-12-19
RV010926,O013749,C02437,5,Fresh products,2025-07-09
RV010927,O029116,C08123,1,Very disappointed,2024-10-16
RV010928,O018390,C03656,4,Value for money,2025-07-06
RV010929,O025784,C07187,4,Nice packaging,2025-07-10
RV010930,O036475,C01172,4,Good service,2026-06-13
RV010931,O021779,C01207,5,Fresh products,2026-05-01
RV010932,O006072,C03658,3,Average experience,2025-04-26
RV010933,O008277,C04634,5,Fresh products,2025-07-11
RV010934,O010236,C04351,5,Excellent quality,2024-10-04
RV010935,O009227,C07103,5,Highly recommended,2024-09-26
RV010936,O001496,C09777,2,Late delivery,2025-01-30
RV010937,O007058,C09929,5,Fresh products,2025-02-24
RV010938,O039174,C04966,5,Fresh products,2026-07-13
RV010939,O025225,C08286,5,Fast delivery,2025-11-22
RV010940,O004812,C05801,5,Highly recommended,2025-09-09
RV010941,O013916,C00395,4,Good service,2025-09-29
RV010942,O027067,C09425,1,Very disappointed,2026-05-19
RV010943,O008379,C03956,5,Fresh products,2024-08-11
RV010944,O036681,C08905,4,Value for money,2026-04-07
RV010945,O016513,C06285,5,Fresh products,2025-09-26
RV010946,O022857,C01841,5,Fast delivery,2026-06-17
RV010947,O016467,C00835,5,Fast delivery,2025-05-07
RV010948,O008230,C09051,4,Good service,2026-01-17
RV010949,O015510,C08070,5,Highly recommended,2025-03-04
RV010950,O020583,C00025,5,Fresh products,2025-06-30
RV010951,O018312,C03748,5,Fresh products,2026-04-29
RV010952,O024227,C03684,5,Excellent quality,2026-05-25
RV010953,O020231,C03523,5,Excellent quality,2024-12-23
RV010954,O019087,C09446,5,Fresh products,2025-04-24
RV010955,O019403,C00431,5,Fresh products,2025-06-09
RV010956,O003013,C09744,3,Average experience,2025-03-12
RV010957,O037936,C03706,3,Average experience,2025-06-08
RV010958,O005875,C00382,2,Product quality below expectations,2025-02-04
RV010959,O009114,C03142,5,Fresh products,2025-05-17
RV010960,O019856,C03452,5,Very satisfied,2025-11-20
RV010961,O017668,C02935,5,Fast delivery,2024-08-17
RV010962,O007920,C00026,4,Good service,2025-05-05
RV010963,O010647,C02216,5,Excellent quality,2026-07-18
RV010964,O037124,C02217,5,Highly recommended,2026-06-14
RV010965,O012816,C03232,5,Fast delivery,2024-12-11
RV010966,O033845,C06636,5,Very satisfied,2024-12-05
RV010967,O015173,C02882,5,Fast delivery,2026-06-29
RV010968,O006500,C01075,1,Damaged product,2026-01-31
RV010969,O013791,C03123,5,Highly recommended,2025-07-24
RV010970,O030580,C01175,4,Value for money,2024-09-15
RV010971,O011114,C07245,5,Very satisfied,2025-11-28
RV010972,O034257,C01420,4,Value for money,2026-03-24
RV010973,O010178,C09105,5,Fresh products,2026-03-21
RV010974,O037202,C00699,4,Good service,2025-09-08
RV010975,O009940,C06591,1,Wrong item received,2025-10-25
RV010976,O019742,C06336,5,Excellent quality,2025-07-10
RV010977,O000782,C05985,5,Highly recommended,2025-05-18
RV010978,O017064,C04625,4,Satisfied,2026-06-23
RV010979,O032091,C09165,4,Satisfied,2026-04-01
RV010980,O008894,C08303,4,Value for money,2024-10-05
RV010981,O011919,C00657,3,Average experience,2025-06-18
RV010982,O011689,C04064,5,Fast delivery,2026-05-18
RV010983,O038257,C02278,3,Average experience,2025-11-08
RV010984,O009279,C05385,4,Nice packaging,2024-10-25
RV010985,O000941,C02001,5,Fresh products,2025-08-09
RV010986,O009004,C09939,4,Value for money,2025-03-19
RV010987,O032684,C08845,5,Excellent quality,2025-09-09
RV010988,O022220,C08283,2,Late delivery,2026-05-22
RV010989,O022906,C05462,4,Value for money,2024-12-10
RV010990,O012453,C08611,5,Fast delivery,2025-11-22
RV010991,O020891,C01094,5,Very satisfied,2025-03-29
RV010992,O002463,C05020,5,Very satisfied,2025-02-19
RV010993,O039105,C02538,5,Fast delivery,2024-11-24
RV010994,O016888,C05857,4,Good service,2025-05-30
RV010995,O014787,C03250,5,Highly recommended,2025-11-24
RV010996,O027318,C07475,2,Late delivery,2026-03-05
RV010997,O038891,C04234,4,Value for money,2025-11-25
RV010998,O023213,C01268,5,Excellent quality,2026-03-17
RV010999,O032731,C01679,3,Delivery was okay,2025-08-12
RV011000,O023261,C07563,3,Average experience,2025-09-14
RV011001,O016694,C04337,2,Product quality below expectations,2024-10-30
RV011002,O038983,C07672,4,Good service,2025-12-03
RV011003,O032945,C09802,3,Delivery was okay,2025-01-26
RV011004,O004779,C06408,4,Nice packaging,2025-08-23
RV011005,O006601,C03245,5,Fresh products,2025-09-02
RV011006,O014673,C07402,5,Excellent quality,2025-07-17
RV011007,O027103,C08361,5,Highly recommended,2024-11-06
RV011008,O023997,C00036,4,Good service,2025-11-13
RV011009,O003956,C05845,5,Fresh products,2025-04-12
RV011010,O027965,C04085,3,Average experience,2026-04-13
RV011011,O010152,C07159,5,Excellent quality,2026-01-24
RV011012,O029959,C00950,3,Could be better,2025-06-07
RV011013,O015862,C00771,5,Excellent quality,2025-03-05
RV011014,O021056,C01729,4,Satisfied,2024-08-29
RV011015,O014466,C03766,5,Fresh products,2026-03-26
RV011016,O006236,C06106,5,Very satisfied,2026-03-23
RV011017,O017417,C09718,3,Could be better,2025-07-14
RV011018,O035368,C01474,5,Excellent quality,2024-10-04
RV011019,O019945,C02894,5,Fresh products,2025-02-19
RV011020,O034255,C05833,3,Could be better,2025-03-24
RV011021,O037621,C00275,4,Satisfied,2024-11-17
RV011022,O001635,C03762,5,Very satisfied,2026-07-16
RV011023,O039708,C01585,4,Nice packaging,2025-01-22
RV011024,O030435,C09465,5,Very satisfied,2025-08-11
RV011025,O025566,C01068,2,Product quality below expectations,2025-12-04
RV011026,O013132,C05094,5,Fresh products,2024-08-15
RV011027,O016545,C07043,5,Very satisfied,2025-02-19
RV011028,O003522,C02473,4,Satisfied,2026-06-13
RV011029,O017163,C05816,3,Could be better,2025-11-17
RV011030,O006881,C00868,3,Delivery was okay,2025-09-12
RV011031,O039699,C02056,5,Very satisfied,2024-09-26
RV011032,O014324,C05579,5,Highly recommended,2025-10-11
RV011033,O009315,C00487,5,Fresh products,2025-10-11
RV011034,O031649,C03131,4,Good service,2026-01-23
RV011035,O015605,C05784,5,Fast delivery,2024-08-09
RV011036,O024788,C02607,4,Good service,2024-12-08
RV011037,O029276,C02744,3,Could be better,2025-02-07
RV011038,O023672,C03393,4,Good service,2026-01-01
RV011039,O018277,C00196,5,Excellent quality,2026-01-23
RV011040,O020011,C06349,5,Fast delivery,2025-01-22
RV011041,O013647,C03213,5,Very satisfied,2024-11-10
RV011042,O001741,C03516,4,Satisfied,2026-06-12
RV011043,O017968,C08865,2,Late delivery,2025-07-21
RV011044,O022490,C04276,3,Delivery was okay,2025-03-25
RV011045,O039382,C06102,5,Highly recommended,2026-04-20
RV011046,O004242,C08570,4,Value for money,2025-03-31
RV011047,O021173,C06050,4,Value for money,2026-03-23
RV011048,O016088,C02685,3,Could be better,2025-05-24
RV011049,O030338,C07292,4,Nice packaging,2026-01-28
RV011050,O012029,C03374,5,Fast delivery,2025-09-12
RV011051,O027670,C01921,5,Fast delivery,2026-04-26
RV011052,O015013,C05857,4,Value for money,2025-10-23
RV011053,O016804,C03819,5,Fresh products,2025-04-13
RV011054,O008916,C02923,4,Nice packaging,2026-05-31
RV011055,O021784,C01188,3,Average experience,2026-03-03
RV011056,O018248,C09744,1,Very disappointed,2026-04-21
RV011057,O021520,C00267,4,Nice packaging,2025-01-21
RV011058,O031982,C03236,4,Good service,2025-11-30
RV011059,O012763,C03305,5,Fast delivery,2025-10-20
RV011060,O024588,C05364,4,Good service,2025-04-29
RV011061,O007701,C06981,3,Could be better,2024-10-20
RV011062,O002277,C09180,5,Highly recommended,2024-11-09
RV011063,O000289,C07758,5,Very satisfied,2026-01-06
RV011064,O002346,C08716,5,Highly recommended,2025-04-08
RV011065,O016667,C02462,5,Excellent quality,2025-10-21
RV011066,O032232,C05763,3,Average experience,2026-06-08
RV011067,O015563,C00616,4,Nice packaging,2025-03-15
RV011068,O027307,C09117,3,Average experience,2025-04-08
RV011069,O026462,C01066,4,Good service,2024-12-22
RV011070,O000490,C04044,4,Good service,2024-11-03
RV011071,O016665,C04640,3,Delivery was okay,2026-03-31
RV011072,O010593,C04027,5,Excellent quality,2024-12-10
RV011073,O039372,C01929,3,Could be better,2026-01-09
RV011074,O023622,C00965,4,Nice packaging,2025-01-18
RV011075,O015835,C05025,4,Nice packaging,2026-06-28
RV011076,O021929,C02125,5,Fresh products,2025-10-23
RV011077,O026746,C00433,2,Product quality below expectations,2024-09-24
RV011078,O033582,C09665,4,Nice packaging,2026-06-06
RV011079,O000819,C07685,3,Delivery was okay,2026-03-02
RV011080,O018267,C05400,5,Excellent quality,2026-06-07
RV011081,O031596,C02363,5,Fresh products,2025-10-24
RV011082,O027433,C06459,1,Wrong item received,2025-03-11
RV011083,O011922,C02459,2,Product quality below expectations,2026-07-01
RV011084,O038063,C05638,5,Fast delivery,2025-01-01
RV011085,O032993,C05863,5,Fresh products,2025-02-27
RV011086,O011171,C04229,5,Fast delivery,2025-02-21
RV011087,O035810,C08387,5,Fast delivery,2026-05-04
RV011088,O016275,C02976,5,Fresh products,2024-11-04
RV011089,O032422,C00339,5,Very satisfied,2025-12-13
RV011090,O034496,C03244,5,Excellent quality,2026-05-16
RV011091,O023353,C03877,4,Value for money,2024-11-29
RV011092,O023676,C09565,5,Very satisfied,2025-06-11
RV011093,O028646,C01094,5,Excellent quality,2026-03-27
RV011094,O019598,C04154,4,Value for money,2024-11-11
RV011095,O009459,C07441,2,Packaging issue,2025-04-10
RV011096,O021909,C08034,5,Fast delivery,2025-02-22
RV011097,O034368,C01424,5,Excellent quality,2025-03-24
RV011098,O022087,C08341,4,Good service,2026-05-06
RV011099,O000308,C04294,3,Delivery was okay,2024-09-26
RV011100,O038049,C09218,5,Highly recommended,2026-07-07
RV011101,O035697,C01067,5,Excellent quality,2025-01-02
RV011102,O025509,C03857,5,Fast delivery,2026-03-11
RV011103,O000400,C04006,4,Value for money,2025-08-23
RV011104,O032366,C09717,5,Excellent quality,2024-12-27
RV011105,O026166,C09439,5,Fresh products,2025-03-25
RV011106,O002782,C06477,5,Excellent quality,2026-04-07
RV011107,O016866,C06966,4,Value for money,2026-06-11
RV011108,O029435,C00895,5,Excellent quality,2025-10-21
RV011109,O011254,C05366,4,Good service,2025-11-10
RV011110,O013549,C06278,4,Value for money,2025-08-18
RV011111,O017328,C08170,4,Nice packaging,2026-02-23
RV011112,O026170,C04618,5,Excellent quality,2025-09-02
RV011113,O019967,C09046,2,Packaging issue,2024-11-13
RV011114,O007756,C05747,5,Fast delivery,2026-06-24
RV011115,O035349,C04506,5,Excellent quality,2025-11-04
RV011116,O034548,C05220,5,Excellent quality,2025-02-15
RV011117,O004975,C02153,5,Fast delivery,2026-05-07
RV011118,O001421,C00298,5,Fresh products,2024-12-20
RV011119,O006021,C00928,5,Excellent quality,2026-08-03
RV011120,O038672,C03425,3,Could be better,2026-03-09
RV011121,O000749,C01630,5,Excellent quality,2026-01-08
RV011122,O005517,C03554,5,Highly recommended,2025-09-12
RV011123,O036264,C02172,5,Fresh products,2025-10-04
RV011124,O032774,C05670,5,Excellent quality,2025-10-25
RV011125,O009091,C08735,5,Excellent quality,2025-10-29
RV011126,O008598,C00921,4,Satisfied,2026-07-14
RV011127,O012808,C08946,4,Good service,2025-11-23
RV011128,O031749,C03526,5,Fast delivery,2025-03-24
RV011129,O009044,C08115,1,Wrong item received,2025-11-23
RV011130,O006005,C01919,5,Fast delivery,2025-10-09
RV011131,O011912,C04150,4,Satisfied,2025-10-22
RV011132,O019234,C07296,5,Excellent quality,2024-09-20
RV011133,O004439,C01308,3,Delivery was okay,2025-12-31
RV011134,O005655,C04644,4,Nice packaging,2025-03-17
RV011135,O019356,C04103,5,Fresh products,2026-06-21
RV011136,O013223,C08169,5,Highly recommended,2025-12-16
RV011137,O004678,C06074,5,Excellent quality,2025-01-02
RV011138,O008748,C06239,4,Satisfied,2025-06-23
RV011139,O015245,C09718,2,Packaging issue,2025-06-18
RV011140,O022021,C05164,5,Fast delivery,2025-06-22
RV011141,O003974,C09275,5,Fast delivery,2026-04-14
RV011142,O036887,C02684,5,Highly recommended,2026-02-17
RV011143,O015548,C03478,4,Value for money,2026-02-22
RV011144,O017076,C04897,5,Fast delivery,2024-09-12
RV011145,O027502,C05318,5,Fresh products,2025-02-07
RV011146,O014210,C01845,5,Fresh products,2025-05-04
RV011147,O004129,C00040,5,Very satisfied,2024-11-10
RV011148,O015172,C06209,5,Excellent quality,2025-11-29
RV011149,O035295,C02202,3,Could be better,2024-12-31
RV011150,O018332,C01774,4,Good service,2025-08-21
RV011151,O016628,C09397,5,Highly recommended,2024-09-10
RV011152,O021198,C09005,5,Excellent quality,2025-09-08
RV011153,O012755,C03353,5,Excellent quality,2026-05-21
RV011154,O016578,C03649,5,Fast delivery,2025-06-25
RV011155,O024837,C09352,5,Highly recommended,2025-12-21
RV011156,O012390,C08813,5,Fresh products,2025-09-16
RV011157,O013729,C04778,5,Fast delivery,2025-04-22
RV011158,O032521,C05218,5,Fresh products,2025-03-05
RV011159,O001923,C03922,5,Fresh products,2024-10-04
RV011160,O011861,C09160,5,Fast delivery,2025-07-28
RV011161,O013388,C07040,5,Highly recommended,2025-09-28
RV011162,O020794,C07928,5,Highly recommended,2024-11-25
RV011163,O014005,C02398,5,Excellent quality,2025-07-24
RV011164,O035902,C07081,5,Fresh products,2024-08-16
RV011165,O034102,C04551,4,Satisfied,2025-02-06
RV011166,O031124,C03657,4,Good service,2024-12-22
RV011167,O024671,C01531,5,Fast delivery,2026-02-28
RV011168,O035533,C05596,5,Excellent quality,2024-12-28
RV011169,O015743,C06536,5,Fresh products,2025-03-23
RV011170,O027889,C09284,5,Very satisfied,2025-07-23
RV011171,O027998,C09988,5,Fast delivery,2026-05-07
RV011172,O003848,C05998,4,Value for money,2026-04-27
RV011173,O027184,C07582,1,Very disappointed,2025-03-17
RV011174,O037770,C04386,5,Excellent quality,2025-01-08
RV011175,O024260,C01560,3,Average experience,2025-11-07
RV011176,O032497,C08156,1,Wrong item received,2026-06-01
RV011177,O029968,C02517,4,Satisfied,2025-04-20
RV011178,O021069,C00554,3,Could be better,2026-01-28
RV011179,O026615,C01504,5,Excellent quality,2025-02-11
RV011180,O023208,C07354,5,Fast delivery,2025-07-30
RV011181,O036029,C01544,3,Delivery was okay,2025-10-26
RV011182,O028263,C09285,4,Value for money,2026-02-02
RV011183,O023145,C09295,4,Satisfied,2026-03-25
RV011184,O009154,C06146,4,Nice packaging,2025-01-18
RV011185,O006520,C00343,3,Average experience,2024-12-25
RV011186,O028202,C03279,3,Could be better,2024-11-14
RV011187,O017357,C03648,5,Fresh products,2024-12-25
RV011188,O024352,C05315,5,Excellent quality,2026-06-19
RV011189,O005281,C01942,5,Fast delivery,2026-03-25
RV011190,O030815,C09936,5,Excellent quality,2025-06-16
RV011191,O001681,C08580,5,Excellent quality,2024-11-26
RV011192,O030484,C09991,5,Fresh products,2024-12-28
RV011193,O018589,C09150,5,Fresh products,2026-04-18
RV011194,O019584,C09885,2,Product quality below expectations,2026-05-24
RV011195,O011976,C08396,4,Good service,2026-08-02
RV011196,O001429,C00693,5,Highly recommended,2024-08-25
RV011197,O000624,C08676,5,Highly recommended,2026-02-18
RV011198,O012686,C09439,5,Excellent quality,2025-01-28
RV011199,O019926,C02246,4,Good service,2025-01-24
RV011200,O006857,C03848,4,Nice packaging,2024-10-10
RV011201,O018620,C02396,5,Highly recommended,2024-12-16
RV011202,O036978,C01001,5,Fresh products,2024-11-05
RV011203,O035093,C01253,5,Very satisfied,2026-04-01
RV011204,O003939,C00019,5,Fresh products,2024-11-28
RV011205,O016498,C01715,5,Highly recommended,2024-11-23
RV011206,O035433,C00520,5,Excellent quality,2024-11-09
RV011207,O035669,C06237,5,Excellent quality,2025-10-11
RV011208,O014784,C01415,2,Product quality below expectations,2026-07-17
RV011209,O014292,C09931,3,Could be better,2025-01-25
RV011210,O026232,C06232,4,Value for money,2025-02-02
RV011211,O006795,C09468,4,Good service,2025-10-30
RV011212,O017130,C02981,4,Good service,2026-06-13
RV011213,O007005,C06262,5,Fast delivery,2025-03-14
RV011214,O027892,C09170,4,Good service,2024-12-17
RV011215,O021800,C03350,5,Excellent quality,2025-07-24
RV011216,O021894,C05543,4,Value for money,2025-07-11
RV011217,O000211,C02161,2,Late delivery,2026-06-17
RV011218,O007878,C05279,3,Average experience,2026-07-10
RV011219,O028892,C07407,4,Nice packaging,2025-07-21
RV011220,O015190,C00608,4,Value for money,2025-11-19
RV011221,O003436,C08439,3,Delivery was okay,2025-03-26
RV011222,O023743,C01224,5,Highly recommended,2026-06-08
RV011223,O033374,C05985,4,Value for money,2026-08-03
RV011224,O000867,C05400,5,Excellent quality,2024-10-26
RV011225,O029428,C05441,3,Average experience,2024-09-29
RV011226,O007536,C07555,5,Very satisfied,2026-07-12
RV011227,O009056,C01661,5,Fresh products,2024-08-10
RV011228,O038220,C06263,5,Fresh products,2026-05-08
RV011229,O033206,C00863,5,Excellent quality,2026-06-21
RV011230,O013093,C02277,5,Fast delivery,2024-09-16
RV011231,O035361,C09000,3,Average experience,2026-05-28
RV011232,O009295,C00662,3,Could be better,2026-05-15
RV011233,O002947,C06354,4,Value for money,2026-05-04
RV011234,O005924,C03522,5,Fresh products,2025-05-27
RV011235,O020969,C07706,5,Very satisfied,2026-05-13
RV011236,O007802,C01666,4,Nice packaging,2025-03-21
RV011237,O017689,C04250,4,Nice packaging,2026-03-02
RV011238,O024425,C06111,4,Value for money,2026-02-18
RV011239,O026664,C02315,4,Nice packaging,2026-06-04
RV011240,O009075,C08715,5,Excellent quality,2026-03-04
RV011241,O008336,C08142,3,Could be better,2025-01-11
RV011242,O016670,C07181,4,Nice packaging,2026-06-28
RV011243,O038996,C08705,5,Excellent quality,2025-01-05
RV011244,O001849,C01517,5,Fast delivery,2025-09-10
RV011245,O011221,C08737,4,Satisfied,2025-04-13
RV011246,O013692,C01144,5,Excellent quality,2025-06-12
RV011247,O029704,C05451,5,Excellent quality,2026-04-11
RV011248,O005939,C06482,5,Very satisfied,2025-06-16
RV011249,O007190,C04611,5,Fast delivery,2025-03-20
RV011250,O003787,C09042,5,Very satisfied,2024-08-31
RV011251,O022832,C03672,5,Fresh products,2025-01-15
RV011252,O009937,C04465,5,Fresh products,2026-05-27
RV011253,O034551,C00064,4,Good service,2024-12-26
RV011254,O037354,C09101,5,Highly recommended,2026-02-16
RV011255,O037635,C06085,4,Nice packaging,2026-07-01
RV011256,O025679,C05599,5,Fast delivery,2024-08-09
RV011257,O008163,C01059,5,Fresh products,2025-11-05
RV011258,O009633,C09884,2,Product quality below expectations,2025-10-31
RV011259,O005263,C09104,5,Very satisfied,2024-11-27
RV011260,O024850,C02121,4,Satisfied,2025-08-13
RV011261,O034770,C06258,3,Could be better,2025-08-27
RV011262,O037986,C00269,5,Very satisfied,2025-07-05
RV011263,O009461,C05092,5,Fresh products,2025-06-23
RV011264,O012348,C09644,5,Highly recommended,2026-04-08
RV011265,O036019,C03355,5,Fast delivery,2026-05-21
RV011266,O035161,C06129,4,Nice packaging,2025-09-17
RV011267,O028470,C06604,5,Fresh products,2024-11-16
RV011268,O030365,C07295,4,Satisfied,2025-02-11
RV011269,O002495,C03076,3,Could be better,2025-02-09
RV011270,O036743,C06281,5,Fresh products,2025-06-12
RV011271,O035181,C08013,2,Product quality below expectations,2025-01-02
RV011272,O030157,C07315,5,Highly recommended,2025-05-21
RV011273,O016591,C05985,5,Fast delivery,2026-07-02
RV011274,O025136,C03549,3,Could be better,2025-03-18
RV011275,O038648,C06498,5,Excellent quality,2026-05-20
RV011276,O037060,C03997,5,Excellent quality,2025-03-21
RV011277,O023675,C02859,5,Fresh products,2025-09-14
RV011278,O003811,C08016,4,Value for money,2024-10-30
RV011279,O025470,C06202,5,Fast delivery,2025-04-22
RV011280,O005808,C00517,5,Excellent quality,2026-03-24
RV011281,O014119,C02661,4,Value for money,2025-03-03
RV011282,O039975,C01771,4,Value for money,2024-12-02
RV011283,O016577,C05978,4,Nice packaging,2025-01-27
RV011284,O027312,C04305,5,Highly recommended,2025-04-18
RV011285,O014084,C06434,5,Very satisfied,2025-03-25
RV011286,O011373,C04687,5,Fast delivery,2026-01-12
RV011287,O032717,C01706,5,Excellent quality,2025-09-04
RV011288,O006278,C04593,4,Satisfied,2025-03-03
RV011289,O035544,C02954,3,Delivery was okay,2026-05-21
RV011290,O023695,C00796,4,Satisfied,2026-04-14
RV011291,O011788,C00922,4,Value for money,2025-02-03
RV011292,O017732,C09013,5,Very satisfied,2026-06-29
RV011293,O032532,C04459,5,Fast delivery,2025-04-24
RV011294,O027979,C07524,5,Excellent quality,2024-10-05
RV011295,O009434,C03610,5,Very satisfied,2026-01-29
RV011296,O021312,C05935,4,Good service,2024-08-19
RV011297,O003534,C01590,3,Average experience,2026-01-30
RV011298,O022119,C02707,5,Fast delivery,2025-06-07
RV011299,O017225,C03029,4,Satisfied,2024-10-09
RV011300,O001431,C06044,4,Nice packaging,2025-04-19
RV011301,O007948,C09458,5,Fast delivery,2024-09-12
RV011302,O009086,C04517,5,Highly recommended,2026-02-22
RV011303,O038191,C03720,4,Nice packaging,2025-06-11
RV011304,O015661,C07335,3,Average experience,2026-07-11
RV011305,O017469,C06306,5,Highly recommended,2025-11-07
RV011306,O014692,C08613,5,Fast delivery,2025-03-28
RV011307,O000498,C00646,4,Nice packaging,2024-12-16
RV011308,O037704,C07583,1,Very disappointed,2025-07-17
RV011309,O014724,C03692,5,Excellent quality,2025-01-13
RV011310,O004836,C03909,4,Nice packaging,2025-11-01
RV011311,O013269,C05800,4,Good service,2026-06-28
RV011312,O000936,C07861,5,Very satisfied,2025-07-22
RV011313,O020251,C08349,5,Fresh products,2025-04-01
RV011314,O037845,C05916,4,Nice packaging,2024-08-02
RV011315,O015796,C09079,5,Fast delivery,2025-04-29
RV011316,O015846,C06169,5,Highly recommended,2025-06-25
RV011317,O003923,C08040,5,Excellent quality,2026-07-25
RV011318,O013254,C02608,5,Highly recommended,2025-03-05
RV011319,O018534,C08961,5,Very satisfied,2025-08-14
RV011320,O024949,C02916,2,Product quality below expectations,2024-12-26
RV011321,O026819,C09615,5,Fast delivery,2025-05-05
RV011322,O020040,C01424,5,Fresh products,2024-08-03
RV011323,O013193,C07238,5,Highly recommended,2025-07-22
RV011324,O032474,C05497,5,Very satisfied,2026-07-16
RV011325,O029696,C05107,5,Highly recommended,2026-07-04
RV011326,O023093,C07466,5,Excellent quality,2025-08-26
RV011327,O007076,C07303,4,Nice packaging,2025-10-18
RV011328,O034840,C07859,5,Fresh products,2024-11-22
RV011329,O011285,C00567,5,Highly recommended,2026-02-07
RV011330,O000834,C08395,5,Very satisfied,2025-07-05
RV011331,O009337,C02134,5,Excellent quality,2026-02-15
RV011332,O028038,C07662,5,Fast delivery,2026-03-23
RV011333,O022042,C07260,5,Very satisfied,2025-04-25
RV011334,O002979,C04256,5,Excellent quality,2025-11-18
RV011335,O002260,C03182,5,Very satisfied,2024-09-13
RV011336,O018176,C08018,5,Excellent quality,2025-02-19
RV011337,O022601,C01390,5,Excellent quality,2024-12-04
RV011338,O016750,C00326,2,Late delivery,2026-06-18
RV011339,O024546,C09839,5,Fast delivery,2025-09-10
RV011340,O039341,C01696,5,Excellent quality,2024-12-10
RV011341,O029256,C02178,1,Damaged product,2026-02-17
RV011342,O031572,C03560,5,Very satisfied,2026-02-19
RV011343,O016522,C02176,3,Could be better,2025-07-03
RV011344,O003049,C07114,3,Delivery was okay,2025-08-15
RV011345,O036760,C01879,5,Excellent quality,2025-04-04
RV011346,O027194,C04052,5,Highly recommended,2025-01-26
RV011347,O030243,C06549,2,Product quality below expectations,2026-03-28
RV011348,O020088,C08704,5,Very satisfied,2026-03-21
RV011349,O038421,C05609,5,Fast delivery,2025-08-04
RV011350,O013337,C09391,5,Excellent quality,2025-01-02
RV011351,O015153,C04811,3,Delivery was okay,2026-05-03
RV011352,O033575,C05767,5,Excellent quality,2025-07-06
RV011353,O015358,C00619,5,Fresh products,2025-12-22
RV011354,O015784,C03189,5,Very satisfied,2025-12-03
RV011355,O005354,C01496,3,Could be better,2025-05-02
RV011356,O013534,C09452,3,Delivery was okay,2026-01-24
RV011357,O015550,C09583,5,Very satisfied,2026-06-29
RV011358,O026505,C05064,4,Satisfied,2024-10-13
RV011359,O007747,C08188,4,Nice packaging,2025-06-01
RV011360,O002168,C01468,5,Fast delivery,2026-03-02
RV011361,O023581,C02076,4,Satisfied,2025-07-15
RV011362,O007115,C05203,4,Value for money,2025-01-01
RV011363,O002566,C02015,3,Average experience,2025-06-12
RV011364,O027192,C09749,4,Good service,2025-02-28
RV011365,O025185,C02705,4,Good service,2025-11-03
RV011366,O029010,C08788,4,Nice packaging,2024-09-11
RV011367,O025721,C02483,5,Fast delivery,2024-12-27
RV011368,O030378,C09088,4,Satisfied,2026-03-04
RV011369,O003255,C07421,5,Highly recommended,2025-10-31
RV011370,O024340,C04698,4,Satisfied,2024-08-05
RV011371,O023434,C05099,5,Highly recommended,2025-02-22
RV011372,O009061,C05479,1,Very disappointed,2025-07-02
RV011373,O034244,C03008,5,Very satisfied,2025-06-15
RV011374,O032218,C02736,5,Fast delivery,2026-07-30
RV011375,O031984,C05164,3,Delivery was okay,2025-10-31
RV011376,O038367,C03964,5,Fast delivery,2026-08-04
RV011377,O026853,C01591,5,Highly recommended,2025-05-01
RV011378,O024130,C00663,5,Excellent quality,2025-02-11
RV011379,O012811,C02962,3,Average experience,2026-03-26
RV011380,O030529,C06196,4,Good service,2024-12-07
RV011381,O006572,C05751,5,Fast delivery,2024-09-13
RV011382,O032242,C02718,2,Packaging issue,2025-09-17
RV011383,O025328,C07650,5,Excellent quality,2025-12-11
RV011384,O036750,C04658,5,Very satisfied,2025-06-20
RV011385,O038841,C02086,5,Very satisfied,2025-09-04
RV011386,O037424,C05355,5,Fast delivery,2026-04-18
RV011387,O024506,C07159,3,Delivery was okay,2026-03-20
RV011388,O002350,C08195,5,Fast delivery,2024-12-22
RV011389,O035117,C02795,4,Value for money,2025-01-28
RV011390,O013383,C01028,5,Very satisfied,2025-05-08
RV011391,O027358,C09630,2,Late delivery,2024-11-16
RV011392,O033171,C02037,5,Highly recommended,2025-08-02
RV011393,O014747,C00562,1,Wrong item received,2025-09-22
RV011394,O011332,C02443,3,Could be better,2025-07-02
RV011395,O012428,C09544,5,Excellent quality,2025-05-26
RV011396,O021102,C05317,5,Very satisfied,2025-06-09
RV011397,O008526,C06664,3,Could be better,2026-05-10
RV011398,O000863,C03998,5,Highly recommended,2025-11-22
RV011399,O036293,C07589,2,Product quality below expectations,2026-02-05
RV011400,O016554,C00855,5,Fast delivery,2025-06-13
RV011401,O006950,C05798,4,Satisfied,2026-04-23
RV011402,O002153,C07179,5,Very satisfied,2026-03-16
RV011403,O033654,C09003,3,Could be better,2026-05-25
RV011404,O028515,C09932,5,Fast delivery,2025-03-06
RV011405,O013144,C06529,5,Very satisfied,2025-03-17
RV011406,O005713,C08051,3,Delivery was okay,2025-04-11
RV011407,O025859,C01950,5,Fresh products,2025-10-24
RV011408,O001727,C04722,5,Highly recommended,2026-05-05
RV011409,O003799,C01468,5,Highly recommended,2025-10-26
RV011410,O038874,C04693,4,Value for money,2026-04-12
RV011411,O007855,C05543,4,Satisfied,2026-05-21
RV011412,O004168,C02247,5,Very satisfied,2024-12-03
RV011413,O015481,C00160,5,Highly recommended,2024-08-09
RV011414,O001363,C02545,5,Highly recommended,2025-05-11
RV011415,O010394,C01214,5,Fast delivery,2026-03-24
RV011416,O026239,C02703,5,Fast delivery,2025-09-20
RV011417,O037517,C05623,1,Wrong item received,2025-01-12
RV011418,O001604,C06379,3,Average experience,2026-02-28
RV011419,O014212,C08429,5,Very satisfied,2025-11-16
RV011420,O028963,C01968,4,Satisfied,2025-11-13
RV011421,O017215,C02342,4,Good service,2025-06-02
RV011422,O030166,C04454,2,Packaging issue,2024-09-03
RV011423,O025958,C04110,5,Excellent quality,2025-09-16
RV011424,O033561,C00228,1,Very disappointed,2024-09-17
RV011425,O029145,C09869,2,Packaging issue,2025-11-14
RV011426,O011038,C00977,5,Fast delivery,2025-12-15
RV011427,O039644,C06325,4,Good service,2024-09-10
RV011428,O024684,C06831,5,Excellent quality,2025-02-11
RV011429,O036303,C09615,4,Satisfied,2025-03-23
RV011430,O006818,C08044,5,Highly recommended,2025-11-14
RV011431,O009562,C09884,5,Fresh products,2026-05-01
RV011432,O017164,C02185,5,Fast delivery,2026-05-15
RV011433,O010263,C06928,5,Very satisfied,2024-10-26
RV011434,O010738,C01523,5,Highly recommended,2024-08-05
RV011435,O032815,C01525,5,Very satisfied,2025-03-18
RV011436,O001685,C07156,4,Satisfied,2026-06-27
RV011437,O014422,C03855,4,Satisfied,2025-10-09
RV011438,O001400,C00156,5,Fresh products,2025-03-17
RV011439,O025651,C01466,5,Fresh products,2025-05-29
RV011440,O009566,C00749,5,Excellent quality,2025-03-15
RV011441,O021760,C00727,3,Delivery was okay,2024-12-11
RV011442,O037319,C02105,5,Very satisfied,2024-09-22
RV011443,O015325,C06093,5,Highly recommended,2026-07-21
RV011444,O000316,C02734,5,Fast delivery,2025-08-11
RV011445,O037804,C07326,5,Fresh products,2025-01-09
RV011446,O004904,C03374,4,Good service,2024-10-30
RV011447,O012909,C03045,5,Excellent quality,2026-01-31
RV011448,O012790,C07878,5,Very satisfied,2026-01-29
RV011449,O035291,C05652,5,Very satisfied,2024-12-29
RV011450,O028575,C02907,3,Delivery was okay,2025-03-03
RV011451,O029087,C07915,4,Satisfied,2025-03-26
RV011452,O013761,C01317,5,Highly recommended,2024-09-17
RV011453,O035271,C03079,5,Highly recommended,2025-06-21
RV011454,O006838,C02219,3,Could be better,2026-02-14
RV011455,O035593,C01823,5,Very satisfied,2025-01-25
RV011456,O037766,C01995,5,Excellent quality,2026-04-05
RV011457,O017977,C02615,5,Highly recommended,2026-05-29
RV011458,O028516,C07396,5,Very satisfied,2026-04-23
RV011459,O023950,C02472,5,Highly recommended,2025-05-11
RV011460,O000107,C07268,5,Fresh products,2025-02-09
RV011461,O031535,C06508,5,Fresh products,2024-10-14
RV011462,O036021,C06381,5,Fresh products,2024-12-19
RV011463,O033724,C07143,5,Very satisfied,2024-08-29
RV011464,O000484,C07720,4,Good service,2025-01-02
RV011465,O027686,C04039,5,Very satisfied,2025-05-12
RV011466,O027255,C05127,4,Satisfied,2025-01-10
RV011467,O005959,C02571,2,Late delivery,2025-04-30
RV011468,O027471,C05257,4,Good service,2026-03-29
RV011469,O015369,C03597,5,Very satisfied,2025-05-27
RV011470,O010484,C04594,4,Nice packaging,2025-06-09
RV011471,O003614,C09772,4,Good service,2024-09-20
RV011472,O020665,C05726,3,Could be better,2025-06-21
RV011473,O029445,C08473,1,Wrong item received,2025-10-01
RV011474,O001034,C00946,5,Highly recommended,2026-02-18
RV011475,O001532,C06709,5,Highly recommended,2025-02-25
RV011476,O003864,C01155,5,Fast delivery,2024-10-02
RV011477,O037245,C05877,5,Very satisfied,2024-09-08
RV011478,O012186,C04045,4,Nice packaging,2026-02-28
RV011479,O009481,C02724,3,Delivery was okay,2024-11-26
RV011480,O026522,C08315,1,Very disappointed,2025-08-14
RV011481,O020072,C07045,5,Fresh products,2025-05-26
RV011482,O027281,C09021,5,Fast delivery,2024-11-12
RV011483,O015348,C07067,5,Highly recommended,2026-01-02
RV011484,O002537,C03382,4,Satisfied,2026-05-02
RV011485,O023422,C02629,4,Good service,2025-04-16
RV011486,O001217,C09531,5,Highly recommended,2025-10-15
RV011487,O001862,C04919,5,Very satisfied,2025-11-28
RV011488,O008283,C09908,2,Packaging issue,2026-07-03
RV011489,O024132,C03120,4,Good service,2024-12-09
RV011490,O028131,C00784,5,Very satisfied,2025-08-29
RV011491,O030524,C04246,5,Excellent quality,2025-12-09
RV011492,O027969,C04127,5,Fresh products,2026-02-02
RV011493,O003681,C07154,5,Highly recommended,2026-01-08
RV011494,O027595,C03863,5,Highly recommended,2025-08-20
RV011495,O024623,C04350,5,Fresh products,2025-04-06
RV011496,O006703,C06366,5,Excellent quality,2026-02-13
RV011497,O033430,C03989,5,Excellent quality,2025-05-25
RV011498,O034920,C08558,4,Satisfied,2026-07-11
RV011499,O031856,C07697,5,Very satisfied,2024-08-02
RV011500,O027410,C07377,4,Good service,2025-03-30
RV011501,O008835,C03826,2,Packaging issue,2026-01-22
RV011502,O006279,C04089,2,Packaging issue,2025-10-15
RV011503,O001498,C04912,3,Delivery was okay,2025-10-20
RV011504,O016049,C02611,5,Fast delivery,2024-11-25
RV011505,O014027,C04234,5,Very satisfied,2025-08-26
RV011506,O028156,C00484,3,Average experience,2024-10-26
RV011507,O024231,C09625,5,Excellent quality,2026-02-16
RV011508,O019734,C00427,5,Fresh products,2025-07-11
RV011509,O030381,C01091,5,Fast delivery,2025-11-11
RV011510,O007748,C02347,1,Wrong item received,2026-06-22
RV011511,O008578,C04917,5,Very satisfied,2026-06-18
RV011512,O023803,C04505,5,Very satisfied,2024-09-27
RV011513,O026396,C01097,4,Value for money,2025-11-18
RV011514,O014090,C00070,4,Value for money,2025-01-31
RV011515,O024446,C09284,4,Nice packaging,2025-02-11
RV011516,O039994,C04638,1,Very disappointed,2024-08-22
RV011517,O002621,C08193,4,Value for money,2025-10-08
RV011518,O018991,C09569,1,Very disappointed,2025-12-19
RV011519,O023758,C05630,1,Damaged product,2025-12-25
RV011520,O008711,C06009,4,Satisfied,2025-10-31
RV011521,O009527,C02044,5,Fast delivery,2024-12-10
RV011522,O017621,C05358,3,Average experience,2026-05-26
RV011523,O014103,C03712,5,Fast delivery,2026-06-17
RV011524,O030237,C08664,5,Fast delivery,2025-12-13
RV011525,O039184,C05962,4,Satisfied,2026-07-26
RV011526,O011205,C03078,1,Very disappointed,2025-07-22
RV011527,O023249,C04808,5,Fresh products,2024-12-05
RV011528,O016566,C07171,3,Delivery was okay,2026-05-27
RV011529,O018886,C09301,5,Very satisfied,2026-05-05
RV011530,O032472,C05643,2,Packaging issue,2025-01-17
RV011531,O024378,C00235,5,Highly recommended,2024-09-07
RV011532,O013886,C09967,5,Very satisfied,2026-07-29
RV011533,O026208,C06082,4,Value for money,2026-01-08
RV011534,O016956,C00743,5,Fresh products,2025-01-19
RV011535,O014007,C09281,5,Excellent quality,2025-10-23
RV011536,O021151,C06751,5,Excellent quality,2026-03-12
RV011537,O023248,C09372,5,Highly recommended,2025-01-09
RV011538,O037912,C00291,5,Fast delivery,2026-07-09
RV011539,O032672,C02606,5,Highly recommended,2026-03-17
RV011540,O019629,C01965,5,Fast delivery,2026-07-10
RV011541,O011762,C07091,5,Highly recommended,2025-01-29
RV011542,O001412,C00508,2,Packaging issue,2025-02-19
RV011543,O035685,C04256,3,Could be better,2026-06-21
RV011544,O029430,C01854,4,Nice packaging,2025-07-10
RV011545,O017499,C01739,5,Highly recommended,2025-09-27
RV011546,O017588,C09445,5,Highly recommended,2026-07-31
RV011547,O039483,C05325,5,Fresh products,2026-04-17
RV011548,O036339,C02163,3,Average experience,2025-08-16
RV011549,O039043,C05726,2,Late delivery,2025-08-26
RV011550,O010735,C08755,4,Value for money,2025-09-15
RV011551,O030094,C08772,5,Excellent quality,2024-10-19
RV011552,O005750,C00976,3,Average experience,2026-03-26
RV011553,O029353,C00683,5,Very satisfied,2026-04-01
RV011554,O011775,C05855,5,Highly recommended,2026-06-26
RV011555,O014010,C06172,5,Fresh products,2025-02-09
RV011556,O019217,C04629,4,Value for money,2026-02-09
RV011557,O005989,C02220,5,Fresh products,2025-03-25
RV011558,O017592,C09762,5,Excellent quality,2026-06-13
RV011559,O034247,C09912,5,Fast delivery,2025-01-20
RV011560,O010151,C01933,5,Highly recommended,2025-05-08
RV011561,O014953,C09468,5,Very satisfied,2025-04-15
RV011562,O003578,C03585,4,Value for money,2024-12-22
RV011563,O038379,C07116,5,Excellent quality,2025-05-08
RV011564,O031301,C09791,5,Highly recommended,2025-07-30
RV011565,O039733,C00197,2,Product quality below expectations,2025-05-09
RV011566,O037669,C07610,4,Satisfied,2025-06-02
RV011567,O007385,C04928,5,Fresh products,2026-01-24
RV011568,O002596,C08929,5,Fast delivery,2024-10-14
RV011569,O017365,C01642,5,Fast delivery,2026-03-24
RV011570,O024764,C07890,4,Satisfied,2026-01-28
RV011571,O006179,C08243,2,Late delivery,2025-09-06
RV011572,O009419,C03325,5,Highly recommended,2025-04-27
RV011573,O024164,C01402,5,Fast delivery,2024-12-16
RV011574,O038455,C08624,5,Fresh products,2026-02-02
RV011575,O002001,C05619,5,Excellent quality,2026-03-21
RV011576,O021559,C08017,5,Excellent quality,2025-09-06
RV011577,O004175,C03079,5,Excellent quality,2024-11-04
RV011578,O009127,C09298,4,Nice packaging,2026-06-02
RV011579,O031411,C03992,2,Product quality below expectations,2024-08-16
RV011580,O036154,C04832,5,Highly recommended,2025-10-18
RV011581,O033718,C08489,5,Excellent quality,2025-06-07
RV011582,O030445,C07653,5,Fresh products,2025-02-15
RV011583,O004032,C00076,1,Damaged product,2025-01-23
RV011584,O008516,C08542,5,Fast delivery,2025-04-06
RV011585,O036916,C06188,1,Wrong item received,2025-01-14
RV011586,O026145,C08528,4,Satisfied,2026-05-13
RV011587,O001482,C02161,4,Nice packaging,2025-08-25
RV011588,O034141,C07263,2,Late delivery,2025-11-18
RV011589,O039243,C09620,5,Very satisfied,2025-12-28
RV011590,O035101,C01204,5,Fresh products,2026-05-03
RV011591,O033115,C07326,5,Fast delivery,2026-03-07
RV011592,O019005,C07819,5,Very satisfied,2026-05-20
RV011593,O007288,C09464,4,Satisfied,2026-06-07
RV011594,O017471,C03500,3,Delivery was okay,2025-07-26
RV011595,O022268,C02454,4,Satisfied,2024-08-02
RV011596,O008312,C06888,5,Fresh products,2026-07-19
RV011597,O010988,C03078,5,Very satisfied,2024-12-18
RV011598,O030787,C09237,1,Very disappointed,2024-11-09
RV011599,O012561,C09590,5,Fresh products,2024-12-27
RV011600,O038888,C08979,4,Good service,2026-02-22
RV011601,O002664,C09453,5,Fresh products,2026-07-10
RV011602,O007069,C00139,4,Value for money,2026-06-21
RV011603,O004339,C03110,5,Highly recommended,2025-12-21
RV011604,O022357,C05230,4,Value for money,2025-02-04
RV011605,O026538,C07190,5,Fast delivery,2025-02-08
RV011606,O020853,C01429,5,Very satisfied,2024-10-28
RV011607,O001549,C09679,5,Very satisfied,2026-07-15
RV011608,O016645,C00534,5,Excellent quality,2025-03-29
RV011609,O015460,C08495,3,Could be better,2026-03-18
RV011610,O021166,C02476,1,Damaged product,2025-11-14
RV011611,O027521,C08698,5,Excellent quality,2025-02-22
RV011612,O006000,C04688,5,Highly recommended,2026-02-21
RV011613,O001845,C04957,2,Product quality below expectations,2025-10-29
RV011614,O022952,C00314,3,Could be better,2025-02-07
RV011615,O029682,C00003,5,Very satisfied,2026-02-04
RV011616,O013279,C07847,4,Good service,2026-04-15
RV011617,O003716,C07007,3,Delivery was okay,2025-07-22
RV011618,O028631,C09694,4,Good service,2024-08-07
RV011619,O014427,C09640,5,Highly recommended,2025-11-21
RV011620,O013715,C04108,5,Very satisfied,2024-12-14
RV011621,O018377,C05259,3,Average experience,2025-04-22
RV011622,O002429,C01278,5,Fresh products,2025-06-25
RV011623,O022931,C01173,5,Excellent quality,2025-01-25
RV011624,O008281,C08046,4,Good service,2024-11-27
RV011625,O018297,C03461,4,Value for money,2025-12-12
RV011626,O031458,C03088,4,Value for money,2024-09-25
RV011627,O027659,C06887,5,Very satisfied,2025-04-27
RV011628,O024045,C01524,5,Highly recommended,2025-07-07
RV011629,O018121,C08209,4,Nice packaging,2025-08-31
RV011630,O014088,C06081,4,Value for money,2024-11-23
RV011631,O037304,C00741,5,Fast delivery,2025-05-04
RV011632,O025505,C08948,4,Value for money,2024-09-07
RV011633,O036215,C00619,4,Satisfied,2024-12-26
RV011634,O009927,C01437,5,Highly recommended,2026-02-20
RV011635,O028450,C00013,1,Very disappointed,2024-11-13
RV011636,O002580,C05692,5,Fresh products,2025-05-27
RV011637,O030306,C00219,5,Fast delivery,2025-01-27
RV011638,O019131,C07853,5,Fresh products,2025-09-03
RV011639,O009714,C03313,5,Excellent quality,2025-04-27
RV011640,O026960,C09741,1,Damaged product,2025-07-11
RV011641,O011120,C02225,3,Delivery was okay,2026-02-10
RV011642,O011039,C06075,4,Satisfied,2026-05-30
RV011643,O034522,C01920,4,Good service,2025-02-06
RV011644,O005467,C06952,1,Damaged product,2026-03-01
RV011645,O007399,C08459,4,Good service,2026-06-15
RV011646,O000812,C07910,5,Fast delivery,2026-01-13
RV011647,O031897,C01076,5,Fast delivery,2026-02-15
RV011648,O037022,C02612,4,Satisfied,2024-09-12
RV011649,O000565,C05848,5,Fresh products,2025-10-23
RV011650,O024467,C00889,4,Satisfied,2025-04-10
RV011651,O010044,C00377,5,Excellent quality,2025-12-07
RV011652,O004376,C04804,5,Fresh products,2025-04-11
RV011653,O038931,C05053,5,Fast delivery,2025-08-29
RV011654,O024226,C06265,5,Excellent quality,2025-05-26
RV011655,O028379,C02100,3,Delivery was okay,2024-11-21
RV011656,O021824,C04201,4,Good service,2026-04-15
RV011657,O014015,C03710,5,Fresh products,2025-12-29
RV011658,O012628,C04054,1,Wrong item received,2025-02-23
RV011659,O035756,C08860,5,Excellent quality,2026-04-09
RV011660,O036693,C08393,5,Very satisfied,2025-02-07
RV011661,O037034,C03104,5,Fresh products,2026-06-06
RV011662,O011637,C08779,5,Highly recommended,2026-03-08
RV011663,O016172,C01582,5,Fast delivery,2025-10-07
RV011664,O002379,C01100,5,Highly recommended,2025-03-16
RV011665,O026118,C05037,1,Wrong item received,2024-11-10
RV011666,O002869,C00568,4,Value for money,2025-06-03
RV011667,O007974,C01259,4,Nice packaging,2025-08-19
RV011668,O001764,C04831,5,Excellent quality,2025-11-06
RV011669,O038964,C08312,5,Excellent quality,2025-08-12
RV011670,O025987,C07548,5,Fast delivery,2025-09-15
RV011671,O035942,C06367,5,Fast delivery,2025-10-16
RV011672,O015065,C05866,4,Nice packaging,2026-07-05
RV011673,O005669,C05783,5,Excellent quality,2026-05-21
RV011674,O006715,C05488,4,Good service,2026-04-16
RV011675,O032816,C06514,5,Highly recommended,2024-08-13
RV011676,O016789,C03787,5,Very satisfied,2025-07-02
RV011677,O025549,C01418,1,Damaged product,2026-02-10
RV011678,O026107,C04670,5,Highly recommended,2025-11-06
RV011679,O004848,C04238,5,Excellent quality,2026-03-22
RV011680,O036232,C03639,5,Excellent quality,2024-12-27
RV011681,O012977,C03958,5,Fresh products,2026-02-25
RV011682,O002701,C07790,5,Highly recommended,2026-07-07
RV011683,O030260,C07858,4,Value for money,2025-08-16
RV011684,O000892,C08045,4,Value for money,2026-01-20
RV011685,O023279,C03509,5,Very satisfied,2025-06-01
RV011686,O000930,C07487,4,Satisfied,2024-10-16
RV011687,O019853,C04710,3,Average experience,2025-11-16
RV011688,O021188,C08623,5,Fast delivery,2026-01-16
RV011689,O008492,C01262,5,Fast delivery,2025-03-31
RV011690,O024370,C05590,4,Value for money,2024-10-02
RV011691,O038066,C03174,5,Fast delivery,2024-08-11
RV011692,O017927,C08084,2,Late delivery,2025-07-12
RV011693,O024351,C02556,3,Average experience,2025-05-05
RV011694,O035168,C09421,5,Very satisfied,2025-11-26
RV011695,O026000,C07720,5,Very satisfied,2025-03-29
RV011696,O000388,C00088,5,Excellent quality,2025-06-15
RV011697,O016737,C09616,5,Fresh products,2025-04-14
RV011698,O037763,C03796,5,Fast delivery,2026-07-12
RV011699,O032555,C05339,5,Fresh products,2025-11-17
RV011700,O004327,C06275,4,Value for money,2026-04-12
RV011701,O036465,C04519,5,Fresh products,2026-06-16
RV011702,O033005,C06113,5,Very satisfied,2024-12-24
RV011703,O001236,C09230,5,Very satisfied,2025-04-25
RV011704,O028308,C02986,1,Wrong item received,2026-04-01
RV011705,O020999,C05396,5,Highly recommended,2025-02-09
RV011706,O015499,C06222,5,Excellent quality,2025-06-02
RV011707,O031792,C04690,3,Average experience,2025-11-20
RV011708,O039306,C03139,5,Fast delivery,2026-01-03
RV011709,O000053,C00610,2,Late delivery,2025-06-24
RV011710,O031748,C05411,5,Very satisfied,2026-08-02
RV011711,O016727,C07346,5,Very satisfied,2025-11-03
RV011712,O024265,C09271,4,Satisfied,2025-03-25
RV011713,O032440,C09085,5,Highly recommended,2026-07-06
RV011714,O019547,C08292,4,Good service,2025-07-18
RV011715,O027073,C03002,5,Excellent quality,2024-09-05
RV011716,O003776,C04329,4,Satisfied,2025-09-11
RV011717,O034111,C04877,5,Fresh products,2026-01-30
RV011718,O007743,C05119,4,Nice packaging,2026-01-21
RV011719,O027565,C00430,5,Highly recommended,2025-03-06
RV011720,O032825,C04707,5,Excellent quality,2025-02-08
RV011721,O009669,C08637,4,Good service,2025-03-26
RV011722,O004532,C01220,5,Excellent quality,2025-05-10
RV011723,O024165,C02789,5,Very satisfied,2026-04-05
RV011724,O026324,C00460,5,Fresh products,2025-09-18
RV011725,O003427,C08301,5,Excellent quality,2026-04-15
RV011726,O027397,C05414,5,Fresh products,2026-05-04
RV011727,O016199,C06506,5,Highly recommended,2025-04-02
RV011728,O016407,C03268,4,Value for money,2025-11-14
RV011729,O003467,C06533,4,Nice packaging,2025-01-16
RV011730,O008585,C06256,5,Excellent quality,2025-08-17
RV011731,O032537,C07218,4,Good service,2024-12-16
RV011732,O036182,C03103,5,Fresh products,2025-10-02
RV011733,O027093,C04164,5,Very satisfied,2025-11-14
RV011734,O002403,C01232,3,Could be better,2026-03-28
RV011735,O005786,C02981,3,Average experience,2025-02-07
RV011736,O011483,C05460,5,Excellent quality,2025-03-24
RV011737,O014464,C08415,5,Very satisfied,2025-11-22
RV011738,O011984,C09503,5,Excellent quality,2024-09-19
RV011739,O027248,C06697,5,Very satisfied,2024-09-13
RV011740,O017007,C06425,2,Late delivery,2025-01-23
RV011741,O023240,C03648,1,Damaged product,2024-08-24
RV011742,O002975,C03049,5,Excellent quality,2024-11-06
RV011743,O017026,C03540,2,Product quality below expectations,2025-05-11
RV011744,O023646,C01049,5,Excellent quality,2025-04-04
RV011745,O000126,C07293,5,Fast delivery,2026-02-11
RV011746,O023544,C08404,5,Fresh products,2024-10-28
RV011747,O028763,C06728,5,Very satisfied,2024-12-29
RV011748,O007499,C01617,3,Could be better,2026-01-16
RV011749,O021248,C04590,5,Excellent quality,2024-08-31
RV011750,O037837,C05872,4,Value for money,2026-04-01
RV011751,O036472,C00473,2,Packaging issue,2024-11-27
RV011752,O011785,C06572,5,Fast delivery,2026-04-25
RV011753,O003304,C09218,4,Good service,2026-06-07
RV011754,O034951,C04689,4,Satisfied,2025-09-08
RV011755,O009037,C08385,4,Good service,2024-12-28
RV011756,O028967,C00808,3,Could be better,2026-01-17
RV011757,O020096,C05876,5,Very satisfied,2025-08-19
RV011758,O039515,C07826,4,Satisfied,2025-08-19
RV011759,O002276,C05026,5,Fresh products,2026-02-18
RV011760,O012457,C00020,5,Fast delivery,2024-09-01
RV011761,O038420,C07308,5,Fast delivery,2025-05-02
RV011762,O011953,C00194,4,Value for money,2025-03-04
RV011763,O006984,C01743,4,Good service,2026-07-24
RV011764,O023536,C06735,5,Fresh products,2025-10-24
RV011765,O021628,C04442,5,Highly recommended,2025-12-10
RV011766,O028721,C05042,4,Good service,2026-02-25
RV011767,O015858,C06413,3,Delivery was okay,2024-09-30
RV011768,O039476,C07921,5,Fresh products,2025-02-01
RV011769,O001450,C08934,5,Fresh products,2026-04-16
RV011770,O030672,C09252,5,Very satisfied,2026-02-18
RV011771,O028186,C06721,5,Highly recommended,2025-11-24
RV011772,O038144,C01238,5,Highly recommended,2025-04-06
RV011773,O034926,C07200,4,Nice packaging,2026-03-23
RV011774,O038393,C08661,4,Value for money,2025-07-14
RV011775,O016856,C05061,4,Good service,2026-07-18
RV011776,O015709,C09280,5,Highly recommended,2026-01-23
RV011777,O023443,C00153,5,Highly recommended,2026-01-03
RV011778,O007138,C01925,3,Delivery was okay,2025-05-02
RV011779,O033630,C04790,4,Good service,2025-05-04
RV011780,O014711,C08415,5,Excellent quality,2024-12-29
RV011781,O008165,C00410,5,Fresh products,2026-02-13
RV011782,O013938,C03880,5,Fresh products,2026-07-08
RV011783,O002866,C06709,3,Could be better,2025-12-02
RV011784,O024309,C00074,5,Highly recommended,2026-07-04
RV011785,O011398,C02278,3,Average experience,2024-09-16
RV011786,O017283,C04181,5,Highly recommended,2025-11-01
RV011787,O031177,C04401,4,Value for money,2024-08-15
RV011788,O005181,C06562,5,Fresh products,2024-09-15
RV011789,O003198,C01977,4,Good service,2026-01-16
RV011790,O023843,C04341,5,Excellent quality,2025-07-24
RV011791,O014033,C04190,5,Highly recommended,2026-04-09
RV011792,O021807,C09161,3,Could be better,2025-11-24
RV011793,O022172,C03030,5,Highly recommended,2024-08-23
RV011794,O039714,C04170,4,Value for money,2025-06-15
RV011795,O014054,C03283,4,Nice packaging,2026-06-29
RV011796,O037855,C00279,1,Very disappointed,2025-03-21
RV011797,O023427,C08158,5,Fast delivery,2025-05-26
RV011798,O031084,C08500,5,Highly recommended,2025-10-17
RV011799,O009406,C04865,5,Fast delivery,2024-10-18
RV011800,O004126,C06721,1,Wrong item received,2024-11-11
RV011801,O000961,C01873,3,Average experience,2025-05-25
RV011802,O009177,C03021,5,Very satisfied,2026-04-26
RV011803,O025196,C00176,4,Satisfied,2025-10-22
RV011804,O038533,C04483,5,Highly recommended,2026-03-31
RV011805,O005459,C05665,5,Fast delivery,2024-11-06
RV011806,O000224,C09249,5,Excellent quality,2025-10-16
RV011807,O019746,C07360,5,Very satisfied,2025-03-06
RV011808,O005265,C09419,5,Highly recommended,2024-09-24
RV011809,O036444,C00261,4,Value for money,2025-06-24
RV011810,O038503,C04294,4,Nice packaging,2026-05-06
RV011811,O034709,C02082,3,Could be better,2025-03-18
RV011812,O035143,C01121,5,Highly recommended,2025-06-15
RV011813,O018015,C00822,1,Very disappointed,2025-09-26
RV011814,O015732,C08978,4,Satisfied,2025-12-31
RV011815,O007390,C07093,5,Fresh products,2024-12-18
RV011816,O025591,C07945,5,Very satisfied,2024-09-10
RV011817,O027917,C00799,5,Fast delivery,2025-12-16
RV011818,O005363,C08144,5,Fresh products,2026-07-02
RV011819,O031223,C08201,5,Fast delivery,2025-04-01
RV011820,O036371,C09625,3,Could be better,2024-10-09
RV011821,O029052,C03691,3,Delivery was okay,2024-12-12
RV011822,O018086,C04888,2,Late delivery,2026-03-17
RV011823,O017414,C08677,5,Very satisfied,2026-01-29
RV011824,O027137,C09351,3,Delivery was okay,2024-08-07
RV011825,O002493,C08330,5,Highly recommended,2026-06-15
RV011826,O009874,C04006,2,Late delivery,2026-04-17
RV011827,O025569,C05737,5,Very satisfied,2025-05-19
RV011828,O020510,C06459,5,Fresh products,2025-11-06
RV011829,O021025,C00244,3,Delivery was okay,2026-01-28
RV011830,O013690,C05601,4,Satisfied,2025-02-13
RV011831,O036822,C06750,3,Could be better,2025-12-13
RV011832,O028875,C02692,3,Could be better,2026-04-27
RV011833,O012232,C08104,4,Value for money,2025-09-20
RV011834,O024528,C06429,5,Fresh products,2025-01-10
RV011835,O031122,C07810,4,Good service,2025-02-11
RV011836,O006749,C04667,4,Satisfied,2025-09-15
RV011837,O029639,C09419,5,Highly recommended,2025-07-07
RV011838,O012719,C06523,4,Value for money,2026-02-07
RV011839,O030049,C07938,4,Nice packaging,2025-05-07
RV011840,O009928,C03626,5,Very satisfied,2026-01-17
RV011841,O013123,C00347,5,Highly recommended,2025-11-18
RV011842,O000508,C05462,5,Very satisfied,2026-06-28
RV011843,O006371,C05582,5,Fresh products,2026-01-16
RV011844,O013520,C09463,5,Very satisfied,2024-12-24
RV011845,O000420,C03158,5,Fast delivery,2024-08-11
RV011846,O009827,C08297,4,Good service,2026-06-13
RV011847,O020587,C03705,5,Very satisfied,2024-09-30
RV011848,O000708,C06662,3,Could be better,2025-02-03
RV011849,O024765,C02359,3,Average experience,2025-01-24
RV011850,O003248,C03531,5,Fresh products,2026-02-24
RV011851,O005888,C08684,2,Packaging issue,2026-06-09
RV011852,O029681,C08556,2,Late delivery,2025-12-02
RV011853,O005008,C04559,2,Product quality below expectations,2024-08-16
RV011854,O010957,C09713,4,Good service,2026-01-24
RV011855,O034205,C08289,4,Nice packaging,2024-11-22
RV011856,O005804,C06743,4,Good service,2025-02-28
RV011857,O036323,C09073,4,Satisfied,2026-03-31
RV011858,O004182,C03857,4,Nice packaging,2026-02-04
RV011859,O009931,C09836,5,Fast delivery,2025-05-06
RV011860,O022817,C04455,5,Fast delivery,2025-07-23
RV011861,O007829,C02804,5,Fresh products,2024-12-09
RV011862,O022078,C09791,5,Highly recommended,2025-01-28
RV011863,O028855,C06328,4,Value for money,2025-10-15
RV011864,O008871,C02939,1,Damaged product,2024-10-28
RV011865,O011751,C02509,4,Satisfied,2025-05-05
RV011866,O026724,C04022,5,Excellent quality,2025-02-16
RV011867,O031618,C04687,5,Fast delivery,2024-09-12
RV011868,O002481,C09998,4,Value for money,2025-08-21
RV011869,O001209,C07093,3,Could be better,2025-03-05
RV011870,O031485,C03636,5,Excellent quality,2025-10-20
RV011871,O014331,C09346,5,Very satisfied,2024-08-31
RV011872,O015411,C08498,5,Very satisfied,2025-12-09
RV011873,O025224,C04546,3,Could be better,2025-03-15
RV011874,O032740,C08359,5,Fast delivery,2025-05-15
RV011875,O035028,C01428,4,Satisfied,2026-02-04
RV011876,O006248,C09746,4,Nice packaging,2024-11-30
RV011877,O033500,C01234,5,Fast delivery,2026-06-02
RV011878,O022399,C06289,5,Fresh products,2026-06-14
RV011879,O039438,C06961,5,Excellent quality,2025-11-07
RV011880,O004645,C05241,5,Fresh products,2025-02-28
RV011881,O035655,C05935,4,Good service,2025-04-24
RV011882,O012096,C04299,5,Highly recommended,2026-02-04
RV011883,O009962,C02797,5,Fresh products,2024-08-23
RV011884,O014316,C04736,5,Highly recommended,2025-06-17
RV011885,O025617,C05058,3,Could be better,2025-10-10
RV011886,O000636,C02077,5,Fast delivery,2026-05-28
RV011887,O037523,C07417,5,Highly recommended,2025-06-05
RV011888,O002056,C06405,4,Satisfied,2024-11-10
RV011889,O010301,C07472,4,Satisfied,2026-06-28
RV011890,O021864,C04308,5,Very satisfied,2026-01-28
RV011891,O027718,C02124,5,Fresh products,2024-12-10
RV011892,O008796,C01535,4,Good service,2025-06-07
RV011893,O028248,C04405,5,Fast delivery,2024-11-13
RV011894,O012767,C07706,5,Fast delivery,2026-05-25
RV011895,O007821,C03129,4,Good service,2025-09-17
RV011896,O012121,C07252,5,Excellent quality,2026-05-24
RV011897,O035590,C06922,5,Highly recommended,2026-03-20
RV011898,O037647,C02591,5,Fast delivery,2025-11-17
RV011899,O031453,C06741,5,Fresh products,2026-01-29
RV011900,O030519,C05247,5,Highly recommended,2025-08-22
RV011901,O031752,C00157,5,Fast delivery,2025-02-21
RV011902,O006943,C07173,4,Nice packaging,2025-03-29
RV011903,O033536,C04644,5,Very satisfied,2024-12-28
RV011904,O035310,C03184,5,Fast delivery,2024-08-06
RV011905,O037917,C03129,4,Value for money,2026-07-01
RV011906,O009908,C05382,4,Good service,2025-08-29
RV011907,O025356,C02968,3,Average experience,2024-11-19
RV011908,O034365,C04953,5,Fresh products,2025-05-18
RV011909,O035422,C01611,5,Fresh products,2024-11-02
RV011910,O030339,C03735,4,Nice packaging,2024-10-10
RV011911,O015416,C05658,5,Highly recommended,2025-12-31
RV011912,O005799,C09199,4,Satisfied,2025-11-21
RV011913,O028070,C03130,5,Fast delivery,2026-05-10
RV011914,O003075,C08217,4,Nice packaging,2025-09-10
RV011915,O023404,C05173,4,Nice packaging,2026-03-09
RV011916,O022255,C07401,4,Nice packaging,2024-08-31
RV011917,O028976,C07608,4,Good service,2024-10-10
RV011918,O003325,C03678,5,Fresh products,2025-03-15
RV011919,O017525,C01654,4,Good service,2024-09-23
RV011920,O019640,C07693,5,Very satisfied,2025-09-11
RV011921,O004737,C03454,5,Excellent quality,2025-12-07
RV011922,O031421,C05368,2,Packaging issue,2026-01-27
RV011923,O038879,C09765,5,Very satisfied,2026-02-26
RV011924,O038465,C06793,5,Very satisfied,2024-10-05
RV011925,O018969,C07542,5,Fast delivery,2025-12-02
RV011926,O024000,C06522,5,Fresh products,2026-06-20
RV011927,O028694,C09553,5,Very satisfied,2026-04-04
RV011928,O014424,C05250,4,Value for money,2025-02-01
RV011929,O018603,C08213,5,Excellent quality,2026-07-30
RV011930,O011548,C09447,2,Product quality below expectations,2025-08-02
RV011931,O027781,C09677,4,Satisfied,2024-09-10
RV011932,O013717,C02723,5,Fresh products,2025-07-24
RV011933,O034841,C05163,5,Highly recommended,2026-03-21
RV011934,O004696,C02430,5,Very satisfied,2026-03-29
RV011935,O000150,C03211,5,Excellent quality,2025-03-14
RV011936,O001641,C07495,4,Value for money,2025-12-25
RV011937,O015903,C09250,4,Satisfied,2024-10-07
RV011938,O026949,C06838,5,Excellent quality,2026-06-09
RV011939,O020727,C09959,3,Average experience,2024-11-14
RV011940,O017284,C07467,5,Very satisfied,2025-06-12
RV011941,O012512,C08268,4,Satisfied,2026-06-04
RV011942,O038875,C02017,2,Packaging issue,2026-05-17
RV011943,O029989,C01985,5,Highly recommended,2025-12-22
RV011944,O022897,C04343,3,Delivery was okay,2026-06-15
RV011945,O019228,C07468,5,Fast delivery,2026-05-14
RV011946,O032189,C07334,5,Highly recommended,2026-02-13
RV011947,O021792,C02112,5,Excellent quality,2025-01-20
RV011948,O002076,C05022,5,Excellent quality,2024-12-05
RV011949,O016415,C02251,5,Fast delivery,2024-10-15
RV011950,O035129,C03869,5,Fast delivery,2025-12-05
RV011951,O023947,C05600,5,Excellent quality,2025-10-20
RV011952,O002718,C04490,5,Excellent quality,2024-09-26
RV011953,O036786,C01629,4,Good service,2024-08-08
RV011954,O001703,C09932,5,Excellent quality,2025-11-11
RV011955,O030819,C03671,2,Late delivery,2025-09-14
RV011956,O031583,C07314,5,Fresh products,2025-04-14
RV011957,O013525,C08941,3,Could be better,2026-03-24
RV011958,O021937,C07972,5,Highly recommended,2024-12-31
RV011959,O011695,C05051,4,Good service,2025-02-19
RV011960,O039747,C04079,4,Value for money,2025-09-04
RV011961,O037276,C06117,5,Fresh products,2025-02-13
RV011962,O002640,C05647,4,Nice packaging,2025-02-20
RV011963,O014085,C01824,3,Could be better,2025-12-06
RV011964,O003284,C07043,5,Fresh products,2024-10-21
RV011965,O003136,C09456,5,Fresh products,2025-09-29
RV011966,O008192,C01669,4,Satisfied,2025-04-17
RV011967,O036964,C07395,5,Fast delivery,2025-07-23
RV011968,O002592,C00986,4,Nice packaging,2026-02-28
RV011969,O012627,C05482,5,Excellent quality,2025-09-12
RV011970,O004647,C07039,2,Product quality below expectations,2024-08-05
RV011971,O003890,C05820,5,Highly recommended,2025-12-13
RV011972,O028924,C02244,5,Fast delivery,2026-07-18
RV011973,O022697,C06960,5,Fast delivery,2025-10-31
RV011974,O014625,C05967,5,Fast delivery,2025-03-20
RV011975,O012447,C04304,5,Excellent quality,2025-05-25
RV011976,O033737,C05235,5,Fast delivery,2025-07-09
RV011977,O017267,C04074,5,Fast delivery,2025-12-30
RV011978,O039785,C09694,5,Excellent quality,2025-08-25
RV011979,O017303,C08534,4,Good service,2026-01-09
RV011980,O007863,C00182,4,Nice packaging,2026-06-18
RV011981,O036048,C04969,4,Satisfied,2026-07-09
RV011982,O011840,C06442,1,Damaged product,2024-08-30
RV011983,O017909,C07137,4,Good service,2026-07-29
RV011984,O000164,C06192,5,Excellent quality,2025-06-07
RV011985,O007130,C06049,3,Could be better,2025-07-24
RV011986,O032077,C00457,5,Fresh products,2025-07-30
RV011987,O006871,C07988,5,Highly recommended,2024-12-01
RV011988,O009341,C05006,5,Fresh products,2024-10-18
RV011989,O027935,C06264,4,Satisfied,2024-10-11
RV011990,O007113,C07848,4,Value for money,2024-10-07
RV011991,O034404,C07647,5,Fresh products,2025-02-25
RV011992,O031066,C08849,5,Excellent quality,2025-01-24
RV011993,O025680,C05823,2,Packaging issue,2025-12-23
RV011994,O035067,C02422,1,Very disappointed,2026-07-21
RV011995,O012026,C02902,4,Value for money,2024-10-14
RV011996,O013051,C04715,5,Highly recommended,2026-01-23
RV011997,O038880,C08376,3,Delivery was okay,2026-06-19
RV011998,O034277,C05691,5,Highly recommended,2026-05-23
RV011999,O035677,C06166,3,Average experience,2024-11-30
RV012000,O035748,C08928,4,Nice packaging,2025-12-07
RV012001,O003803,C06567,4,Nice packaging,2025-09-24
RV012002,O034361,C04511,4,Good service,2025-12-31
RV012003,O030898,C03657,2,Packaging issue,2025-04-21
RV012004,O006013,C09641,5,Very satisfied,2026-01-28
RV012005,O036847,C05582,5,Very satisfied,2024-09-23
RV012006,O015129,C09060,5,Fast delivery,2025-01-12
RV012007,O039405,C03427,5,Fresh products,2025-09-23
RV012008,O039623,C00967,5,Fresh products,2025-01-09
RV012009,O015279,C04120,4,Satisfied,2025-11-21
RV012010,O029687,C06074,5,Fast delivery,2024-12-03
RV012011,O030533,C07706,5,Very satisfied,2025-05-10
RV012012,O021566,C09921,3,Average experience,2024-10-16
RV012013,O016881,C06513,3,Delivery was okay,2026-01-22
RV012014,O009560,C06864,5,Highly recommended,2025-08-17
RV012015,O022069,C08753,3,Could be better,2025-04-26
RV012016,O007803,C08325,5,Excellent quality,2025-01-22
RV012017,O012323,C03975,5,Fast delivery,2025-12-25
RV012018,O024465,C00299,4,Good service,2025-07-01
RV012019,O019122,C02701,5,Fresh products,2024-10-17
RV012020,O001255,C01488,5,Very satisfied,2024-10-30
RV012021,O035442,C03849,1,Wrong item received,2025-11-22
RV012022,O014531,C02689,5,Very satisfied,2025-06-18
RV012023,O030473,C09885,5,Very satisfied,2026-07-21
RV012024,O016250,C05235,5,Fresh products,2024-12-12
RV012025,O006872,C01175,4,Nice packaging,2024-09-06
RV012026,O007112,C06027,4,Value for money,2026-05-13
RV012027,O013424,C06286,5,Fresh products,2025-06-03
RV012028,O019489,C03644,5,Excellent quality,2024-11-20
RV012029,O020429,C04539,5,Fresh products,2026-04-25
RV012030,O013450,C07429,5,Very satisfied,2025-06-27
RV012031,O036539,C07826,5,Excellent quality,2026-05-05
RV012032,O039107,C07925,5,Very satisfied,2026-01-25
RV012033,O002520,C02365,4,Nice packaging,2025-11-23
RV012034,O033136,C08620,4,Nice packaging,2025-10-13
RV012035,O021290,C09510,4,Nice packaging,2025-10-28
RV012036,O004090,C01003,3,Average experience,2024-09-04
RV012037,O018337,C07087,4,Good service,2025-03-02
RV012038,O028312,C07189,5,Fresh products,2025-03-11
RV012039,O033471,C08513,4,Satisfied,2026-01-20
RV012040,O006905,C00966,1,Very disappointed,2025-10-03
RV012041,O030200,C03988,1,Damaged product,2026-04-29
RV012042,O036092,C06949,4,Nice packaging,2025-07-22
RV012043,O012115,C07351,5,Fresh products,2024-12-22
RV012044,O014349,C06169,5,Fast delivery,2025-09-30
RV012045,O038372,C09035,5,Fast delivery,2024-09-01
RV012046,O002790,C05751,4,Good service,2025-08-28
RV012047,O001436,C08765,5,Excellent quality,2026-04-07
RV012048,O020892,C04863,4,Satisfied,2025-04-15
RV012049,O017146,C02967,2,Packaging issue,2024-07-31
RV012050,O024955,C03264,5,Fresh products,2026-04-17
RV012051,O010317,C01511,5,Excellent quality,2024-08-08
RV012052,O016314,C06876,4,Value for money,2024-11-26
RV012053,O019270,C00197,1,Wrong item received,2024-08-29
RV012054,O020245,C00358,5,Very satisfied,2025-07-15
RV012055,O038391,C06578,5,Fast delivery,2026-07-19
RV012056,O026419,C02876,5,Fast delivery,2024-10-28
RV012057,O036790,C01532,5,Fresh products,2025-12-31
RV012058,O008197,C06581,5,Fast delivery,2024-10-02
RV012059,O038586,C00231,5,Very satisfied,2025-12-02
RV012060,O008918,C08417,4,Value for money,2026-04-03
RV012061,O024631,C00119,5,Highly recommended,2026-07-13
RV012062,O009475,C02715,5,Fresh products,2025-10-10
RV012063,O027934,C06118,4,Good service,2026-01-03
RV012064,O034283,C09245,4,Satisfied,2025-05-08
RV012065,O033747,C05053,5,Fresh products,2025-06-30
RV012066,O039745,C01647,4,Value for money,2024-08-28
RV012067,O007741,C04880,5,Excellent quality,2024-12-26
RV012068,O031531,C09152,5,Fresh products,2025-10-24
RV012069,O016008,C00205,5,Fresh products,2025-04-27
RV012070,O004366,C00372,5,Excellent quality,2025-11-13
RV012071,O011470,C05665,4,Satisfied,2025-06-10
RV012072,O035154,C08319,4,Good service,2026-06-12
RV012073,O032028,C00151,4,Satisfied,2025-05-31
RV012074,O039927,C01138,5,Fast delivery,2025-07-12
RV012075,O026210,C05149,1,Wrong item received,2026-03-14
RV012076,O019374,C04160,5,Excellent quality,2026-06-14
RV012077,O035980,C04347,5,Fast delivery,2025-09-06
RV012078,O009207,C04755,5,Highly recommended,2026-03-06
RV012079,O001599,C03878,5,Fast delivery,2025-09-18
RV012080,O025629,C00688,4,Satisfied,2026-07-07
RV012081,O031413,C06688,5,Excellent quality,2025-10-21
RV012082,O000676,C04530,5,Highly recommended,2025-03-24
RV012083,O003764,C04838,2,Late delivery,2025-01-23
RV012084,O019751,C06744,3,Delivery was okay,2025-02-02
RV012085,O029113,C00502,3,Average experience,2026-06-26
RV012086,O005206,C09619,5,Very satisfied,2026-01-22
RV012087,O038839,C09489,4,Good service,2025-09-30
RV012088,O030008,C09126,4,Value for money,2026-07-11
RV012089,O014169,C02092,3,Could be better,2026-07-06
RV012090,O016228,C01043,4,Satisfied,2024-12-18
RV012091,O014791,C05528,5,Highly recommended,2025-11-12
RV012092,O002419,C09493,5,Highly recommended,2024-12-06
RV012093,O025887,C08144,5,Highly recommended,2025-08-21
RV012094,O010688,C06411,5,Very satisfied,2026-01-30
RV012095,O019369,C09293,1,Damaged product,2026-02-21
RV012096,O005927,C07553,5,Highly recommended,2025-08-19
RV012097,O002183,C04362,4,Nice packaging,2026-06-01
RV012098,O000595,C05553,4,Satisfied,2026-02-12
RV012099,O027131,C07111,4,Good service,2025-03-20
RV012100,O025661,C04343,5,Fast delivery,2025-08-04
RV012101,O025557,C09375,4,Value for money,2025-05-28
RV012102,O001748,C07996,2,Packaging issue,2026-05-03
RV012103,O008983,C07122,5,Very satisfied,2025-12-14
RV012104,O015568,C07093,5,Highly recommended,2025-09-29
RV012105,O021574,C05946,4,Value for money,2026-02-02
RV012106,O003292,C09525,5,Fresh products,2025-02-27
RV012107,O031747,C00897,2,Product quality below expectations,2025-04-29
RV012108,O022003,C05514,5,Fast delivery,2025-03-26
RV012109,O023241,C08096,5,Fast delivery,2026-05-09
RV012110,O014358,C01994,5,Highly recommended,2025-01-05
RV012111,O028144,C03526,5,Excellent quality,2026-01-12
RV012112,O001232,C07997,4,Value for money,2026-06-30
RV012113,O013310,C01697,5,Fresh products,2025-04-11
RV012114,O003155,C07499,4,Satisfied,2025-06-02
RV012115,O031362,C04058,4,Good service,2025-04-22
RV012116,O025802,C07403,5,Fast delivery,2025-03-09
RV012117,O032241,C04353,5,Fresh products,2025-06-16
RV012118,O022665,C08961,5,Highly recommended,2024-08-13
RV012119,O017445,C08515,5,Fresh products,2024-08-24
RV012120,O022809,C07873,5,Highly recommended,2024-11-18
RV012121,O007775,C01692,4,Good service,2026-04-30
RV012122,O008309,C08184,5,Excellent quality,2025-01-29
RV012123,O024118,C09936,5,Very satisfied,2024-09-11
RV012124,O017481,C01143,5,Excellent quality,2024-09-10
RV012125,O009067,C01256,5,Fast delivery,2025-03-16
RV012126,O023945,C02714,5,Very satisfied,2026-05-14
RV012127,O014836,C02298,4,Value for money,2026-07-23
RV012128,O021891,C09843,5,Highly recommended,2025-07-30
RV012129,O036106,C06008,3,Delivery was okay,2025-05-18
RV012130,O033511,C00552,5,Fresh products,2024-09-23
RV012131,O028775,C03679,5,Fast delivery,2026-07-17
RV012132,O027769,C02857,5,Very satisfied,2024-09-05
RV012133,O006695,C04780,5,Highly recommended,2026-01-03
RV012134,O001044,C02677,5,Fresh products,2024-08-10
RV012135,O007636,C00880,4,Satisfied,2025-01-16
RV012136,O009624,C01654,4,Nice packaging,2025-05-02
RV012137,O020965,C05213,5,Fresh products,2026-06-03
RV012138,O000601,C08410,4,Nice packaging,2025-01-04
RV012139,O008645,C06328,5,Excellent quality,2026-03-27
RV012140,O013497,C07599,3,Average experience,2026-04-13
RV012141,O030364,C07418,5,Fresh products,2024-09-05
RV012142,O023259,C04258,4,Good service,2024-12-07
RV012143,O036448,C01046,5,Fresh products,2024-10-14
RV012144,O023860,C02192,5,Fast delivery,2024-12-06
RV012145,O004105,C04039,5,Fresh products,2024-11-29
RV012146,O026099,C05675,5,Fresh products,2025-03-12
RV012147,O006619,C01580,3,Delivery was okay,2026-01-27
RV012148,O009921,C03404,5,Fast delivery,2026-05-19
RV012149,O008101,C07328,5,Fast delivery,2024-09-15
RV012150,O003418,C05741,5,Fast delivery,2026-06-22
RV012151,O034615,C08473,4,Satisfied,2024-12-22
RV012152,O029182,C01774,1,Damaged product,2024-10-17
RV012153,O012501,C00186,5,Very satisfied,2024-08-30
RV012154,O026395,C08615,5,Very satisfied,2026-06-25
RV012155,O025378,C06732,4,Value for money,2025-09-09
RV012156,O006906,C04488,2,Product quality below expectations,2025-10-16
RV012157,O001880,C00497,3,Delivery was okay,2026-01-19
RV012158,O038065,C00463,5,Highly recommended,2024-11-25
RV012159,O002740,C03934,5,Highly recommended,2024-10-29
RV012160,O003704,C01300,2,Product quality below expectations,2025-04-15
RV012161,O011899,C00090,4,Value for money,2025-05-08
RV012162,O025657,C08973,5,Highly recommended,2024-10-04
RV012163,O034139,C02494,5,Highly recommended,2025-08-03
RV012164,O023186,C09448,2,Product quality below expectations,2025-07-02
RV012165,O029667,C09364,5,Fresh products,2025-12-01
RV012166,O038743,C04872,2,Packaging issue,2025-01-21
RV012167,O014806,C01735,5,Very satisfied,2025-07-14
RV012168,O011109,C04351,5,Excellent quality,2025-11-09
RV012169,O026932,C03484,5,Excellent quality,2026-05-14
RV012170,O024598,C00234,5,Fresh products,2026-02-20
RV012171,O021699,C02030,4,Value for money,2026-05-27
RV012172,O010951,C06272,5,Highly recommended,2025-09-01
RV012173,O026720,C00076,5,Highly recommended,2024-08-24
RV012174,O037396,C08179,4,Nice packaging,2025-05-09
RV012175,O001277,C02436,5,Very satisfied,2025-08-04
RV012176,O032480,C08605,1,Very disappointed,2025-07-02
RV012177,O027261,C05248,4,Nice packaging,2024-08-08
RV012178,O017734,C04124,1,Very disappointed,2025-01-15
RV012179,O027325,C01117,5,Excellent quality,2024-12-11
RV012180,O017749,C03064,4,Value for money,2025-06-26
RV012181,O024974,C01801,4,Value for money,2024-08-27
RV012182,O033376,C04537,5,Very satisfied,2025-05-22
RV012183,O022065,C07093,2,Product quality below expectations,2025-12-23
RV012184,O027480,C02392,5,Excellent quality,2025-06-05
RV012185,O005632,C07477,5,Fresh products,2024-10-09
RV012186,O009074,C05067,5,Excellent quality,2025-10-26
RV012187,O016777,C04919,5,Excellent quality,2025-01-12
RV012188,O016843,C06714,5,Very satisfied,2026-06-21
RV012189,O023798,C01771,5,Fresh products,2025-02-24
RV012190,O019188,C06640,2,Late delivery,2024-09-10
RV012191,O010277,C07214,5,Highly recommended,2026-01-05
RV012192,O004485,C04392,3,Average experience,2025-01-12
RV012193,O021139,C05679,5,Fast delivery,2026-06-20
RV012194,O029849,C09902,5,Very satisfied,2025-05-04
RV012195,O008328,C00636,4,Value for money,2025-01-24
RV012196,O017500,C09836,5,Highly recommended,2024-11-25
RV012197,O036762,C06815,5,Very satisfied,2025-10-23
RV012198,O028834,C03048,3,Average experience,2024-07-28
RV012199,O019066,C08214,5,Excellent quality,2025-07-03
RV012200,O034031,C05403,5,Highly recommended,2025-11-22
RV012201,O015999,C09103,5,Fresh products,2024-11-01
RV012202,O013398,C00957,3,Average experience,2026-01-19
RV012203,O001842,C02835,5,Fresh products,2025-01-12
RV012204,O025482,C02673,4,Satisfied,2025-09-15
RV012205,O003526,C04409,5,Very satisfied,2026-04-29
RV012206,O026032,C00897,4,Good service,2026-06-22
RV012207,O011660,C06497,4,Nice packaging,2024-10-02
RV012208,O005048,C08745,5,Very satisfied,2024-12-24
RV012209,O027756,C02952,4,Value for money,2026-03-23
RV012210,O025379,C04457,4,Value for money,2025-04-03
RV012211,O024323,C03863,5,Fast delivery,2026-07-20
RV012212,O022351,C07760,3,Delivery was okay,2026-04-04
RV012213,O010919,C00456,5,Fast delivery,2025-07-20
RV012214,O026373,C03976,5,Very satisfied,2025-03-14
RV012215,O014372,C04382,4,Nice packaging,2024-08-30
RV012216,O016164,C06631,4,Satisfied,2025-11-22
RV012217,O005219,C05999,4,Satisfied,2024-08-18
RV012218,O036824,C06601,5,Very satisfied,2025-04-27
RV012219,O013880,C03365,5,Highly recommended,2025-10-26
RV012220,O032439,C09969,3,Average experience,2024-10-20
RV012221,O014980,C09937,3,Average experience,2025-07-17
RV012222,O014611,C06599,1,Damaged product,2025-08-11
RV012223,O010702,C01600,4,Satisfied,2025-03-25
RV012224,O027314,C02793,5,Fresh products,2025-01-05
RV012225,O012630,C01000,5,Fast delivery,2024-11-05
RV012226,O005468,C06859,4,Value for money,2026-03-10
RV012227,O021745,C06593,4,Satisfied,2025-03-16
RV012228,O003866,C05885,3,Average experience,2025-10-24
RV012229,O029377,C08454,5,Very satisfied,2025-04-01
RV012230,O029497,C00833,4,Satisfied,2024-08-31
RV012231,O037819,C05372,5,Highly recommended,2025-03-25
RV012232,O000937,C08029,2,Late delivery,2026-04-27
RV012233,O038463,C04151,4,Value for money,2025-08-20
RV012234,O018861,C08360,5,Fresh products,2026-02-04
RV012235,O004355,C04831,4,Satisfied,2025-03-30
RV012236,O015264,C09221,5,Highly recommended,2026-07-22
RV012237,O037025,C09174,5,Fresh products,2026-05-21
RV012238,O000270,C02147,2,Product quality below expectations,2026-04-08
RV012239,O004511,C01328,4,Satisfied,2026-07-22
RV012240,O020938,C05780,5,Very satisfied,2026-06-20
RV012241,O017121,C04277,3,Could be better,2025-02-09
RV012242,O028879,C00755,5,Very satisfied,2025-03-11
RV012243,O004892,C01596,2,Product quality below expectations,2026-01-31
RV012244,O033672,C09070,4,Nice packaging,2026-06-29
RV012245,O025515,C06883,5,Fresh products,2025-01-24
RV012246,O003533,C02846,5,Fresh products,2026-07-16
RV012247,O011021,C06395,4,Satisfied,2025-09-19
RV012248,O036925,C05344,5,Highly recommended,2025-08-17
RV012249,O010422,C02555,4,Satisfied,2024-10-18
RV012250,O022398,C00440,5,Highly recommended,2025-02-08
RV012251,O028988,C08801,5,Excellent quality,2025-06-15
RV012252,O003829,C02186,4,Good service,2025-08-11
RV012253,O023747,C02004,5,Very satisfied,2025-09-23
RV012254,O030208,C06166,5,Fast delivery,2025-02-04
RV012255,O032960,C09892,5,Fresh products,2025-07-04
RV012256,O025618,C05149,4,Nice packaging,2024-08-19
RV012257,O023286,C00366,5,Very satisfied,2025-04-11
RV012258,O027988,C03283,5,Fresh products,2025-09-25
RV012259,O032379,C05476,3,Average experience,2025-03-25
RV012260,O014125,C06360,2,Late delivery,2025-01-27
RV012261,O012806,C07114,4,Satisfied,2024-11-02
RV012262,O004880,C00245,4,Nice packaging,2024-09-03
RV012263,O018424,C05280,5,Highly recommended,2025-11-23
RV012264,O025256,C00422,3,Average experience,2024-11-28
RV012265,O016833,C04945,5,Highly recommended,2026-01-12
RV012266,O013056,C05678,4,Nice packaging,2026-06-17
RV012267,O024441,C00972,5,Very satisfied,2024-10-31
RV012268,O009890,C09085,3,Average experience,2026-03-01
RV012269,O020618,C05761,5,Fresh products,2025-02-12
RV012270,O022671,C04104,4,Good service,2024-09-12
RV012271,O032265,C04861,5,Excellent quality,2024-10-06
RV012272,O008920,C01766,5,Very satisfied,2026-03-20
RV012273,O037271,C04932,5,Excellent quality,2025-01-17
RV012274,O020788,C01929,5,Very satisfied,2025-12-25
RV012275,O026465,C06281,5,Fast delivery,2025-10-17
RV012276,O004117,C02406,4,Satisfied,2025-06-07
RV012277,O009188,C02117,5,Fast delivery,2025-03-18
RV012278,O017161,C02576,4,Nice packaging,2026-03-15
RV012279,O025742,C01652,4,Satisfied,2025-07-19
RV012280,O007751,C09099,5,Excellent quality,2025-03-12
RV012281,O010819,C03608,4,Nice packaging,2024-09-11
RV012282,O026318,C02787,1,Very disappointed,2026-03-05
RV012283,O015321,C01399,5,Highly recommended,2025-06-10
RV012284,O016374,C05340,4,Value for money,2025-08-21
RV012285,O039293,C08719,5,Excellent quality,2025-01-01
RV012286,O018924,C00745,5,Excellent quality,2025-08-27
RV012287,O001803,C05634,5,Fast delivery,2025-06-28
RV012288,O003369,C08111,4,Good service,2026-01-12
RV012289,O006017,C07632,5,Very satisfied,2025-07-05
RV012290,O013349,C08800,1,Damaged product,2025-12-13
RV012291,O011127,C02264,5,Fast delivery,2025-07-22
RV012292,O007406,C05866,5,Fast delivery,2026-05-31
RV012293,O011661,C04029,5,Fast delivery,2025-07-17
RV012294,O004282,C05734,5,Fresh products,2024-11-15
RV012295,O027386,C03623,4,Satisfied,2025-04-25
RV012296,O007443,C03746,5,Very satisfied,2026-05-24
RV012297,O019712,C07894,5,Excellent quality,2025-02-09
RV012298,O036677,C08510,4,Value for money,2024-10-29
RV012299,O017176,C02407,3,Could be better,2026-02-09
RV012300,O016618,C07714,1,Very disappointed,2024-12-26
RV012301,O025624,C01281,5,Fast delivery,2026-01-10
RV012302,O029821,C08393,3,Average experience,2024-10-15
RV012303,O020768,C05702,5,Fast delivery,2025-03-05
RV012304,O017721,C05504,4,Good service,2025-10-03
RV012305,O011199,C08314,3,Average experience,2026-04-24
RV012306,O035784,C04471,2,Product quality below expectations,2025-03-06
RV012307,O012671,C09890,5,Highly recommended,2024-10-22
RV012308,O030314,C08034,3,Average experience,2026-05-22
RV012309,O039616,C03745,3,Average experience,2026-06-17
RV012310,O006690,C07945,4,Value for money,2025-11-02
RV012311,O011808,C07755,5,Highly recommended,2025-09-06
RV012312,O026258,C06490,5,Fast delivery,2024-11-19
RV012313,O024139,C06603,4,Nice packaging,2024-08-06
RV012314,O026682,C04834,5,Fast delivery,2024-09-20
RV012315,O033212,C06925,4,Good service,2025-02-09
RV012316,O034520,C02295,5,Excellent quality,2026-05-11
RV012317,O037420,C05690,5,Excellent quality,2025-07-23
RV012318,O036354,C01646,5,Highly recommended,2026-02-10
RV012319,O020902,C08673,4,Nice packaging,2025-07-01
RV012320,O012837,C05299,5,Excellent quality,2025-07-09
RV012321,O007997,C08796,4,Satisfied,2026-05-22
RV012322,O026787,C01622,5,Excellent quality,2026-02-17
RV012323,O031517,C00848,5,Very satisfied,2024-10-13
RV012324,O038095,C06045,4,Satisfied,2025-10-09
RV012325,O010318,C03528,3,Delivery was okay,2025-07-16
RV012326,O021656,C07644,5,Very satisfied,2026-04-04
RV012327,O014394,C08534,4,Value for money,2025-05-28
RV012328,O023584,C02124,5,Fresh products,2026-03-08
RV012329,O032801,C05886,5,Excellent quality,2025-03-14
RV012330,O027715,C08277,5,Fast delivery,2025-04-01
RV012331,O006944,C04969,5,Highly recommended,2026-03-21
RV012332,O029112,C02165,5,Excellent quality,2025-09-12
RV012333,O036739,C01420,3,Could be better,2025-09-11
RV012334,O000295,C09869,4,Nice packaging,2025-10-04
RV012335,O006427,C02775,3,Delivery was okay,2025-01-27
RV012336,O006240,C01833,4,Satisfied,2024-10-22
RV012337,O031887,C05515,4,Good service,2025-10-06
RV012338,O033079,C09174,1,Very disappointed,2024-08-22
RV012339,O018585,C05943,3,Delivery was okay,2025-04-18
RV012340,O018518,C02479,4,Good service,2024-09-02
RV012341,O000366,C05731,2,Late delivery,2025-03-27
RV012342,O037398,C00724,5,Fresh products,2026-03-08
RV012343,O024137,C04206,5,Fast delivery,2026-02-10
RV012344,O015397,C07938,5,Excellent quality,2025-07-13
RV012345,O022332,C02892,5,Fast delivery,2024-11-11
RV012346,O013664,C07854,5,Highly recommended,2026-02-07
RV012347,O018574,C02035,4,Satisfied,2024-08-01
RV012348,O029453,C09138,5,Excellent quality,2026-06-02
RV012349,O019551,C08862,4,Good service,2025-01-01
RV012350,O009596,C09133,4,Satisfied,2026-03-15
RV012351,O033510,C08260,5,Excellent quality,2026-04-13
RV012352,O018580,C02405,5,Very satisfied,2026-04-25
RV012353,O008465,C00728,3,Could be better,2025-12-19
RV012354,O026431,C01212,5,Fresh products,2025-06-06
RV012355,O029321,C09683,5,Excellent quality,2025-11-13
RV012356,O036809,C01811,5,Excellent quality,2025-07-19
RV012357,O039024,C01669,4,Good service,2026-03-07
RV012358,O036258,C04906,5,Very satisfied,2026-05-22
RV012359,O000077,C02770,5,Fast delivery,2026-01-20
RV012360,O013031,C00823,4,Good service,2026-03-11
RV012361,O014587,C06780,5,Fast delivery,2024-09-08
RV012362,O012483,C08733,5,Highly recommended,2025-08-29
RV012363,O008532,C03764,5,Fast delivery,2024-12-29
RV012364,O026567,C03396,5,Highly recommended,2026-07-26
RV012365,O012687,C04821,5,Highly recommended,2026-02-26
RV012366,O039040,C06562,5,Fast delivery,2025-07-30
RV012367,O028608,C08837,5,Fresh products,2026-06-11
RV012368,O001078,C04251,5,Highly recommended,2025-08-19
RV012369,O001596,C09244,3,Delivery was okay,2025-03-22
RV012370,O032344,C05814,4,Nice packaging,2026-07-07
RV012371,O035339,C00440,5,Fresh products,2026-02-03
RV012372,O018404,C02318,4,Value for money,2024-10-03
RV012373,O039223,C09994,5,Very satisfied,2025-03-24
RV012374,O000398,C09031,4,Nice packaging,2025-08-15
RV012375,O025325,C09567,5,Very satisfied,2025-12-15
RV012376,O022675,C04103,3,Delivery was okay,2025-03-26
RV012377,O032900,C01542,5,Excellent quality,2025-09-18
RV012378,O033313,C04918,5,Fresh products,2025-03-31
RV012379,O025780,C02392,5,Excellent quality,2026-07-29
RV012380,O027280,C04264,4,Satisfied,2025-10-30
RV012381,O012317,C01066,5,Fast delivery,2025-09-25
RV012382,O022099,C09395,5,Fresh products,2025-10-14
RV012383,O002196,C08663,5,Fast delivery,2026-04-17
RV012384,O036302,C03387,4,Value for money,2025-03-23
RV012385,O038893,C01609,4,Good service,2025-10-03
RV012386,O001354,C09477,5,Excellent quality,2026-05-22
RV012387,O007676,C02149,5,Very satisfied,2024-08-07
RV012388,O013870,C01229,5,Highly recommended,2025-12-20
RV012389,O021321,C01971,5,Excellent quality,2025-07-18
RV012390,O035414,C03466,5,Fresh products,2024-08-04
RV012391,O017640,C07797,3,Delivery was okay,2024-09-09
RV012392,O024332,C09440,3,Average experience,2026-02-03
RV012393,O014586,C05038,5,Highly recommended,2025-04-05
RV012394,O002513,C02823,5,Highly recommended,2026-02-03
RV012395,O018528,C05124,4,Nice packaging,2025-07-15
RV012396,O001660,C06260,5,Excellent quality,2026-02-02
RV012397,O039540,C04130,4,Value for money,2026-04-30
RV012398,O021962,C00502,5,Fast delivery,2025-10-15
RV012399,O030605,C01614,5,Very satisfied,2025-04-23
RV012400,O026251,C02350,3,Average experience,2025-04-09
RV012401,O023877,C08562,5,Excellent quality,2026-03-14
RV012402,O039795,C06567,4,Good service,2025-02-28
RV012403,O026506,C02695,4,Good service,2024-11-29
RV012404,O029417,C04216,5,Excellent quality,2025-09-27
RV012405,O025822,C02546,4,Satisfied,2025-10-30
RV012406,O002584,C03470,4,Nice packaging,2025-04-12
RV012407,O038180,C07362,5,Highly recommended,2024-12-03
RV012408,O006958,C06921,2,Product quality below expectations,2026-03-07
RV012409,O015389,C04497,2,Packaging issue,2024-11-07
RV012410,O038249,C03466,3,Could be better,2026-07-17
RV012411,O010488,C06545,5,Highly recommended,2026-03-28
RV012412,O037466,C00630,5,Fast delivery,2026-05-04
RV012413,O022295,C07815,5,Very satisfied,2024-09-10
RV012414,O017595,C05115,3,Delivery was okay,2024-12-06
RV012415,O007540,C02895,3,Could be better,2025-01-27
RV012416,O014066,C04258,5,Excellent quality,2024-11-17
RV012417,O011250,C07303,1,Wrong item received,2024-11-07
RV012418,O017591,C08379,2,Late delivery,2025-09-27
RV012419,O026293,C06572,2,Packaging issue,2025-07-12
RV012420,O033231,C08126,5,Excellent quality,2026-02-04
RV012421,O014792,C02726,3,Average experience,2026-04-14
RV012422,O033494,C03878,5,Fresh products,2025-03-08
RV012423,O007815,C06811,4,Good service,2025-10-09
RV012424,O001399,C09091,4,Satisfied,2025-12-02
RV012425,O007836,C06663,5,Fresh products,2026-04-17
RV012426,O018865,C00023,4,Satisfied,2025-01-20
RV012427,O036439,C06281,4,Value for money,2024-10-06
RV012428,O015521,C04363,5,Fresh products,2025-03-24
RV012429,O028476,C02393,5,Very satisfied,2025-08-09
RV012430,O026773,C01136,5,Very satisfied,2024-08-28
RV012431,O015180,C05307,5,Fast delivery,2026-05-14
RV012432,O033850,C00673,5,Fast delivery,2025-10-04
RV012433,O018656,C02334,5,Highly recommended,2025-04-07
RV012434,O007572,C05701,4,Satisfied,2026-05-21
RV012435,O031040,C01997,5,Fresh products,2024-08-16
RV012436,O005025,C03418,5,Excellent quality,2025-04-13
RV012437,O037363,C09730,4,Good service,2024-11-28
RV012438,O028729,C00664,5,Fast delivery,2025-03-04
RV012439,O013230,C06230,4,Nice packaging,2024-12-07
RV012440,O019735,C06809,4,Satisfied,2025-09-19
RV012441,O025994,C09747,4,Satisfied,2026-02-24
RV012442,O007268,C06080,5,Excellent quality,2026-02-06
RV012443,O003432,C09891,1,Damaged product,2024-09-08
RV012444,O018568,C05747,5,Fast delivery,2025-05-20
RV012445,O011839,C06444,5,Fresh products,2025-12-04
RV012446,O008032,C04286,5,Highly recommended,2024-09-25
RV012447,O002995,C09271,5,Fast delivery,2025-11-17
RV012448,O005382,C05403,5,Highly recommended,2025-10-05
RV012449,O038116,C09635,5,Fresh products,2025-06-20
RV012450,O006590,C01273,5,Very satisfied,2024-10-02
RV012451,O010033,C03298,4,Value for money,2025-02-09
RV012452,O000688,C05889,5,Fresh products,2025-04-07
RV012453,O011325,C08054,5,Excellent quality,2025-04-11
RV012454,O037298,C07131,5,Fast delivery,2025-06-09
RV012455,O021676,C06922,5,Fast delivery,2025-12-27
RV012456,O023806,C01002,5,Excellent quality,2026-01-27
RV012457,O003565,C05523,5,Very satisfied,2026-04-08
RV012458,O019266,C05114,4,Good service,2025-01-07
RV012459,O034773,C05088,5,Fast delivery,2026-05-05
RV012460,O033186,C06728,4,Good service,2025-03-16
RV012461,O012427,C04885,5,Fresh products,2024-11-07
RV012462,O038634,C00632,1,Very disappointed,2026-08-03
RV012463,O030706,C01756,4,Value for money,2025-10-31
RV012464,O024357,C07520,5,Very satisfied,2024-10-15
RV012465,O021131,C06494,3,Average experience,2025-02-28
RV012466,O018660,C05988,5,Excellent quality,2025-10-07
RV012467,O035738,C08983,2,Product quality below expectations,2025-12-05
RV012468,O021654,C09380,4,Good service,2024-11-05
RV012469,O023081,C06771,5,Highly recommended,2024-12-24
RV012470,O005164,C04388,5,Very satisfied,2024-09-16
RV012471,O027390,C02996,5,Fast delivery,2025-07-02
RV012472,O004005,C04693,5,Fast delivery,2026-07-08
RV012473,O030481,C02306,1,Wrong item received,2026-03-18
RV012474,O001377,C09333,5,Fast delivery,2026-06-24
RV012475,O039570,C09652,3,Could be better,2025-09-24
RV012476,O035078,C00412,5,Fresh products,2026-06-23
RV012477,O030966,C01569,5,Highly recommended,2025-05-06
RV012478,O036446,C02923,5,Very satisfied,2025-03-01
RV012479,O033976,C02268,5,Excellent quality,2025-05-27
RV012480,O004013,C00551,1,Very disappointed,2025-02-14
RV012481,O035584,C03174,4,Good service,2025-11-25
RV012482,O020719,C04737,5,Excellent quality,2025-01-16
RV012483,O004522,C01801,5,Very satisfied,2026-07-17
RV012484,O015973,C09764,5,Fast delivery,2025-12-24
RV012485,O015440,C07499,4,Satisfied,2026-07-13
RV012486,O036510,C03279,4,Nice packaging,2026-07-05
RV012487,O030536,C05932,3,Delivery was okay,2026-01-05
RV012488,O039978,C09396,4,Nice packaging,2026-07-22
RV012489,O017831,C02967,5,Highly recommended,2026-07-17
RV012490,O031006,C08779,4,Satisfied,2025-02-23
RV012491,O034046,C04245,5,Fresh products,2025-11-22
RV012492,O035326,C02144,4,Value for money,2026-02-13
RV012493,O021716,C00321,2,Packaging issue,2026-07-08
RV012494,O020400,C03216,3,Could be better,2025-07-01
RV012495,O015214,C05771,4,Good service,2026-05-13
RV012496,O027802,C05823,5,Excellent quality,2025-11-05
RV012497,O012151,C00169,3,Delivery was okay,2024-10-08
RV012498,O011342,C01865,5,Fresh products,2026-01-16
RV012499,O029854,C00199,3,Delivery was okay,2026-05-06
RV012500,O021743,C07262,3,Delivery was okay,2026-07-15
RV012501,O013572,C06109,5,Excellent quality,2025-09-22
RV012502,O014333,C07829,5,Fresh products,2026-03-26
RV012503,O019305,C03743,3,Average experience,2024-09-16
RV012504,O011007,C06276,5,Fresh products,2025-01-09
RV012505,O031895,C06373,5,Very satisfied,2025-07-09
RV012506,O013190,C06717,1,Wrong item received,2025-12-08
RV012507,O004359,C03343,5,Very satisfied,2025-10-18
RV012508,O015891,C02156,5,Excellent quality,2026-07-04
RV012509,O001330,C04722,4,Nice packaging,2026-07-01
RV012510,O029397,C08219,2,Product quality below expectations,2025-02-08
RV012511,O024613,C06511,5,Fresh products,2024-11-20
RV012512,O005433,C03740,4,Value for money,2025-07-03
RV012513,O032580,C08826,5,Fast delivery,2024-12-31
RV012514,O001346,C01080,2,Late delivery,2025-02-28
RV012515,O031760,C08388,4,Nice packaging,2025-10-04
RV012516,O026803,C02989,5,Excellent quality,2025-03-24
RV012517,O018604,C01361,5,Excellent quality,2024-12-10
RV012518,O018588,C01867,5,Fresh products,2024-12-11
RV012519,O017741,C03743,4,Value for money,2025-05-16
RV012520,O038215,C04606,5,Highly recommended,2025-03-08
RV012521,O035180,C08638,4,Satisfied,2026-03-30
RV012522,O038488,C00436,5,Fresh products,2025-07-24
RV012523,O032138,C01660,3,Delivery was okay,2024-09-02
RV012524,O033684,C07287,5,Fast delivery,2025-11-24
RV012525,O009098,C05923,4,Nice packaging,2025-01-27
RV012526,O016211,C04041,2,Product quality below expectations,2025-06-23
RV012527,O027169,C09571,5,Highly recommended,2025-08-29
RV012528,O004552,C04118,4,Satisfied,2026-06-16
RV012529,O037375,C01167,5,Very satisfied,2026-07-28
RV012530,O004599,C01179,5,Fast delivery,2026-06-16
RV012531,O017834,C09618,4,Value for money,2026-01-30
RV012532,O036599,C08529,3,Average experience,2025-08-17
RV012533,O004539,C08721,4,Nice packaging,2025-07-07
RV012534,O029179,C06128,5,Very satisfied,2025-07-02
RV012535,O031276,C08051,4,Good service,2025-06-27
RV012536,O005639,C07430,3,Average experience,2025-05-02
RV012537,O019206,C00360,4,Value for money,2026-04-19
RV012538,O015988,C00614,4,Good service,2025-07-05
RV012539,O003453,C05386,4,Good service,2025-03-27
RV012540,O016774,C00144,5,Highly recommended,2024-08-20
RV012541,O015189,C00907,2,Packaging issue,2025-10-04
RV012542,O013724,C04860,5,Fast delivery,2025-06-22
RV012543,O008936,C08020,4,Good service,2024-09-14
RV012544,O009995,C01424,4,Value for money,2026-08-01
RV012545,O028808,C05423,5,Fresh products,2024-11-23
RV012546,O023429,C07166,5,Fast delivery,2026-01-08
RV012547,O004232,C07498,5,Fast delivery,2026-02-02
RV012548,O024284,C01552,3,Average experience,2025-10-03
RV012549,O012021,C06987,5,Excellent quality,2025-07-06
RV012550,O006233,C02088,3,Average experience,2026-02-15
RV012551,O020463,C09601,5,Fresh products,2024-09-08
RV012552,O019145,C03521,5,Fast delivery,2026-06-19
RV012553,O022324,C02093,4,Value for money,2025-01-30
RV012554,O035753,C01163,5,Fast delivery,2024-10-30
RV012555,O039047,C04163,5,Very satisfied,2024-10-02
RV012556,O023483,C02503,2,Late delivery,2026-07-03
RV012557,O004928,C06751,5,Fast delivery,2025-07-11
RV012558,O010642,C08245,5,Highly recommended,2026-03-08
RV012559,O011555,C06095,4,Value for money,2025-01-15
RV012560,O028104,C00391,5,Fast delivery,2025-05-26
RV012561,O024059,C09932,2,Product quality below expectations,2026-06-02
RV012562,O017460,C07497,5,Fast delivery,2024-10-21
RV012563,O005889,C08315,5,Fast delivery,2024-12-08
RV012564,O018866,C04899,4,Satisfied,2025-04-14
RV012565,O022833,C08608,4,Satisfied,2024-12-17
RV012566,O009880,C07149,5,Fast delivery,2026-01-26
RV012567,O024706,C05494,5,Fast delivery,2024-08-11
RV012568,O015599,C07894,5,Fast delivery,2025-11-18
RV012569,O018758,C08655,5,Excellent quality,2024-11-10
RV012570,O004370,C02226,4,Value for money,2025-11-01
RV012571,O003475,C06148,4,Nice packaging,2024-08-23
RV012572,O036241,C05132,5,Fast delivery,2026-06-25
RV012573,O017174,C01976,4,Satisfied,2026-02-20
RV012574,O013032,C03242,5,Excellent quality,2026-07-10
RV012575,O034796,C09464,5,Highly recommended,2024-12-23
RV012576,O016140,C07588,3,Delivery was okay,2024-11-22
RV012577,O000866,C07993,5,Fresh products,2025-09-20
RV012578,O029553,C02203,5,Excellent quality,2025-04-13
RV012579,O027512,C06608,5,Very satisfied,2024-11-29
RV012580,O017534,C00532,3,Delivery was okay,2025-05-16
RV012581,O013425,C00460,5,Fresh products,2025-05-28
RV012582,O036317,C02995,2,Packaging issue,2024-11-23
RV012583,O032799,C06608,3,Average experience,2025-07-22
RV012584,O018463,C05471,3,Delivery was okay,2024-10-14
RV012585,O021203,C00934,4,Nice packaging,2025-08-29
RV012586,O013779,C07705,3,Average experience,2025-06-27
RV012587,O036832,C06316,5,Fresh products,2024-08-09
RV012588,O024879,C07044,5,Fast delivery,2025-02-21
RV012589,O018385,C08905,5,Fresh products,2026-04-28
RV012590,O015532,C02700,3,Average experience,2024-11-30
RV012591,O013318,C05301,5,Very satisfied,2026-02-17
RV012592,O017022,C06018,5,Fresh products,2026-02-24
RV012593,O039799,C01197,5,Excellent quality,2024-10-25
RV012594,O023797,C09907,5,Fast delivery,2024-10-21
RV012595,O026846,C06827,4,Nice packaging,2026-04-29
RV012596,O017109,C07116,5,Fast delivery,2025-09-04
RV012597,O011042,C01270,4,Value for money,2025-08-13
RV012598,O008248,C09366,2,Product quality below expectations,2025-10-10
RV012599,O004627,C01435,4,Nice packaging,2024-07-31
RV012600,O022455,C01926,4,Nice packaging,2025-12-11
RV012601,O000118,C00347,5,Highly recommended,2025-06-02
RV012602,O007375,C02364,5,Fast delivery,2024-11-30
RV012603,O011527,C06901,4,Value for money,2025-01-18
RV012604,O019602,C05682,5,Highly recommended,2026-05-27
RV012605,O021108,C07552,3,Delivery was okay,2024-12-27
RV012606,O016785,C05379,2,Late delivery,2025-02-20
RV012607,O005131,C02564,4,Value for money,2026-04-15
RV012608,O026865,C03593,4,Good service,2024-10-15
RV012609,O019113,C02591,4,Value for money,2025-10-24
RV012610,O018210,C05874,3,Could be better,2024-08-08
RV012611,O006434,C00609,5,Fresh products,2026-07-15
RV012612,O032389,C04078,4,Satisfied,2025-03-27
RV012613,O001124,C02354,5,Very satisfied,2026-04-06
RV012614,O034235,C04927,5,Fresh products,2026-02-24
RV012615,O025954,C06956,3,Average experience,2025-03-02
RV012616,O019836,C07529,4,Nice packaging,2026-05-31
RV012617,O038406,C08860,5,Fast delivery,2025-05-01
RV012618,O037545,C02520,5,Fast delivery,2025-05-29
RV012619,O039277,C02641,5,Fast delivery,2026-04-12
RV012620,O033268,C01928,5,Fresh products,2025-06-14
RV012621,O018234,C07504,3,Delivery was okay,2025-01-30
RV012622,O007992,C01317,4,Good service,2025-08-05
RV012623,O030599,C09026,4,Good service,2026-05-13
RV012624,O025149,C00236,3,Could be better,2024-09-13
RV012625,O037890,C05735,5,Highly recommended,2025-06-10
RV012626,O010884,C03806,3,Average experience,2025-10-22
RV012627,O034507,C06975,5,Excellent quality,2025-05-11
RV012628,O012966,C01872,2,Product quality below expectations,2025-07-25
RV012629,O038529,C00422,3,Average experience,2025-01-11
RV012630,O029121,C04007,5,Fresh products,2025-01-28
RV012631,O028247,C03401,3,Average experience,2025-03-25
RV012632,O024517,C05318,5,Very satisfied,2024-11-23
RV012633,O039256,C05359,5,Fast delivery,2026-06-11
RV012634,O015525,C03227,4,Good service,2026-06-14
RV012635,O002752,C07080,5,Highly recommended,2025-04-07
RV012636,O035808,C07086,5,Very satisfied,2025-03-30
RV012637,O018968,C06816,2,Packaging issue,2026-06-10
RV012638,O003557,C04962,1,Damaged product,2025-10-16
RV012639,O030939,C05781,2,Late delivery,2024-12-23
RV012640,O022303,C07869,4,Value for money,2026-02-17
RV012641,O010355,C01676,4,Nice packaging,2025-03-23
RV012642,O010334,C07606,5,Fast delivery,2026-06-04
RV012643,O003062,C06697,5,Excellent quality,2025-02-24
RV012644,O010148,C02072,5,Highly recommended,2026-07-31
RV012645,O021286,C00325,5,Excellent quality,2026-07-11
RV012646,O014809,C00778,5,Excellent quality,2024-11-04
RV012647,O029561,C07199,4,Good service,2025-01-18
RV012648,O035145,C02497,5,Highly recommended,2025-02-24
RV012649,O021163,C00290,4,Satisfied,2025-11-30
RV012650,O033297,C07170,5,Excellent quality,2026-01-25
RV012651,O021826,C00769,5,Very satisfied,2025-11-13
RV012652,O023357,C03868,5,Very satisfied,2024-08-13
RV012653,O018399,C03002,5,Highly recommended,2025-11-11
RV012654,O004198,C08161,5,Very satisfied,2025-10-12
RV012655,O019569,C08975,5,Fast delivery,2026-07-27
RV012656,O021229,C08736,5,Very satisfied,2024-09-19
RV012657,O003871,C07940,2,Packaging issue,2025-11-27
RV012658,O030607,C00832,3,Average experience,2024-10-29
RV012659,O005156,C06844,2,Packaging issue,2025-03-19
RV012660,O023485,C02168,4,Nice packaging,2025-01-29
RV012661,O021773,C03227,5,Highly recommended,2025-06-04
RV012662,O002815,C06280,5,Highly recommended,2024-12-12
RV012663,O015564,C05996,5,Fast delivery,2025-07-26
RV012664,O029439,C09225,3,Average experience,2024-10-17
RV012665,O027162,C07778,5,Excellent quality,2026-01-30
RV012666,O010644,C05543,5,Very satisfied,2025-04-18
RV012667,O009545,C05753,2,Product quality below expectations,2025-03-26
RV012668,O025327,C01818,5,Very satisfied,2026-04-13
RV012669,O035855,C09822,4,Satisfied,2026-04-28
RV012670,O026116,C06965,5,Fresh products,2025-10-12
RV012671,O002474,C03034,4,Satisfied,2026-06-12
RV012672,O030711,C04572,5,Very satisfied,2024-08-14
RV012673,O010643,C09415,5,Fast delivery,2026-01-26
RV012674,O020927,C01502,5,Fast delivery,2025-11-03
RV012675,O028380,C01317,1,Damaged product,2025-01-05
RV012676,O017601,C00042,5,Fast delivery,2025-04-29
RV012677,O013177,C01630,4,Value for money,2024-11-25
RV012678,O000483,C07129,5,Fast delivery,2024-11-19
RV012679,O032541,C09629,4,Good service,2024-10-02
RV012680,O024009,C04017,5,Excellent quality,2025-03-27
RV012681,O007689,C03465,5,Very satisfied,2025-01-03
RV012682,O017622,C01573,5,Fresh products,2026-06-30
RV012683,O031253,C05234,5,Very satisfied,2025-07-10
RV012684,O022236,C05189,5,Excellent quality,2025-05-24
RV012685,O002567,C00992,3,Could be better,2025-04-28
RV012686,O028473,C09203,4,Value for money,2024-12-18
RV012687,O035560,C03459,5,Fast delivery,2026-01-23
RV012688,O003295,C09381,5,Very satisfied,2025-11-23
RV012689,O009441,C08579,5,Fast delivery,2025-05-10
RV012690,O023996,C03774,4,Satisfied,2026-03-25
RV012691,O023482,C05446,3,Average experience,2026-07-17
RV012692,O019227,C08713,5,Fresh products,2025-03-23
RV012693,O037979,C04515,3,Could be better,2026-05-03
RV012694,O013476,C07072,1,Damaged product,2024-11-18
RV012695,O032090,C08957,3,Could be better,2025-05-29
RV012696,O033432,C03610,3,Could be better,2025-03-28
RV012697,O022998,C08539,5,Very satisfied,2025-08-26
RV012698,O026202,C04815,5,Very satisfied,2026-05-24
RV012699,O005374,C04890,4,Nice packaging,2024-08-23
RV012700,O020186,C02895,1,Damaged product,2025-03-05
RV012701,O022257,C01843,5,Fast delivery,2026-03-03
RV012702,O033014,C06187,5,Very satisfied,2025-09-21
RV012703,O032409,C00511,5,Fresh products,2024-10-11
RV012704,O021240,C03990,4,Value for money,2026-05-28
RV012705,O016887,C09152,4,Satisfied,2025-01-04
RV012706,O038718,C01948,4,Satisfied,2025-12-18
RV012707,O005177,C04095,5,Excellent quality,2024-11-08
RV012708,O035165,C03778,5,Excellent quality,2024-09-16
RV012709,O010519,C09592,5,Excellent quality,2025-11-14
RV012710,O018856,C04297,5,Fast delivery,2026-03-18
RV012711,O028165,C01902,5,Highly recommended,2026-01-05
RV012712,O019493,C06344,5,Very satisfied,2026-03-23
RV012713,O004749,C07227,5,Fresh products,2024-08-07
RV012714,O033028,C03859,5,Fresh products,2025-11-20
RV012715,O001942,C07112,4,Satisfied,2025-10-02
RV012716,O015713,C03913,5,Fresh products,2026-06-25
RV012717,O008084,C08206,5,Fresh products,2026-06-17
RV012718,O021840,C08914,5,Fresh products,2025-06-10
RV012719,O023190,C03086,5,Highly recommended,2026-02-22
RV012720,O022774,C07654,4,Satisfied,2024-08-23
RV012721,O025081,C03227,5,Fresh products,2026-05-18
RV012722,O018911,C01512,5,Highly recommended,2026-02-02
RV012723,O034327,C07710,5,Highly recommended,2025-01-31
RV012724,O029801,C02518,4,Satisfied,2025-01-15
RV012725,O018982,C01165,1,Wrong item received,2024-10-23
RV012726,O012385,C09441,2,Product quality below expectations,2024-11-21
RV012727,O038770,C06187,5,Excellent quality,2025-02-05
RV012728,O026654,C09669,5,Highly recommended,2025-12-29
RV012729,O017061,C04628,5,Highly recommended,2026-06-30
RV012730,O016411,C05359,5,Fresh products,2026-07-21
RV012731,O003590,C09378,3,Delivery was okay,2025-05-03
RV012732,O033584,C04012,5,Excellent quality,2026-06-23
RV012733,O010802,C01532,4,Satisfied,2026-07-31
RV012734,O033756,C05957,4,Good service,2024-08-22
RV012735,O021280,C04734,3,Delivery was okay,2025-11-17
RV012736,O018524,C07377,3,Delivery was okay,2025-10-09
RV012737,O038163,C01245,5,Highly recommended,2025-02-24
RV012738,O034969,C05103,3,Delivery was okay,2025-04-13
RV012739,O015701,C04048,4,Value for money,2025-06-01
RV012740,O016135,C07329,5,Fresh products,2025-04-14
RV012741,O018159,C00758,5,Highly recommended,2025-04-20
RV012742,O002632,C05259,5,Excellent quality,2024-10-21
RV012743,O011885,C04614,4,Satisfied,2026-05-07
RV012744,O014028,C00371,4,Nice packaging,2024-09-25
RV012745,O007467,C08353,5,Excellent quality,2025-05-17
RV012746,O001318,C09253,5,Very satisfied,2026-06-03
RV012747,O025061,C08883,4,Good service,2025-01-24
RV012748,O029477,C04990,3,Delivery was okay,2026-05-27
RV012749,O038715,C06262,4,Satisfied,2024-12-15
RV012750,O022923,C03790,4,Good service,2026-07-06
RV012751,O036811,C05244,5,Highly recommended,2024-12-27
RV012752,O029698,C07229,5,Fresh products,2025-09-09
RV012753,O027105,C08040,5,Fresh products,2026-06-25
RV012754,O007625,C01280,5,Excellent quality,2026-07-18
RV012755,O005528,C07215,4,Satisfied,2025-04-02
RV012756,O024182,C07030,5,Fast delivery,2024-10-29
RV012757,O026139,C03581,5,Fast delivery,2026-07-10
RV012758,O012711,C07298,4,Value for money,2025-11-29
RV012759,O029724,C06287,4,Good service,2025-11-25
RV012760,O037452,C07099,5,Very satisfied,2024-12-28
RV012761,O011229,C05590,4,Good service,2024-12-14
RV012762,O019638,C03694,4,Good service,2025-08-20
RV012763,O029039,C04584,5,Excellent quality,2024-10-28
RV012764,O036153,C05882,4,Nice packaging,2025-12-22
RV012765,O011849,C06399,5,Excellent quality,2024-11-08
RV012766,O018527,C05775,5,Fast delivery,2025-12-20
RV012767,O011687,C00400,4,Good service,2024-12-19
RV012768,O008229,C01522,5,Very satisfied,2025-12-15
RV012769,O016351,C02287,1,Very disappointed,2026-02-26
RV012770,O027187,C03082,5,Fresh products,2026-03-25
RV012771,O017480,C04117,5,Fresh products,2025-03-08
RV012772,O022895,C00480,5,Excellent quality,2025-03-02
RV012773,O038369,C07669,5,Fresh products,2026-02-20
RV012774,O023884,C01208,5,Fast delivery,2025-09-13
RV012775,O008795,C08798,4,Nice packaging,2025-10-14
RV012776,O036087,C01580,4,Value for money,2026-03-07
RV012777,O013839,C01208,4,Good service,2026-03-07
RV012778,O039977,C07234,5,Fast delivery,2025-08-28
RV012779,O026975,C00895,3,Could be better,2024-12-20
RV012780,O025538,C00362,1,Damaged product,2025-04-18
RV012781,O022243,C01095,3,Delivery was okay,2025-11-14
RV012782,O030873,C02443,3,Average experience,2026-05-08
RV012783,O009697,C01738,4,Nice packaging,2025-03-21
RV012784,O007405,C01927,4,Good service,2025-12-06
RV012785,O034093,C01794,5,Excellent quality,2026-06-06
RV012786,O023807,C01957,5,Excellent quality,2025-10-21
RV012787,O034596,C07875,4,Value for money,2024-12-31
RV012788,O015342,C07851,5,Highly recommended,2025-03-06
RV012789,O023679,C02915,3,Average experience,2026-04-18
RV012790,O010999,C06317,5,Excellent quality,2026-03-28
RV012791,O032486,C04443,4,Satisfied,2024-08-15
RV012792,O002878,C00770,4,Satisfied,2024-12-26
RV012793,O036392,C02113,5,Excellent quality,2025-06-15
RV012794,O039942,C01021,5,Fast delivery,2026-04-24
RV012795,O016073,C02878,5,Fresh products,2025-01-26
RV012796,O018125,C04989,5,Excellent quality,2025-07-05
RV012797,O037434,C01506,2,Late delivery,2025-07-15
RV012798,O033144,C09725,4,Nice packaging,2025-11-02
RV012799,O006112,C02148,5,Highly recommended,2026-07-20
RV012800,O038385,C00456,4,Good service,2024-09-17
RV012801,O022135,C09909,4,Good service,2025-01-16
RV012802,O026168,C03652,4,Nice packaging,2025-09-05
RV012803,O011126,C07205,5,Fresh products,2026-07-26
RV012804,O018639,C09644,5,Highly recommended,2024-12-03
RV012805,O016506,C04136,4,Nice packaging,2026-03-24
RV012806,O010392,C04005,5,Fast delivery,2026-05-02
RV012807,O036876,C09491,5,Fast delivery,2024-08-18
RV012808,O020102,C09120,5,Very satisfied,2026-03-02
RV012809,O030992,C08525,4,Nice packaging,2026-01-29
RV012810,O017468,C08925,3,Delivery was okay,2025-05-01
RV012811,O027957,C05825,4,Nice packaging,2026-02-19
RV012812,O016225,C04169,5,Fast delivery,2025-04-14
RV012813,O004070,C08175,4,Nice packaging,2026-02-03
RV012814,O012001,C08617,5,Fast delivery,2025-11-22
RV012815,O005489,C00580,5,Fresh products,2026-01-03
RV012816,O035227,C04102,5,Highly recommended,2025-08-26
RV012817,O038507,C06218,5,Fast delivery,2025-08-25
RV012818,O010611,C01257,3,Average experience,2025-08-07
RV012819,O033564,C04919,5,Very satisfied,2025-05-31
RV012820,O002516,C05041,5,Excellent quality,2026-02-12
RV012821,O031598,C09645,5,Very satisfied,2025-12-15
RV012822,O038288,C09357,3,Could be better,2025-06-19
RV012823,O021790,C08123,1,Wrong item received,2024-09-12
RV012824,O028137,C08421,5,Fresh products,2026-02-17
RV012825,O013816,C02689,5,Excellent quality,2025-07-27
RV012826,O022128,C06659,5,Fast delivery,2025-03-28
RV012827,O030739,C01941,4,Satisfied,2025-05-14
RV012828,O000715,C08701,5,Very satisfied,2025-08-05
RV012829,O009335,C03698,4,Nice packaging,2026-01-17
RV012830,O006700,C01433,3,Delivery was okay,2025-05-16
RV012831,O007656,C03476,2,Product quality below expectations,2025-06-28
RV012832,O025839,C04325,5,Highly recommended,2024-08-03
RV012833,O006271,C03406,5,Fast delivery,2026-05-10
RV012834,O018783,C01140,2,Late delivery,2025-01-03
RV012835,O000755,C08860,3,Delivery was okay,2026-02-18
RV012836,O001717,C03630,5,Excellent quality,2026-05-26
RV012837,O015824,C01349,5,Fresh products,2025-11-19
RV012838,O003765,C06530,5,Fast delivery,2026-01-12
RV012839,O039814,C08752,4,Value for money,2025-06-04
RV012840,O022909,C08353,5,Fresh products,2025-04-23
RV012841,O036487,C02351,4,Satisfied,2026-01-23
RV012842,O038595,C05110,4,Good service,2026-06-30
RV012843,O032513,C08430,5,Highly recommended,2025-11-30
RV012844,O009235,C04667,1,Very disappointed,2026-07-17
RV012845,O023772,C05503,5,Excellent quality,2026-05-19
RV012846,O006250,C06982,5,Highly recommended,2025-03-20
RV012847,O039613,C09576,5,Very satisfied,2026-04-13
RV012848,O015708,C06485,5,Highly recommended,2026-05-22
RV012849,O019972,C01857,4,Satisfied,2025-06-25
RV012850,O034635,C00343,5,Highly recommended,2026-07-13
RV012851,O022117,C00929,4,Good service,2026-02-19
RV012852,O038128,C07441,3,Average experience,2025-01-14
RV012853,O007685,C09263,5,Excellent quality,2025-02-25
RV012854,O021922,C06706,4,Value for money,2025-03-10
RV012855,O036186,C01421,4,Value for money,2025-01-04
RV012856,O005957,C07720,5,Highly recommended,2025-08-27
RV012857,O033759,C04180,5,Very satisfied,2025-09-24
RV012858,O014244,C02721,5,Fresh products,2025-12-19
RV012859,O030059,C04762,5,Fresh products,2024-09-09
RV012860,O007366,C08953,4,Good service,2025-05-20
RV012861,O018245,C02836,5,Very satisfied,2025-11-11
RV012862,O028351,C01316,2,Packaging issue,2025-09-04
RV012863,O039803,C03878,5,Highly recommended,2025-04-04
RV012864,O009159,C08202,5,Excellent quality,2024-12-06
RV012865,O035021,C06731,5,Fresh products,2025-06-27
RV012866,O030228,C02421,5,Fast delivery,2026-04-05
RV012867,O027763,C04344,5,Highly recommended,2025-01-09
RV012868,O031017,C05514,2,Packaging issue,2025-03-03
RV012869,O039948,C08999,5,Fresh products,2024-10-16
RV012870,O015036,C06637,5,Highly recommended,2025-03-25
RV012871,O036422,C01004,5,Excellent quality,2026-01-25
RV012872,O037171,C00435,4,Nice packaging,2025-08-05
RV012873,O027997,C02745,4,Value for money,2024-09-05
RV012874,O031925,C09670,3,Could be better,2026-02-08
RV012875,O032552,C01596,2,Late delivery,2025-12-19
RV012876,O000427,C04360,3,Average experience,2024-12-18
RV012877,O029184,C09525,5,Excellent quality,2025-12-01
RV012878,O000728,C03764,4,Satisfied,2026-07-03
RV012879,O003411,C02679,4,Satisfied,2026-07-15
RV012880,O022407,C02990,5,Highly recommended,2026-04-06
RV012881,O029209,C03753,5,Highly recommended,2024-10-18
RV012882,O002577,C05667,5,Fast delivery,2025-03-08
RV012883,O026672,C05099,5,Fast delivery,2026-04-14
RV012884,O008069,C07125,1,Damaged product,2025-09-24
RV012885,O007523,C06779,4,Good service,2026-04-23
RV012886,O037414,C00632,3,Could be better,2024-11-11
RV012887,O008327,C03489,5,Very satisfied,2025-01-20
RV012888,O031401,C00537,5,Highly recommended,2026-07-14
RV012889,O004858,C00973,5,Fresh products,2025-03-06
RV012890,O013774,C04608,5,Very satisfied,2025-11-01
RV012891,O012378,C00554,5,Fast delivery,2025-01-05
RV012892,O015003,C00091,5,Fresh products,2025-11-19
RV012893,O009333,C06816,4,Nice packaging,2026-04-14
RV012894,O031570,C02891,4,Nice packaging,2024-08-20
RV012895,O022449,C05329,4,Satisfied,2025-02-17
RV012896,O034001,C04213,3,Delivery was okay,2025-07-27
RV012897,O036420,C04172,5,Highly recommended,2025-03-18
RV012898,O023166,C02240,5,Excellent quality,2026-05-22
RV012899,O023053,C09794,2,Late delivery,2024-12-21
RV012900,O017301,C01832,4,Satisfied,2025-04-08
RV012901,O015496,C06527,5,Very satisfied,2026-05-21
RV012902,O027725,C06817,5,Highly recommended,2025-03-02
RV012903,O007778,C07926,5,Very satisfied,2026-05-19
RV012904,O007929,C01132,5,Highly recommended,2026-07-29
RV012905,O001785,C09221,5,Very satisfied,2026-03-06
RV012906,O029142,C05825,4,Nice packaging,2026-02-28
RV012907,O027482,C08651,4,Nice packaging,2024-11-22
RV012908,O033034,C01256,5,Very satisfied,2025-05-31
RV012909,O002560,C01566,5,Fast delivery,2025-05-10
RV012910,O004100,C06996,4,Satisfied,2024-09-06
RV012911,O028158,C08627,3,Average experience,2025-07-11
RV012912,O018801,C04813,5,Fast delivery,2025-08-28
RV012913,O038290,C06703,5,Excellent quality,2025-11-22
RV012914,O038403,C09846,3,Average experience,2025-08-07
RV012915,O038123,C00596,4,Nice packaging,2024-08-31
RV012916,O039250,C00726,5,Highly recommended,2026-05-14
RV012917,O037190,C08679,5,Very satisfied,2025-05-16
RV012918,O024081,C09012,5,Highly recommended,2025-07-11
RV012919,O026188,C05685,4,Value for money,2025-05-31
RV012920,O034168,C01344,5,Highly recommended,2025-04-05
RV012921,O003963,C09291,5,Very satisfied,2025-04-08
RV012922,O013121,C06263,5,Very satisfied,2026-07-27
RV012923,O024633,C05679,2,Product quality below expectations,2026-05-19
RV012924,O032700,C02230,5,Excellent quality,2024-10-31
RV012925,O002203,C03660,1,Damaged product,2026-02-02
RV012926,O010371,C03117,5,Fast delivery,2025-07-24
RV012927,O012973,C03930,5,Highly recommended,2026-02-12
RV012928,O025867,C02500,5,Fast delivery,2025-06-28
RV012929,O025570,C07460,5,Fresh products,2024-10-06
RV012930,O022152,C03784,5,Fast delivery,2025-06-09
RV012931,O024915,C00350,3,Delivery was okay,2026-04-23
RV012932,O027465,C00105,5,Excellent quality,2025-01-20
RV012933,O028878,C01163,5,Very satisfied,2025-04-28
RV012934,O027115,C04055,5,Fast delivery,2024-11-07
RV012935,O025151,C07915,5,Very satisfied,2025-02-11
RV012936,O033293,C07994,4,Nice packaging,2024-12-26
RV012937,O018481,C06595,4,Nice packaging,2024-10-15
RV012938,O035146,C00526,5,Fresh products,2025-08-02
RV012939,O019858,C08915,5,Excellent quality,2024-08-28
RV012940,O033154,C02123,5,Highly recommended,2025-08-11
RV012941,O033394,C02472,5,Fresh products,2024-09-11
RV012942,O037567,C07317,5,Fresh products,2026-02-28
RV012943,O009030,C02371,5,Fresh products,2025-12-22
RV012944,O021208,C03491,4,Value for money,2026-02-03
RV012945,O039211,C03035,5,Fresh products,2026-03-27
RV012946,O006379,C05622,3,Could be better,2026-06-07
RV012947,O002068,C02389,5,Fast delivery,2024-11-19
RV012948,O035698,C04339,3,Average experience,2025-01-05
RV012949,O023898,C03858,5,Very satisfied,2024-09-18
RV012950,O024427,C02556,5,Fast delivery,2026-05-30
RV012951,O020119,C03075,5,Fast delivery,2026-07-20
RV012952,O020658,C07327,5,Very satisfied,2024-12-30
RV012953,O029887,C01695,4,Nice packaging,2025-04-24
RV012954,O013282,C06803,5,Fast delivery,2025-10-24
RV012955,O004169,C09712,5,Highly recommended,2026-02-24
RV012956,O017935,C09752,4,Satisfied,2026-04-18
RV012957,O027337,C06766,1,Damaged product,2024-10-25
RV012958,O020596,C00932,5,Very satisfied,2025-07-15
RV012959,O038997,C00332,5,Excellent quality,2024-08-07
RV012960,O026014,C02673,4,Good service,2026-06-15
RV012961,O013874,C03971,1,Damaged product,2025-06-26
RV012962,O019552,C08838,5,Excellent quality,2025-02-08
RV012963,O030782,C03403,4,Good service,2025-10-04
RV012964,O010437,C06618,3,Delivery was okay,2024-11-21
RV012965,O014476,C06233,5,Highly recommended,2026-05-26
RV012966,O027292,C01662,1,Damaged product,2024-08-27
RV012967,O011772,C05770,5,Highly recommended,2025-01-31
RV012968,O037076,C05310,3,Delivery was okay,2026-07-29
RV012969,O039970,C00020,5,Fresh products,2025-06-25
RV012970,O009468,C03246,1,Damaged product,2025-05-18
RV012971,O034667,C03427,5,Fast delivery,2026-05-04
RV012972,O019138,C08321,4,Nice packaging,2025-10-14
RV012973,O017213,C05687,3,Could be better,2026-04-23
RV012974,O038677,C06060,5,Fresh products,2024-12-25
RV012975,O004746,C01352,5,Very satisfied,2024-12-09
RV012976,O005702,C07717,5,Highly recommended,2026-03-02
RV012977,O026385,C08546,4,Nice packaging,2026-03-05
RV012978,O037307,C05766,1,Very disappointed,2025-06-23
RV012979,O022645,C01692,5,Highly recommended,2025-05-06
RV012980,O002961,C08101,5,Very satisfied,2025-06-30
RV012981,O025432,C04052,2,Packaging issue,2025-02-23
RV012982,O011311,C00662,5,Very satisfied,2025-04-16
RV012983,O005282,C02908,4,Value for money,2025-03-07
RV012984,O003550,C06703,4,Value for money,2024-10-06
RV012985,O017767,C05734,5,Highly recommended,2024-10-29
RV012986,O016604,C09368,5,Very satisfied,2025-01-08
RV012987,O028609,C05475,4,Nice packaging,2026-05-25
RV012988,O020831,C02333,5,Fast delivery,2024-07-31
RV012989,O006417,C00444,5,Excellent quality,2024-08-12
RV012990,O029534,C05250,4,Value for money,2026-01-10
RV012991,O008240,C08550,4,Satisfied,2024-12-02
RV012992,O003277,C09542,5,Very satisfied,2025-07-09
RV012993,O002618,C09682,1,Wrong item received,2026-03-11
RV012994,O006692,C05421,4,Nice packaging,2026-07-20
RV012995,O024707,C04221,5,Very satisfied,2025-02-14
RV012996,O015103,C00914,5,Fast delivery,2025-07-13
RV012997,O003719,C01250,4,Nice packaging,2025-03-28
RV012998,O009754,C07682,5,Very satisfied,2026-05-15
RV012999,O029140,C05143,5,Very satisfied,2025-02-10
RV013000,O039497,C03897,4,Value for money,2025-10-05
RV013001,O009055,C01164,5,Very satisfied,2025-10-09
RV013002,O034237,C02079,5,Fresh products,2026-01-03
RV013003,O028205,C01176,4,Nice packaging,2026-03-24
RV013004,O037649,C06385,5,Very satisfied,2024-11-12
RV013005,O035981,C06842,5,Excellent quality,2025-12-02
RV013006,O010628,C00970,5,Very satisfied,2024-11-30
RV013007,O035570,C04377,5,Excellent quality,2026-03-20
RV013008,O013432,C05397,1,Very disappointed,2026-01-25
RV013009,O014956,C01092,5,Excellent quality,2026-02-25
RV013010,O020964,C06615,5,Fresh products,2026-05-04
RV013011,O030933,C09643,5,Excellent quality,2025-12-07
RV013012,O009983,C00953,4,Nice packaging,2026-01-28
RV013013,O007568,C04502,5,Very satisfied,2025-03-06
RV013014,O029066,C02703,4,Nice packaging,2025-06-12
RV013015,O035302,C09545,4,Nice packaging,2025-05-29
RV013016,O006662,C01362,5,Excellent quality,2026-02-20
RV013017,O019675,C02951,5,Very satisfied,2026-03-12
RV013018,O007880,C08804,5,Highly recommended,2025-07-08
RV013019,O028828,C04497,5,Fresh products,2026-06-13
RV013020,O023591,C05048,5,Fast delivery,2026-05-27
RV013021,O021737,C07472,5,Highly recommended,2025-05-24
RV013022,O012759,C02766,5,Very satisfied,2025-07-11
RV013023,O004728,C00615,5,Highly recommended,2026-06-13
RV013024,O017535,C03318,4,Satisfied,2024-10-26
RV013025,O023989,C05921,4,Good service,2024-11-10
RV013026,O012509,C09819,5,Highly recommended,2026-07-19
RV013027,O008245,C04944,5,Highly recommended,2026-07-31
RV013028,O022964,C05745,4,Nice packaging,2026-03-01
RV013029,O013921,C04605,5,Highly recommended,2025-12-29
RV013030,O035188,C04724,5,Excellent quality,2025-01-08
RV013031,O037885,C00995,5,Excellent quality,2025-05-14
RV013032,O002055,C07488,5,Fast delivery,2025-01-31
RV013033,O021963,C04887,5,Excellent quality,2026-07-02
RV013034,O035728,C01641,5,Highly recommended,2024-12-06
RV013035,O024889,C00031,5,Fresh products,2025-11-24
RV013036,O007845,C03811,3,Could be better,2026-06-21
RV013037,O039876,C06035,5,Excellent quality,2024-08-20
RV013038,O000686,C08385,1,Damaged product,2025-02-10
RV013039,O033274,C02414,5,Fresh products,2026-02-07
RV013040,O007305,C04818,3,Delivery was okay,2026-01-30
RV013041,O031433,C06493,4,Value for money,2025-04-30
RV013042,O005867,C04286,4,Good service,2026-04-19
RV013043,O002259,C04351,5,Highly recommended,2024-12-10
RV013044,O020488,C04344,4,Nice packaging,2025-06-29
RV013045,O025219,C04645,4,Value for money,2024-12-23
RV013046,O012761,C05349,3,Average experience,2024-08-11
RV013047,O002711,C04805,5,Excellent quality,2025-05-23
RV013048,O029697,C03710,1,Very disappointed,2024-09-24
RV013049,O018491,C02570,5,Fast delivery,2026-03-30
RV013050,O019431,C01256,4,Nice packaging,2025-07-12
RV013051,O007237,C03947,2,Packaging issue,2024-11-23
RV013052,O009255,C00465,2,Late delivery,2024-10-23
RV013053,O031605,C08090,5,Highly recommended,2024-09-21
RV013054,O034742,C06706,5,Excellent quality,2026-05-20
RV013055,O033151,C00837,4,Value for money,2024-10-06
RV013056,O015500,C06365,5,Fast delivery,2026-01-31
RV013057,O023219,C04532,5,Highly recommended,2025-11-11
RV013058,O004715,C01991,4,Value for money,2025-04-15
RV013059,O027117,C04901,5,Highly recommended,2025-09-10
RV013060,O010427,C06192,5,Highly recommended,2025-05-28
RV013061,O024162,C05921,3,Delivery was okay,2025-02-11
RV013062,O007598,C06532,5,Highly recommended,2026-02-26
RV013063,O008333,C04815,4,Value for money,2025-04-01
RV013064,O001189,C04295,4,Value for money,2025-02-04
RV013065,O017791,C06960,5,Highly recommended,2026-01-15
RV013066,O001801,C03577,5,Very satisfied,2024-11-08
RV013067,O013789,C08252,5,Very satisfied,2025-06-30
RV013068,O000564,C03317,5,Fast delivery,2025-08-28
RV013069,O020384,C06684,2,Late delivery,2025-04-16
RV013070,O010126,C03689,5,Excellent quality,2026-02-03
RV013071,O000826,C09473,5,Highly recommended,2026-07-31
RV013072,O003172,C04203,5,Highly recommended,2026-06-16
RV013073,O005081,C01318,5,Very satisfied,2025-10-02
RV013074,O026976,C06312,1,Very disappointed,2025-08-25
RV013075,O019159,C03064,5,Fresh products,2025-12-11
RV013076,O016524,C07186,5,Highly recommended,2024-11-24
RV013077,O025997,C09652,5,Fast delivery,2026-07-06
RV013078,O017816,C05765,5,Excellent quality,2025-02-14
RV013079,O034870,C01889,5,Fast delivery,2026-02-17
RV013080,O038096,C03513,4,Nice packaging,2025-03-20
RV013081,O027627,C07035,5,Excellent quality,2026-07-13
RV013082,O020716,C09549,4,Satisfied,2025-12-15
RV013083,O000678,C07226,5,Fresh products,2026-04-19
RV013084,O039336,C07342,4,Good service,2025-03-10
RV013085,O018263,C02644,5,Excellent quality,2025-01-08
RV013086,O011535,C03763,5,Very satisfied,2026-01-21
RV013087,O021563,C01849,2,Packaging issue,2025-08-08
RV013088,O007825,C09428,5,Fresh products,2026-02-27
RV013089,O005760,C01078,5,Fast delivery,2025-12-13
RV013090,O021076,C01605,5,Fast delivery,2025-02-19
RV013091,O004633,C03336,4,Satisfied,2025-06-03
RV013092,O026460,C06791,5,Fast delivery,2026-03-17
RV013093,O013513,C01014,5,Highly recommended,2026-05-17
RV013094,O035613,C00056,3,Could be better,2024-08-08
RV013095,O005002,C03044,4,Nice packaging,2025-12-01
RV013096,O035072,C03487,5,Fast delivery,2026-02-15
RV013097,O036286,C08624,5,Excellent quality,2024-09-20
RV013098,O021112,C07860,3,Delivery was okay,2025-10-02
RV013099,O009009,C08774,5,Fresh products,2025-01-11
RV013100,O001903,C00342,5,Highly recommended,2025-03-02
RV013101,O026136,C03164,4,Nice packaging,2026-03-25
RV013102,O013423,C04721,2,Packaging issue,2025-03-12
RV013103,O018204,C06291,5,Fast delivery,2025-10-13
RV013104,O037581,C01063,4,Good service,2026-02-26
RV013105,O016298,C03676,2,Late delivery,2026-05-27
RV013106,O012419,C06824,5,Highly recommended,2024-09-11
RV013107,O014297,C06405,4,Satisfied,2025-04-12
RV013108,O016416,C07244,5,Fast delivery,2025-09-12
RV013109,O026951,C02602,5,Fresh products,2026-05-05
RV013110,O004149,C09961,3,Delivery was okay,2025-12-18
RV013111,O038440,C09018,5,Fast delivery,2026-01-11
RV013112,O011476,C09019,4,Nice packaging,2024-12-26
RV013113,O010197,C00338,2,Product quality below expectations,2024-11-22
RV013114,O001851,C09174,4,Value for money,2024-09-24
RV013115,O023395,C05445,5,Excellent quality,2025-09-17
RV013116,O014170,C02019,4,Good service,2025-05-27
RV013117,O010017,C07481,4,Nice packaging,2025-03-28
RV013118,O029191,C07406,5,Fresh products,2024-09-08
RV013119,O018571,C04212,4,Good service,2025-06-22
RV013120,O034558,C05800,4,Value for money,2025-09-03
RV013121,O007313,C06312,2,Late delivery,2025-03-07
RV013122,O039272,C00306,5,Fast delivery,2025-09-17
RV013123,O037065,C04777,5,Highly recommended,2026-05-20
RV013124,O036032,C03827,4,Good service,2024-09-09
RV013125,O021618,C05292,5,Fresh products,2025-08-31
RV013126,O038788,C04184,5,Highly recommended,2026-01-04
RV013127,O021411,C03907,5,Fast delivery,2025-06-13
RV013128,O022509,C05492,4,Good service,2025-11-06
RV013129,O027466,C07017,1,Wrong item received,2024-09-10
RV013130,O002477,C01760,5,Highly recommended,2026-04-24
RV013131,O014262,C08151,5,Fresh products,2025-03-14
RV013132,O008642,C05532,5,Fast delivery,2025-08-26
RV013133,O020603,C08551,5,Highly recommended,2026-01-28
RV013134,O034075,C03830,5,Highly recommended,2026-07-30
RV013135,O034256,C02673,4,Nice packaging,2025-09-29
RV013136,O024562,C02104,4,Nice packaging,2026-05-23
RV013137,O021837,C03930,5,Fast delivery,2025-07-27
RV013138,O004078,C02061,5,Fast delivery,2026-06-25
RV013139,O018416,C08141,1,Damaged product,2024-09-16
RV013140,O008761,C05012,5,Fast delivery,2026-02-04
RV013141,O016646,C07845,5,Very satisfied,2026-06-13
RV013142,O012290,C05467,5,Excellent quality,2026-01-11
RV013143,O036532,C08283,5,Fast delivery,2024-08-22
RV013144,O004236,C00248,1,Damaged product,2026-05-14
RV013145,O002347,C08795,5,Excellent quality,2025-06-22
RV013146,O022103,C09098,4,Value for money,2026-07-22
RV013147,O027200,C06709,5,Highly recommended,2025-07-29
RV013148,O021940,C05591,5,Excellent quality,2025-05-27
RV013149,O037131,C00746,5,Excellent quality,2026-05-23
RV013150,O017552,C04193,5,Very satisfied,2024-10-26
RV013151,O024161,C02275,4,Good service,2025-08-25
RV013152,O034696,C05593,2,Product quality below expectations,2025-08-11
RV013153,O028107,C04290,5,Excellent quality,2024-11-22
RV013154,O013727,C01990,5,Very satisfied,2025-10-29
RV013155,O014444,C09859,5,Highly recommended,2026-07-02
RV013156,O027017,C09619,5,Fresh products,2026-06-23
RV013157,O019696,C02788,5,Very satisfied,2025-12-09
RV013158,O001343,C02828,5,Highly recommended,2025-09-04
RV013159,O023256,C06115,5,Fresh products,2024-09-19
RV013160,O024806,C04739,3,Could be better,2026-04-25
RV013161,O026639,C08914,4,Satisfied,2024-11-29
RV013162,O025298,C07274,5,Fast delivery,2026-03-04
RV013163,O026074,C09428,5,Fresh products,2025-07-09
RV013164,O016158,C04733,5,Excellent quality,2025-02-26
RV013165,O037717,C00685,4,Satisfied,2026-02-14
RV013166,O006516,C00637,4,Good service,2025-07-26
RV013167,O005716,C00032,4,Nice packaging,2026-03-08
RV013168,O019416,C05124,5,Excellent quality,2024-12-13
RV013169,O000042,C06757,4,Satisfied,2025-08-01
RV013170,O000814,C09309,5,Excellent quality,2025-06-20
RV013171,O007090,C05084,5,Fresh products,2025-03-07
RV013172,O038884,C09758,5,Very satisfied,2025-10-28
RV013173,O024256,C06917,5,Excellent quality,2025-08-07
RV013174,O000740,C07919,4,Satisfied,2024-11-30
RV013175,O017140,C06173,5,Fast delivery,2024-11-01
RV013176,O009741,C00669,5,Highly recommended,2025-10-31
RV013177,O038817,C02364,5,Fresh products,2026-03-29
RV013178,O005591,C01817,4,Nice packaging,2026-02-18
RV013179,O028554,C09221,2,Packaging issue,2026-03-24
RV013180,O018205,C07027,5,Highly recommended,2025-12-11
RV013181,O025960,C08952,2,Product quality below expectations,2025-08-20
RV013182,O030683,C09734,5,Highly recommended,2025-12-20
RV013183,O001159,C03395,5,Fresh products,2024-09-04
RV013184,O023169,C07448,4,Satisfied,2026-05-18
RV013185,O028415,C09707,5,Excellent quality,2026-06-16
RV013186,O009763,C06209,4,Satisfied,2024-09-03
RV013187,O005394,C01962,5,Fast delivery,2026-04-17
RV013188,O029841,C05981,5,Fresh products,2026-04-17
RV013189,O036966,C08044,5,Fast delivery,2025-11-17
RV013190,O004481,C07399,5,Fresh products,2025-05-29
RV013191,O023495,C09306,4,Value for money,2025-07-21
RV013192,O024461,C06357,5,Excellent quality,2025-12-06
RV013193,O029204,C05256,4,Good service,2025-02-11
RV013194,O039227,C05160,5,Fresh products,2024-10-31
RV013195,O009006,C04160,5,Fresh products,2025-02-25
RV013196,O028501,C08846,4,Nice packaging,2024-12-08
RV013197,O009418,C05024,1,Wrong item received,2025-09-30
RV013198,O038302,C04935,2,Late delivery,2025-09-28
RV013199,O008567,C00701,5,Fresh products,2026-04-03
RV013200,O013057,C03396,5,Excellent quality,2025-05-23
RV013201,O029327,C09494,4,Nice packaging,2026-02-25
RV013202,O011758,C07690,5,Fast delivery,2024-10-31
RV013203,O001578,C08183,5,Highly recommended,2026-06-20
RV013204,O003832,C06823,4,Nice packaging,2025-03-12
RV013205,O017953,C02065,3,Delivery was okay,2025-03-02
RV013206,O039622,C02463,5,Highly recommended,2025-10-16
RV013207,O030894,C03400,5,Fast delivery,2024-10-31
RV013208,O016771,C05975,5,Fresh products,2025-07-25
RV013209,O021692,C07850,5,Fast delivery,2026-06-21
RV013210,O007227,C04572,4,Good service,2024-08-24
RV013211,O001160,C07288,5,Fresh products,2024-08-10
RV013212,O003981,C03793,5,Very satisfied,2026-03-30
RV013213,O003886,C00556,5,Very satisfied,2025-06-08
RV013214,O037325,C00637,4,Value for money,2026-08-01
RV013215,O031091,C06381,2,Packaging issue,2026-03-11
RV013216,O018150,C05315,4,Nice packaging,2025-04-13
RV013217,O022386,C04173,5,Fast delivery,2025-12-31
RV013218,O026596,C06865,4,Nice packaging,2025-10-13
RV013219,O014564,C04919,4,Satisfied,2025-06-05
RV013220,O008085,C02334,5,Excellent quality,2024-11-21
RV013221,O034593,C09617,4,Good service,2025-12-05
RV013222,O039202,C06881,4,Value for money,2026-02-23
RV013223,O039802,C09751,4,Nice packaging,2024-09-28
RV013224,O014816,C02915,2,Packaging issue,2025-08-12
RV013225,O013929,C09703,5,Fast delivery,2025-02-16
RV013226,O034932,C05781,4,Nice packaging,2025-11-29
RV013227,O006684,C01350,4,Satisfied,2025-05-31
RV013228,O034468,C08252,5,Very satisfied,2025-08-04
RV013229,O018018,C04585,5,Fast delivery,2025-02-09
RV013230,O027439,C02355,5,Excellent quality,2024-12-05
RV013231,O037492,C09787,5,Excellent quality,2025-08-28
RV013232,O023498,C05750,2,Product quality below expectations,2026-07-31
RV013233,O015885,C00197,5,Fast delivery,2024-12-26
RV013234,O038312,C09324,5,Highly recommended,2024-09-16
RV013235,O034577,C06880,5,Very satisfied,2025-05-31
RV013236,O030850,C03174,5,Very satisfied,2026-03-22
RV013237,O002922,C09476,5,Fresh products,2024-10-02
RV013238,O006539,C02970,3,Could be better,2024-10-24
RV013239,O006743,C00580,5,Very satisfied,2025-05-17
RV013240,O015197,C06356,5,Fresh products,2026-04-01
RV013241,O006447,C09419,4,Value for money,2024-11-08
RV013242,O019306,C01565,5,Very satisfied,2024-10-26
RV013243,O007031,C04596,5,Fresh products,2026-07-01
RV013244,O007308,C02627,4,Value for money,2025-01-23
RV013245,O037001,C00877,5,Excellent quality,2025-01-25
RV013246,O036062,C03050,5,Fast delivery,2026-01-04
RV013247,O013260,C05056,4,Nice packaging,2025-12-24
RV013248,O017456,C09835,3,Delivery was okay,2026-04-13
RV013249,O023157,C00651,5,Very satisfied,2025-09-05
RV013250,O027366,C01911,5,Excellent quality,2026-07-21
RV013251,O017532,C05162,3,Could be better,2025-09-08
RV013252,O001392,C05376,5,Excellent quality,2025-08-02
RV013253,O033477,C01580,5,Fast delivery,2026-05-13
RV013254,O038086,C08767,2,Product quality below expectations,2025-06-22
RV013255,O011095,C01474,5,Fast delivery,2024-10-23
RV013256,O001986,C01130,1,Wrong item received,2025-06-25
RV013257,O022090,C00484,2,Product quality below expectations,2025-07-21
RV013258,O028641,C08107,4,Satisfied,2025-11-08
RV013259,O002006,C09730,5,Very satisfied,2025-11-28
RV013260,O020062,C02296,5,Fresh products,2025-09-05
RV013261,O030376,C09817,4,Nice packaging,2026-07-30
RV013262,O004530,C08081,5,Highly recommended,2024-12-02
RV013263,O004890,C07166,4,Nice packaging,2024-11-29
RV013264,O032605,C09188,5,Fresh products,2024-10-27
RV013265,O024230,C08296,5,Fast delivery,2026-07-10
RV013266,O010324,C01123,5,Very satisfied,2026-06-04
RV013267,O031530,C01267,5,Very satisfied,2026-02-28
RV013268,O031165,C03852,5,Very satisfied,2024-10-19
RV013269,O035805,C00391,5,Excellent quality,2025-10-21
RV013270,O025698,C02218,5,Highly recommended,2026-02-23
RV013271,O014433,C09521,2,Product quality below expectations,2025-06-27
RV013272,O007772,C07806,5,Excellent quality,2025-11-28
RV013273,O024339,C06535,5,Highly recommended,2026-01-23
RV013274,O001887,C04225,3,Delivery was okay,2026-06-25
RV013275,O014109,C08069,5,Excellent quality,2025-02-24
RV013276,O026446,C00921,5,Fresh products,2025-07-03
RV013277,O034192,C06105,5,Fresh products,2025-11-22
RV013278,O018529,C05157,5,Highly recommended,2025-01-04
RV013279,O018115,C05372,2,Product quality below expectations,2025-05-28
RV013280,O003530,C09152,2,Late delivery,2026-06-08
RV013281,O024406,C01062,4,Satisfied,2024-12-25
RV013282,O030106,C00083,3,Average experience,2025-10-13
RV013283,O003499,C02516,1,Wrong item received,2024-08-02
RV013284,O038251,C05137,3,Could be better,2025-09-28
RV013285,O005381,C03570,5,Excellent quality,2025-06-28
RV013286,O026965,C05059,5,Very satisfied,2025-07-18
RV013287,O029190,C05135,5,Highly recommended,2024-10-28
RV013288,O020667,C08227,5,Highly recommended,2025-08-03
RV013289,O000666,C00101,5,Highly recommended,2025-06-29
RV013290,O034312,C05082,2,Product quality below expectations,2026-03-20
RV013291,O000141,C02827,5,Fast delivery,2025-06-25
RV013292,O016387,C06832,5,Highly recommended,2025-08-02
RV013293,O032911,C07011,5,Fresh products,2025-12-17
RV013294,O011203,C09762,5,Fresh products,2025-01-26
RV013295,O002903,C08203,5,Fast delivery,2025-12-16
RV013296,O020868,C08724,5,Very satisfied,2025-11-30
RV013297,O023116,C05998,5,Highly recommended,2024-09-11
RV013298,O020138,C05391,5,Very satisfied,2025-10-11
RV013299,O032963,C09537,1,Damaged product,2025-07-31
RV013300,O038978,C07082,5,Fast delivery,2025-12-14
RV013301,O015531,C03952,4,Value for money,2025-03-14
RV013302,O030903,C03473,2,Packaging issue,2025-05-17
RV013303,O013673,C05684,2,Packaging issue,2026-04-15
RV013304,O000802,C08239,5,Highly recommended,2026-03-06
RV013305,O003510,C02500,5,Fresh products,2025-03-13
RV013306,O037153,C06089,5,Very satisfied,2025-12-15
RV013307,O020726,C06564,5,Excellent quality,2026-06-02
RV013308,O037665,C01130,5,Excellent quality,2024-10-24
RV013309,O010799,C05019,3,Could be better,2026-03-24
RV013310,O035009,C07160,4,Value for money,2024-10-13
RV013311,O026304,C06241,5,Excellent quality,2025-09-11
RV013312,O011000,C04866,4,Good service,2025-08-29
RV013313,O009028,C08615,5,Excellent quality,2026-03-10
RV013314,O016097,C05417,2,Late delivery,2025-05-09
RV013315,O038836,C04172,1,Wrong item received,2026-02-17
RV013316,O030372,C03172,4,Good service,2025-10-20
RV013317,O019315,C00970,5,Excellent quality,2025-08-08
RV013318,O038374,C07912,3,Average experience,2024-08-06
RV013319,O015686,C05231,5,Very satisfied,2025-04-25
RV013320,O034847,C02508,5,Very satisfied,2026-04-20
RV013321,O006129,C02977,5,Very satisfied,2024-08-10
RV013322,O001787,C08723,3,Delivery was okay,2025-12-06
RV013323,O024057,C03101,5,Very satisfied,2025-07-18
RV013324,O031073,C01967,5,Excellent quality,2025-04-19
RV013325,O020660,C07589,5,Excellent quality,2026-06-06
RV013326,O013180,C06329,4,Satisfied,2026-03-17
RV013327,O036644,C04186,5,Fast delivery,2025-11-09
RV013328,O035152,C05226,5,Highly recommended,2026-04-03
RV013329,O019354,C01206,3,Could be better,2026-06-05
RV013330,O039133,C05445,5,Fast delivery,2025-08-11
RV013331,O014742,C06546,5,Very satisfied,2025-01-10
RV013332,O016692,C05715,4,Value for money,2026-04-06
RV013333,O007208,C06767,2,Product quality below expectations,2026-02-05
RV013334,O000972,C03914,5,Very satisfied,2025-02-25
RV013335,O033692,C08789,5,Excellent quality,2025-08-04
RV013336,O007664,C03117,4,Value for money,2025-12-24
RV013337,O037292,C09324,3,Delivery was okay,2024-10-21
RV013338,O020682,C03834,3,Average experience,2024-09-06
RV013339,O035183,C09103,4,Good service,2024-11-18
RV013340,O017570,C04657,4,Nice packaging,2025-01-31
RV013341,O000488,C09040,5,Fast delivery,2024-08-22
RV013342,O030004,C04835,4,Value for money,2026-04-09
RV013343,O017403,C03550,4,Satisfied,2024-12-17
RV013344,O008073,C00426,5,Fast delivery,2025-02-10
RV013345,O025919,C00492,3,Average experience,2024-08-23
RV013346,O027990,C04239,4,Satisfied,2025-08-23
RV013347,O007620,C04707,5,Fast delivery,2025-03-28
RV013348,O023474,C02931,2,Late delivery,2024-09-14
RV013349,O038230,C05151,5,Highly recommended,2024-10-04
RV013350,O024695,C09694,4,Satisfied,2026-03-19
RV013351,O033369,C09520,4,Nice packaging,2025-10-03
RV013352,O019669,C00244,4,Satisfied,2025-02-25
RV013353,O009906,C05907,5,Fast delivery,2025-03-08
RV013354,O009003,C04784,4,Value for money,2025-02-03
RV013355,O028388,C05873,5,Fast delivery,2025-09-16
RV013356,O001674,C07697,4,Satisfied,2025-07-04
RV013357,O027677,C04302,4,Value for money,2024-10-04
RV013358,O012502,C02436,5,Fast delivery,2025-07-16
RV013359,O016627,C08622,5,Highly recommended,2025-12-16
RV013360,O019720,C01409,4,Nice packaging,2025-11-15
RV013361,O030131,C01034,4,Satisfied,2026-07-16
RV013362,O021447,C02882,1,Very disappointed,2025-07-12
RV013363,O037571,C05481,4,Nice packaging,2025-10-05
RV013364,O033387,C00113,5,Very satisfied,2025-09-24
RV013365,O030298,C03038,5,Fresh products,2025-09-09
RV013366,O007647,C03183,4,Value for money,2025-03-06
RV013367,O000292,C04622,5,Very satisfied,2024-10-17
RV013368,O025403,C06409,5,Excellent quality,2025-07-23
RV013369,O025905,C04789,5,Very satisfied,2026-05-12
RV013370,O005361,C00144,5,Highly recommended,2025-04-15
RV013371,O013141,C09303,4,Good service,2026-01-24
RV013372,O006069,C03552,5,Highly recommended,2024-09-05
RV013373,O032283,C01174,5,Very satisfied,2026-06-14
RV013374,O019171,C08898,3,Delivery was okay,2025-10-14
RV013375,O011737,C09282,5,Fresh products,2026-03-08
RV013376,O024890,C09380,5,Excellent quality,2025-05-07
RV013377,O005127,C08368,2,Product quality below expectations,2024-12-12
RV013378,O020717,C03157,2,Product quality below expectations,2024-11-30
RV013379,O006384,C06231,5,Highly recommended,2026-03-07
RV013380,O028944,C00509,5,Highly recommended,2025-09-09
RV013381,O007833,C03780,4,Value for money,2024-11-06
RV013382,O016341,C02101,4,Good service,2025-02-25
RV013383,O013494,C06010,5,Fast delivery,2025-06-13
RV013384,O023890,C09254,5,Excellent quality,2026-01-25
RV013385,O022269,C04084,5,Fast delivery,2025-05-27
RV013386,O023462,C00581,5,Very satisfied,2024-12-30
RV013387,O027856,C02263,3,Average experience,2026-05-06
RV013388,O023971,C00615,5,Excellent quality,2025-08-31
RV013389,O012967,C07444,4,Satisfied,2025-07-11
RV013390,O005004,C04601,5,Highly recommended,2025-12-31
RV013391,O006843,C08833,5,Fast delivery,2025-01-11
RV013392,O030202,C03628,3,Could be better,2026-04-29
RV013393,O016252,C02419,5,Very satisfied,2025-01-02
RV013394,O031192,C05617,5,Fresh products,2026-07-24
RV013395,O019035,C05830,3,Delivery was okay,2025-04-17
RV013396,O017915,C03201,2,Packaging issue,2025-03-12
RV013397,O026576,C01328,5,Very satisfied,2025-03-17
RV013398,O027037,C01346,4,Good service,2026-05-31
RV013399,O010212,C06470,2,Late delivery,2025-01-26
RV013400,O010718,C07276,3,Delivery was okay,2025-05-21
RV013401,O025541,C05585,4,Good service,2026-03-01
RV013402,O022827,C05777,3,Average experience,2026-05-31
RV013403,O032880,C01199,5,Very satisfied,2025-02-24
RV013404,O037876,C02650,4,Value for money,2025-11-24
RV013405,O023221,C00854,5,Highly recommended,2026-02-20
RV013406,O031890,C01504,5,Very satisfied,2024-09-09
RV013407,O017933,C06672,2,Late delivery,2024-09-05
RV013408,O009517,C03505,1,Wrong item received,2024-11-27
RV013409,O019739,C00842,4,Satisfied,2026-07-01
RV013410,O022389,C01994,2,Product quality below expectations,2026-04-24
RV013411,O026852,C02679,2,Late delivery,2026-02-09
RV013412,O012333,C02124,5,Very satisfied,2024-08-31
RV013413,O023575,C00276,5,Fresh products,2026-04-06
RV013414,O034187,C02956,5,Highly recommended,2026-01-16
RV013415,O004800,C03866,5,Excellent quality,2026-01-27
RV013416,O015100,C06755,5,Fast delivery,2025-02-17
RV013417,O011673,C04030,2,Product quality below expectations,2026-05-14
RV013418,O023835,C04244,5,Fresh products,2026-01-03
RV013419,O009242,C00932,4,Good service,2025-10-02
RV013420,O027874,C07411,3,Average experience,2025-07-10
RV013421,O001375,C01322,3,Delivery was okay,2025-12-29
RV013422,O012111,C03677,4,Nice packaging,2025-09-09
RV013423,O033859,C00538,5,Very satisfied,2025-08-11
RV013424,O029436,C09158,5,Very satisfied,2026-06-06
RV013425,O009026,C08308,4,Good service,2026-02-03
RV013426,O030963,C03697,3,Delivery was okay,2024-10-04
RV013427,O025927,C01887,5,Fast delivery,2024-09-19
RV013428,O002989,C05017,5,Fresh products,2024-08-11
RV013429,O006992,C08026,5,Fast delivery,2025-11-14
RV013430,O035594,C04061,2,Late delivery,2026-01-01
RV013431,O034955,C01324,4,Satisfied,2025-12-06
RV013432,O011691,C01102,2,Late delivery,2025-11-28
RV013433,O012049,C09502,5,Fresh products,2025-04-19
RV013434,O013540,C09137,5,Highly recommended,2026-05-12
RV013435,O030701,C09743,5,Fast delivery,2026-07-31
RV013436,O013394,C04362,5,Highly recommended,2024-12-07
RV013437,O029111,C09338,4,Value for money,2025-08-11
RV013438,O038218,C02419,3,Delivery was okay,2025-09-27
RV013439,O026109,C03381,5,Very satisfied,2024-11-06
RV013440,O015493,C02090,4,Satisfied,2026-01-16
RV013441,O023176,C07654,4,Good service,2025-11-16
RV013442,O015429,C08385,5,Fresh products,2024-09-24
RV013443,O032937,C02366,5,Very satisfied,2026-01-13
RV013444,O011814,C01119,5,Excellent quality,2024-08-15
RV013445,O004066,C02215,5,Very satisfied,2025-10-15
RV013446,O029519,C09817,5,Highly recommended,2024-08-25
RV013447,O010419,C05614,5,Fast delivery,2024-12-12
RV013448,O025154,C02591,2,Product quality below expectations,2025-12-21
RV013449,O035066,C09450,5,Highly recommended,2026-01-29
RV013450,O029109,C04097,5,Fast delivery,2025-02-05
RV013451,O017440,C01883,5,Highly recommended,2024-08-14
RV013452,O031739,C01805,5,Excellent quality,2025-07-03
RV013453,O022494,C00283,5,Fresh products,2025-06-26
RV013454,O015244,C07035,5,Very satisfied,2025-04-10
RV013455,O032475,C03859,2,Product quality below expectations,2026-01-26
RV013456,O004501,C08931,5,Highly recommended,2025-05-09
RV013457,O034656,C06338,4,Satisfied,2025-05-01
RV013458,O027279,C06452,5,Fresh products,2025-09-14
RV013459,O026249,C04422,4,Nice packaging,2025-03-28
RV013460,O000358,C06584,5,Excellent quality,2025-01-01
RV013461,O006199,C05688,5,Fresh products,2025-10-06
RV013462,O000872,C05211,4,Satisfied,2025-12-06
RV013463,O013078,C08689,4,Nice packaging,2025-07-02
RV013464,O011175,C00951,4,Nice packaging,2026-01-23
RV013465,O031532,C03111,5,Very satisfied,2025-06-28
RV013466,O032711,C08666,2,Product quality below expectations,2025-02-21
RV013467,O039126,C07124,5,Fast delivery,2026-07-07
RV013468,O007959,C04671,5,Fast delivery,2026-01-14
RV013469,O001386,C05671,5,Fast delivery,2026-02-09
RV013470,O013907,C00444,5,Fast delivery,2026-01-14
RV013471,O034072,C09522,3,Could be better,2025-09-30
RV013472,O002011,C03257,4,Good service,2025-09-28
RV013473,O006877,C06436,1,Wrong item received,2024-12-16
RV013474,O033242,C07983,4,Nice packaging,2024-11-15
RV013475,O030634,C03596,5,Excellent quality,2025-03-13
RV013476,O033391,C09378,5,Fresh products,2026-04-16
RV013477,O002230,C01536,5,Fast delivery,2024-12-10
RV013478,O034803,C00245,5,Fast delivery,2025-03-23
RV013479,O020394,C09459,3,Delivery was okay,2026-02-12
RV013480,O028710,C04303,4,Value for money,2025-06-02
RV013481,O036591,C09704,5,Highly recommended,2025-04-28
RV013482,O012849,C06493,3,Delivery was okay,2025-10-18
RV013483,O003612,C08712,3,Delivery was okay,2025-07-26
RV013484,O037794,C06737,5,Excellent quality,2025-04-18
RV013485,O021738,C08336,1,Damaged product,2025-03-05
RV013486,O003772,C03004,3,Average experience,2024-08-26
RV013487,O023082,C08392,4,Nice packaging,2026-07-22
RV013488,O001457,C00101,4,Satisfied,2025-01-01
RV013489,O013913,C00606,4,Value for money,2025-09-03
RV013490,O008772,C08037,5,Highly recommended,2025-12-20
RV013491,O021436,C06412,5,Fresh products,2026-02-21
RV013492,O010892,C00898,2,Product quality below expectations,2025-05-06
RV013493,O001402,C00096,1,Damaged product,2025-12-01
RV013494,O011146,C01003,3,Average experience,2025-01-03
RV013495,O000516,C02180,5,Fast delivery,2026-01-26
RV013496,O016687,C06224,5,Very satisfied,2025-03-06
RV013497,O007166,C05700,5,Excellent quality,2024-11-04
RV013498,O012142,C06446,5,Excellent quality,2025-11-01
RV013499,O006552,C04496,5,Excellent quality,2025-07-07
RV013500,O008094,C04122,5,Excellent quality,2025-02-25
RV013501,O014741,C09459,5,Highly recommended,2025-06-19
RV013502,O029536,C06918,5,Very satisfied,2025-03-31
RV013503,O028028,C05182,4,Good service,2024-11-30
RV013504,O025768,C01686,5,Excellent quality,2026-01-13
RV013505,O037589,C03552,4,Value for money,2025-05-31
RV013506,O033498,C01735,2,Product quality below expectations,2025-07-11
RV013507,O000089,C04165,3,Delivery was okay,2025-06-19
RV013508,O022997,C06189,4,Satisfied,2026-01-31
RV013509,O038717,C01254,3,Delivery was okay,2025-07-11
RV013510,O038587,C07850,5,Fresh products,2026-04-21
RV013511,O035534,C01046,5,Fast delivery,2026-05-31
RV013512,O001242,C02770,5,Excellent quality,2025-07-22
RV013513,O031582,C03903,5,Highly recommended,2025-04-24
RV013514,O032347,C09418,2,Packaging issue,2024-11-23
RV013515,O008595,C07709,4,Nice packaging,2025-11-03
RV013516,O019688,C02878,5,Highly recommended,2024-10-11
RV013517,O000787,C07099,5,Highly recommended,2024-09-27
RV013518,O025123,C08774,1,Damaged product,2026-06-28
RV013519,O005013,C06275,4,Good service,2026-06-01
RV013520,O026902,C08527,5,Fast delivery,2024-12-25
RV013521,O033851,C03731,2,Packaging issue,2025-08-07
RV013522,O025064,C09586,1,Very disappointed,2024-09-16
RV013523,O013644,C08990,5,Excellent quality,2025-08-06
RV013524,O025534,C01489,4,Value for money,2026-03-20
RV013525,O034865,C09452,5,Fast delivery,2025-11-26
RV013526,O028258,C05558,4,Good service,2025-10-20
RV013527,O001276,C08138,5,Very satisfied,2026-02-18
RV013528,O002319,C02270,5,Fast delivery,2025-11-22
RV013529,O037889,C01007,4,Satisfied,2025-08-23
RV013530,O019889,C02880,5,Highly recommended,2026-03-11
RV013531,O024511,C08323,4,Satisfied,2024-09-09
RV013532,O015730,C04552,3,Delivery was okay,2026-04-16
RV013533,O027992,C09953,4,Satisfied,2025-07-25
RV013534,O002645,C08428,5,Very satisfied,2026-06-05
RV013535,O031568,C07700,4,Value for money,2026-06-23
RV013536,O014389,C00998,4,Good service,2025-05-19
RV013537,O013693,C05207,5,Highly recommended,2025-10-25
RV013538,O024667,C02628,2,Late delivery,2025-08-29
RV013539,O019723,C04084,5,Highly recommended,2025-03-27
RV013540,O007980,C07979,4,Nice packaging,2026-05-21
RV013541,O033336,C09499,5,Fast delivery,2025-06-08
RV013542,O013962,C07281,4,Satisfied,2026-03-20
RV013543,O032022,C05386,5,Fresh products,2026-01-28
RV013544,O039142,C03495,5,Excellent quality,2025-09-04
RV013545,O012751,C06708,2,Late delivery,2025-04-24
RV013546,O014428,C01412,5,Very satisfied,2024-12-06
RV013547,O013982,C03802,5,Fresh products,2024-12-20
RV013548,O018179,C07729,4,Satisfied,2026-06-13
RV013549,O038352,C03017,5,Excellent quality,2025-01-19
RV013550,O001141,C05005,4,Satisfied,2024-09-30
RV013551,O026693,C08207,5,Highly recommended,2025-02-05
RV013552,O033926,C01404,3,Average experience,2025-01-20
RV013553,O028320,C01129,4,Satisfied,2025-12-27
RV013554,O025247,C04727,5,Very satisfied,2025-05-23
RV013555,O036973,C00726,4,Nice packaging,2026-05-15
RV013556,O030023,C00559,4,Good service,2025-04-23
RV013557,O007901,C04411,3,Delivery was okay,2025-01-27
RV013558,O005514,C06517,5,Very satisfied,2024-09-05
RV013559,O009575,C04638,5,Fresh products,2026-02-13
RV013560,O031144,C00335,5,Highly recommended,2026-03-20
RV013561,O019169,C07129,4,Nice packaging,2025-05-24
RV013562,O008227,C05961,4,Good service,2026-06-17
RV013563,O036687,C05001,4,Nice packaging,2025-01-09
RV013564,O023238,C04235,1,Damaged product,2025-06-07
RV013565,O013955,C06636,5,Very satisfied,2026-03-16
RV013566,O032224,C07831,1,Damaged product,2025-11-20
RV013567,O007153,C01072,5,Fresh products,2026-03-07
RV013568,O014785,C04892,5,Highly recommended,2026-02-01
RV013569,O020179,C08080,4,Satisfied,2024-10-20
RV013570,O004076,C02931,5,Highly recommended,2025-07-13
RV013571,O038353,C00743,5,Fresh products,2026-07-17
RV013572,O028734,C01008,5,Excellent quality,2025-10-21
RV013573,O014776,C01321,5,Excellent quality,2026-04-27
RV013574,O008665,C07042,5,Fast delivery,2024-08-29
RV013575,O009731,C01618,5,Fast delivery,2026-04-27
RV013576,O004463,C07001,1,Damaged product,2024-08-04
RV013577,O015034,C06439,5,Fresh products,2026-02-12
RV013578,O020178,C07098,2,Packaging issue,2026-07-01
RV013579,O026135,C05177,3,Average experience,2025-03-05
RV013580,O013294,C09283,5,Fresh products,2025-02-15
RV013581,O006574,C04392,3,Average experience,2024-11-06
RV013582,O005307,C03120,5,Fresh products,2025-09-01
RV013583,O013908,C03872,4,Good service,2024-11-18
RV013584,O028894,C03082,3,Could be better,2024-09-09
RV013585,O027236,C09288,2,Late delivery,2025-06-21
RV013586,O035118,C06457,4,Satisfied,2024-10-17
RV013587,O011185,C02443,5,Highly recommended,2025-09-30
RV013588,O011824,C03549,4,Nice packaging,2024-10-09
RV013589,O036869,C07396,5,Highly recommended,2026-05-10
RV013590,O034855,C02178,4,Good service,2025-05-11
RV013591,O030252,C06822,4,Value for money,2025-02-20
RV013592,O000975,C02098,5,Fresh products,2025-10-21
RV013593,O036256,C07955,4,Value for money,2025-08-18
RV013594,O038807,C08622,5,Fast delivery,2024-08-24
RV013595,O035847,C01900,2,Packaging issue,2025-10-24
RV013596,O034069,C03679,4,Nice packaging,2024-10-03
RV013597,O028026,C06561,5,Fast delivery,2025-07-02
RV013598,O006213,C02997,4,Satisfied,2025-05-28
RV013599,O007546,C08256,3,Could be better,2024-08-24
RV013600,O021683,C05562,4,Value for money,2024-10-26
RV013601,O023384,C03470,5,Excellent quality,2025-05-02
RV013602,O015414,C05393,4,Nice packaging,2026-01-10
RV013603,O008872,C08470,5,Fresh products,2026-06-14
RV013604,O035917,C04250,5,Fast delivery,2024-11-22
RV013605,O005115,C00046,5,Fast delivery,2025-08-17
RV013606,O018498,C00407,5,Very satisfied,2025-12-08
RV013607,O005604,C04265,5,Highly recommended,2025-10-18
RV013608,O022384,C08003,4,Nice packaging,2026-03-02
RV013609,O004055,C09101,4,Nice packaging,2025-03-09
RV013610,O008100,C05703,5,Excellent quality,2025-01-01
RV013611,O015368,C06853,5,Highly recommended,2026-05-17
